id,comment,child_age,area,caregiver_type,channel
1,一時預かりを使いたい日ほど予約が埋まっていて、前月から予定を決められない家庭には使いにくいです。空き状況をまとめて見られる仕組みがあると助かります。,1歳,駅周辺,母親,オンラインアンケート
2,子育て支援センターの雰囲気は良いのですが、初めて行く時に何を持って行けばいいか、予約が必要かが分かりにくく、行くまでに少し勇気が要りました。,0歳,住宅地,母親,窓口
3,近所に頼れる親族がいないため、短時間でも見てもらえる場所があると安心です。特に通院や上の子の用事で、2時間だけ預けたい場面がよくあります。,2歳,郊外,父母,オンラインアンケート
4,広報紙、LINE、ホームページで情報が分かれていて、結局どこを見れば最新なのか迷います。年齢別に必要な制度やイベントがまとまっていると探しやすいです。,1歳,駅周辺,母親,LINE
5,産後しばらく外に出にくく、誰かに相談するほどではない悩みを抱えたまま過ごしていました。電話以外にチャットで軽く聞ける窓口があると利用しやすいです。,0歳,集合住宅エリア,母親,オンラインアンケート
6,保育園に入る前の過ごし方について、園庭開放や親子教室の情報を探しましたが、開催日が施設ごとに違って見落としやすいです。月間カレンダーが欲しいです。,2歳,住宅地,父親,窓口
7,急な発熱後、登園できない期間に仕事ではなく家事や休息のためにも預け先が必要だと感じます。病児保育の条件や空きがもっと分かりやすいと安心です。,3歳,商店街周辺,母親,オンラインアンケート
8,子どもが人見知りで支援センターに行ってもすぐ帰ることがあり、相談員さんと話す時間までたどり着けません。予約制の個別相談が少し増えると助かります。,1歳,郊外,母親,対面ヒアリング
9,土日に参加できる親子イベントが少なく、平日は家族の予定と合いません。父親も行きやすい時間帯の講座や遊び場があると、家庭内で育児を共有しやすいです。,2歳,駅周辺,父親,オンラインアンケート
10,離乳食や発達の相談先はあると聞きますが、困った時にすぐ名前が出てきません。母子手帳アプリなどから年齢に合わせて案内が届くと心強いです。,0歳,住宅地,母親,アプリ
11,雨の日や暑い日に行ける屋内の遊び場が限られていて、家にこもる日が続くと親子ともに煮詰まります。予約不要で短時間利用できる場所が増えてほしいです。,3歳,郊外,祖母同居,オンラインアンケート
12,相談会の案内は見かけますが、悩みが深刻でないと行ってはいけない気がしてしまいます。雑談から入れる場や、同じ月齢の親同士がつながる機会があると嬉しいです。,1歳,集合住宅エリア,母親,対面ヒアリング
13,保育園のお迎え時間が勤務終了と合わず、延長保育を使っても毎日ぎりぎりです。駅近くに短時間だけ預けられる夕方の受け皿があると続けやすいです。,4歳,駅周辺,共働き,オンラインアンケート
14,ひとり親向けの制度が複数ありますが、手当、就労支援、相談窓口が別々に載っていて全体像をつかみにくいです。状況を入力すると候補が出るページが欲しいです。,5歳,住宅地,ひとり親,窓口
15,シフト勤務なので、平日昼間の説明会や相談時間には行けません。夜間や土曜にオンラインで相談できれば、仕事を休まず必要な情報を確認できます。,3歳,商店街周辺,共働き,オンラインアンケート
16,子どもの体調不良で急に休むたび、職場にも家庭にも負担を感じます。病児保育の予約方法が複雑なので、当日の流れや持ち物を一枚で確認できると助かります。,2歳,郊外,共働き,LINE
17,ファミリーサポートはありがたい制度ですが、登録説明会に参加する時間を作るのが難しいです。オンライン登録や面談枠の拡大があれば利用し始めやすいです。,6歳,駅周辺,ひとり親,オンラインアンケート
18,仕事と育児で日々を回すだけで精一杯で、困りごとを相談する余裕がありません。保育園や学校を通じて、必要な支援につながる声かけがあると孤立しにくいです。,5歳,住宅地,共働き,対面ヒアリング
19,朝の登園前に急な会議が入ることがあり、早朝の預かりが少ないのが悩みです。7時前後から使える選択肢があるだけで、仕事の調整がかなり楽になります。,4歳,駅周辺,共働き,オンラインアンケート
20,支援情報を探す時間が取れず、知っている人だけが制度を使えている印象があります。保育料通知や児童手当の案内と一緒に、関連支援も知らせてほしいです。,3歳,集合住宅エリア,ひとり親,郵送アンケート
21,残業が読めないため、学童や保育の締切時間に間に合うか毎日不安です。急な延長を相談できる仕組みや、近隣施設との連携があると安心して働けます。,7歳,郊外,共働き,オンラインアンケート
22,子どもの発達について気になることがあっても、平日の専門相談は予約が先になりがちです。保護者が休みの日に相談できる枠が少しでもあると助かります。,5歳,住宅地,共働き,窓口
23,ひとりで子どもを育てていると、行政の窓口に行くこと自体が大きな負担です。相談、申請、必要書類の確認を一度に進められる伴走型の窓口があると安心です。,4歳,商店街周辺,ひとり親,対面ヒアリング
24,休日出勤の日に預け先を探すのが一番大変です。通常保育とは別に、土日だけでも利用できる一時預かりや地域の見守りサービスが増えると助かります。,6歳,郊外,共働き,オンラインアンケート
25,小学校に入ると支援情報が急に少なく感じます。未就学児向けの案内は多いのに、放課後の居場所や学習支援、相談先を探すのに時間がかかりました。,7歳,住宅地,母親,オンラインアンケート
26,転入してきたばかりで、学童の申込時期や地域の子ども会の情報を後から知りました。転入手続きの時に、子育て関連の一覧を渡してもらえると助かります。,8歳,駅周辺,父母,窓口
27,放課後に安全に過ごせる場所が限られていて、学童に入れない日は不安です。高学年でも利用しやすい居場所や、宿題を見守ってくれる場があるとありがたいです。,10歳,郊外,共働き,オンラインアンケート
28,学校からのプリント、自治体サイト、地域のSNSで情報が散らばり、重要な締切を見落としそうになります。小学生向けの支援も一つのカレンダーで見たいです。,9歳,住宅地,母親,LINE
29,思春期に近づくと、親の悩みも幼児期とは違ってきます。学校には相談しづらい内容を、地域の専門職に匿名で聞ける窓口があると利用しやすいです。,12歳,商店街周辺,母親,オンラインアンケート
30,引っ越してきて近所に知り合いがいないため、子ども同士の遊び場や保護者のつながりを作るきっかけが欲しいです。地域別の交流会があると参加しやすいです。,6歳,集合住宅エリア,父母,対面ヒアリング
31,長期休みの預け先が毎年悩みです。学童だけでは時間や内容が合わない日もあるので、午前だけの体験教室や昼食付きの居場所が増えると助かります。,8歳,郊外,共働き,オンラインアンケート
32,学校に行き渋る日があり、家庭だけで抱えるには負担が大きいです。相談先はありますが、どこに連絡すべきか迷うので、最初の入口を分かりやすくしてほしいです。,11歳,住宅地,母親,窓口
33,転入後、医療機関や習い事、放課後の過ごし方など生活情報を一から探す必要がありました。行政の子育てページに地域マップがあると安心して動けます。,7歳,駅周辺,父親,オンラインアンケート
34,高学年になると学童を嫌がる一方、家で一人にするのも心配です。自由に過ごせて大人の目もある放課後スペースがあれば、親子の衝突も減ると思います。,10歳,商店街周辺,共働き,オンラインアンケート
35,子どもの友人関係の悩みは、学校に伝えるほどか判断が難しく、相談が遅れがちです。保護者が気軽に話せる定期的な相談日やオンライン窓口があると助かります。,9歳,住宅地,母親,対面ヒアリング
36,地域のイベントは魅力的ですが、対象年齢や申込方法が分かりづらく、転入家庭には参加のハードルがあります。学校経由だけでなく、自治体LINEでも知らせてほしいです。,8歳,集合住宅エリア,父母,LINE
37,一時預かりを使いたい日ほど予約が埋まっていて、前月から予定を決められない家庭には使いにくいです。空き状況をまとめて見られる仕組みがあると助かります。 駅周辺の母親からは、別の地区の回答でも、急な予定変更に対応できるかが重要なため、変更後の問い合わせ先と代替手段を分かりやすく示してほしいです。 補足として、朝の利用だけでなく帰宅時の困りごとも確認したいです。,1歳,駅周辺,母親,オンラインアンケート
38,子育て支援センターの雰囲気は良いのですが、初めて行く時に何を持って行けばいいか、予約が必要かが分かりにくく、行くまでに少し勇気が要りました。 住宅地の母親からは、説明会後の意見としても、家族に頼れない場合の選択肢が必要なため、関係する部署や地域団体と連携して改善してほしいです。 補足として、朝の利用だけでなく帰宅時の困りごとも確認したいです。,0歳,住宅地,母親,窓口
39,近所に頼れる親族がいないため、短時間でも見てもらえる場所があると安心です。特に通院や上の子の用事で、2時間だけ預けたい場面がよくあります。 郊外の父母からは、家族や支援者の視点でも、窓口、紙、Webのどれでも確認できることが大切なため、具体的な運用条件まで示してほしいです。 補足として、朝の利用だけでなく帰宅時の困りごとも確認したいです。,2歳,郊外,父母,オンラインアンケート
40,広報紙、LINE、ホームページで情報が分かれていて、結局どこを見れば最新なのか迷います。年齢別に必要な制度やイベントがまとまっていると探しやすいです。 駅周辺の母親からは、日常的に利用する人からも、実際の生活動線に合う運用でないと使い続けにくいため、地域別の影響を確認してから判断してほしいです。 補足として、朝の利用だけでなく帰宅時の困りごとも確認したいです。,1歳,駅周辺,母親,LINE
41,産後しばらく外に出にくく、誰かに相談するほどではない悩みを抱えたまま過ごしていました。電話以外にチャットで軽く聞ける窓口があると利用しやすいです。 集合住宅エリアの母親からは、初めて制度を調べた人からも、利用する時間帯や曜日で困り方が変わるため、試行期間を設けて利用者の声を再確認してほしいです。 補足として、朝の利用だけでなく帰宅時の困りごとも確認したいです。,0歳,集合住宅エリア,母親,オンラインアンケート
42,保育園に入る前の過ごし方について、園庭開放や親子教室の情報を探しましたが、開催日が施設ごとに違って見落としやすいです。月間カレンダーが欲しいです。 住宅地の父親からは、平日昼間に動きづらい人からも、情報の届き方に個人差があるため、対象者に届く案内方法も合わせて検討してほしいです。 補足として、朝の利用だけでなく帰宅時の困りごとも確認したいです。,2歳,住宅地,父親,窓口
43,急な発熱後、登園できない期間に仕事ではなく家事や休息のためにも預け先が必要だと感じます。病児保育の条件や空きがもっと分かりやすいと安心です。 商店街周辺の母親からは、地域活動に関わる人からも、費用負担と手続きの分かりやすさが利用を左右するため、必要な人が使えなくならないよう段階的に見直してほしいです。 補足として、朝の利用だけでなく帰宅時の困りごとも確認したいです。,3歳,商店街周辺,母親,オンラインアンケート
44,子どもが人見知りで支援センターに行ってもすぐ帰ることがあり、相談員さんと話す時間までたどり着けません。予約制の個別相談が少し増えると助かります。 郊外の母親からは、同じ立場の利用者からも、地区ごとの距離や交通手段の違いが大きいため、利用実績だけでなく困っている人の声も判断材料にしてほしいです。 補足として、朝の利用だけでなく帰宅時の困りごとも確認したいです。,1歳,郊外,母親,対面ヒアリング
45,土日に参加できる親子イベントが少なく、平日は家族の予定と合いません。父親も行きやすい時間帯の講座や遊び場があると、家庭内で育児を共有しやすいです。 駅周辺の父親からは、別の地区の回答でも、急な予定変更に対応できるかが重要なため、変更後の問い合わせ先と代替手段を分かりやすく示してほしいです。 補足として、朝の利用だけでなく帰宅時の困りごとも確認したいです。,2歳,駅周辺,父親,オンラインアンケート
46,離乳食や発達の相談先はあると聞きますが、困った時にすぐ名前が出てきません。母子手帳アプリなどから年齢に合わせて案内が届くと心強いです。 住宅地の母親からは、説明会後の意見としても、家族に頼れない場合の選択肢が必要なため、関係する部署や地域団体と連携して改善してほしいです。 補足として、朝の利用だけでなく帰宅時の困りごとも確認したいです。,0歳,住宅地,母親,アプリ
47,雨の日や暑い日に行ける屋内の遊び場が限られていて、家にこもる日が続くと親子ともに煮詰まります。予約不要で短時間利用できる場所が増えてほしいです。 郊外の祖母同居からは、家族や支援者の視点でも、窓口、紙、Webのどれでも確認できることが大切なため、具体的な運用条件まで示してほしいです。 補足として、朝の利用だけでなく帰宅時の困りごとも確認したいです。,3歳,郊外,祖母同居,オンラインアンケート
48,相談会の案内は見かけますが、悩みが深刻でないと行ってはいけない気がしてしまいます。雑談から入れる場や、同じ月齢の親同士がつながる機会があると嬉しいです。 集合住宅エリアの母親からは、日常的に利用する人からも、実際の生活動線に合う運用でないと使い続けにくいため、地域別の影響を確認してから判断してほしいです。 補足として、朝の利用だけでなく帰宅時の困りごとも確認したいです。,1歳,集合住宅エリア,母親,対面ヒアリング
49,保育園のお迎え時間が勤務終了と合わず、延長保育を使っても毎日ぎりぎりです。駅近くに短時間だけ預けられる夕方の受け皿があると続けやすいです。 駅周辺の共働きからは、初めて制度を調べた人からも、利用する時間帯や曜日で困り方が変わるため、試行期間を設けて利用者の声を再確認してほしいです。 補足として、朝の利用だけでなく帰宅時の困りごとも確認したいです。,4歳,駅周辺,共働き,オンラインアンケート
50,ひとり親向けの制度が複数ありますが、手当、就労支援、相談窓口が別々に載っていて全体像をつかみにくいです。状況を入力すると候補が出るページが欲しいです。 住宅地のひとり親からは、平日昼間に動きづらい人からも、情報の届き方に個人差があるため、対象者に届く案内方法も合わせて検討してほしいです。 補足として、朝の利用だけでなく帰宅時の困りごとも確認したいです。,5歳,住宅地,ひとり親,窓口
51,シフト勤務なので、平日昼間の説明会や相談時間には行けません。夜間や土曜にオンラインで相談できれば、仕事を休まず必要な情報を確認できます。 商店街周辺の共働きからは、地域活動に関わる人からも、費用負担と手続きの分かりやすさが利用を左右するため、必要な人が使えなくならないよう段階的に見直してほしいです。 補足として、朝の利用だけでなく帰宅時の困りごとも確認したいです。,3歳,商店街周辺,共働き,オンラインアンケート
52,子どもの体調不良で急に休むたび、職場にも家庭にも負担を感じます。病児保育の予約方法が複雑なので、当日の流れや持ち物を一枚で確認できると助かります。 郊外の共働きからは、同じ立場の利用者からも、地区ごとの距離や交通手段の違いが大きいため、利用実績だけでなく困っている人の声も判断材料にしてほしいです。 補足として、朝の利用だけでなく帰宅時の困りごとも確認したいです。,2歳,郊外,共働き,LINE
53,ファミリーサポートはありがたい制度ですが、登録説明会に参加する時間を作るのが難しいです。オンライン登録や面談枠の拡大があれば利用し始めやすいです。 駅周辺のひとり親からは、別の地区の回答でも、急な予定変更に対応できるかが重要なため、変更後の問い合わせ先と代替手段を分かりやすく示してほしいです。 補足として、朝の利用だけでなく帰宅時の困りごとも確認したいです。,6歳,駅周辺,ひとり親,オンラインアンケート
54,仕事と育児で日々を回すだけで精一杯で、困りごとを相談する余裕がありません。保育園や学校を通じて、必要な支援につながる声かけがあると孤立しにくいです。 住宅地の共働きからは、説明会後の意見としても、家族に頼れない場合の選択肢が必要なため、関係する部署や地域団体と連携して改善してほしいです。 補足として、朝の利用だけでなく帰宅時の困りごとも確認したいです。,5歳,住宅地,共働き,対面ヒアリング
55,朝の登園前に急な会議が入ることがあり、早朝の預かりが少ないのが悩みです。7時前後から使える選択肢があるだけで、仕事の調整がかなり楽になります。 駅周辺の共働きからは、家族や支援者の視点でも、窓口、紙、Webのどれでも確認できることが大切なため、具体的な運用条件まで示してほしいです。 補足として、朝の利用だけでなく帰宅時の困りごとも確認したいです。,4歳,駅周辺,共働き,オンラインアンケート
56,支援情報を探す時間が取れず、知っている人だけが制度を使えている印象があります。保育料通知や児童手当の案内と一緒に、関連支援も知らせてほしいです。 集合住宅エリアのひとり親からは、日常的に利用する人からも、実際の生活動線に合う運用でないと使い続けにくいため、地域別の影響を確認してから判断してほしいです。 補足として、朝の利用だけでなく帰宅時の困りごとも確認したいです。,3歳,集合住宅エリア,ひとり親,郵送アンケート
57,残業が読めないため、学童や保育の締切時間に間に合うか毎日不安です。急な延長を相談できる仕組みや、近隣施設との連携があると安心して働けます。 郊外の共働きからは、初めて制度を調べた人からも、利用する時間帯や曜日で困り方が変わるため、試行期間を設けて利用者の声を再確認してほしいです。 補足として、朝の利用だけでなく帰宅時の困りごとも確認したいです。,7歳,郊外,共働き,オンラインアンケート
58,子どもの発達について気になることがあっても、平日の専門相談は予約が先になりがちです。保護者が休みの日に相談できる枠が少しでもあると助かります。 住宅地の共働きからは、平日昼間に動きづらい人からも、情報の届き方に個人差があるため、対象者に届く案内方法も合わせて検討してほしいです。 補足として、朝の利用だけでなく帰宅時の困りごとも確認したいです。,5歳,住宅地,共働き,窓口
59,ひとりで子どもを育てていると、行政の窓口に行くこと自体が大きな負担です。相談、申請、必要書類の確認を一度に進められる伴走型の窓口があると安心です。 商店街周辺のひとり親からは、地域活動に関わる人からも、費用負担と手続きの分かりやすさが利用を左右するため、必要な人が使えなくならないよう段階的に見直してほしいです。 補足として、朝の利用だけでなく帰宅時の困りごとも確認したいです。,4歳,商店街周辺,ひとり親,対面ヒアリング
60,休日出勤の日に預け先を探すのが一番大変です。通常保育とは別に、土日だけでも利用できる一時預かりや地域の見守りサービスが増えると助かります。 郊外の共働きからは、同じ立場の利用者からも、地区ごとの距離や交通手段の違いが大きいため、利用実績だけでなく困っている人の声も判断材料にしてほしいです。 補足として、朝の利用だけでなく帰宅時の困りごとも確認したいです。,6歳,郊外,共働き,オンラインアンケート
61,小学校に入ると支援情報が急に少なく感じます。未就学児向けの案内は多いのに、放課後の居場所や学習支援、相談先を探すのに時間がかかりました。 住宅地の母親からは、別の地区の回答でも、急な予定変更に対応できるかが重要なため、変更後の問い合わせ先と代替手段を分かりやすく示してほしいです。 補足として、朝の利用だけでなく帰宅時の困りごとも確認したいです。,7歳,住宅地,母親,オンラインアンケート
62,転入してきたばかりで、学童の申込時期や地域の子ども会の情報を後から知りました。転入手続きの時に、子育て関連の一覧を渡してもらえると助かります。 駅周辺の父母からは、説明会後の意見としても、家族に頼れない場合の選択肢が必要なため、関係する部署や地域団体と連携して改善してほしいです。 補足として、朝の利用だけでなく帰宅時の困りごとも確認したいです。,8歳,駅周辺,父母,窓口
63,放課後に安全に過ごせる場所が限られていて、学童に入れない日は不安です。高学年でも利用しやすい居場所や、宿題を見守ってくれる場があるとありがたいです。 郊外の共働きからは、家族や支援者の視点でも、窓口、紙、Webのどれでも確認できることが大切なため、具体的な運用条件まで示してほしいです。 補足として、朝の利用だけでなく帰宅時の困りごとも確認したいです。,10歳,郊外,共働き,オンラインアンケート
64,学校からのプリント、自治体サイト、地域のSNSで情報が散らばり、重要な締切を見落としそうになります。小学生向けの支援も一つのカレンダーで見たいです。 住宅地の母親からは、日常的に利用する人からも、実際の生活動線に合う運用でないと使い続けにくいため、地域別の影響を確認してから判断してほしいです。 補足として、朝の利用だけでなく帰宅時の困りごとも確認したいです。,9歳,住宅地,母親,LINE
65,思春期に近づくと、親の悩みも幼児期とは違ってきます。学校には相談しづらい内容を、地域の専門職に匿名で聞ける窓口があると利用しやすいです。 商店街周辺の母親からは、初めて制度を調べた人からも、利用する時間帯や曜日で困り方が変わるため、試行期間を設けて利用者の声を再確認してほしいです。 補足として、朝の利用だけでなく帰宅時の困りごとも確認したいです。,12歳,商店街周辺,母親,オンラインアンケート
66,引っ越してきて近所に知り合いがいないため、子ども同士の遊び場や保護者のつながりを作るきっかけが欲しいです。地域別の交流会があると参加しやすいです。 集合住宅エリアの父母からは、平日昼間に動きづらい人からも、情報の届き方に個人差があるため、対象者に届く案内方法も合わせて検討してほしいです。 補足として、朝の利用だけでなく帰宅時の困りごとも確認したいです。,6歳,集合住宅エリア,父母,対面ヒアリング
67,長期休みの預け先が毎年悩みです。学童だけでは時間や内容が合わない日もあるので、午前だけの体験教室や昼食付きの居場所が増えると助かります。 郊外の共働きからは、地域活動に関わる人からも、費用負担と手続きの分かりやすさが利用を左右するため、必要な人が使えなくならないよう段階的に見直してほしいです。 補足として、朝の利用だけでなく帰宅時の困りごとも確認したいです。,8歳,郊外,共働き,オンラインアンケート
68,学校に行き渋る日があり、家庭だけで抱えるには負担が大きいです。相談先はありますが、どこに連絡すべきか迷うので、最初の入口を分かりやすくしてほしいです。 住宅地の母親からは、同じ立場の利用者からも、地区ごとの距離や交通手段の違いが大きいため、利用実績だけでなく困っている人の声も判断材料にしてほしいです。 補足として、朝の利用だけでなく帰宅時の困りごとも確認したいです。,11歳,住宅地,母親,窓口
69,転入後、医療機関や習い事、放課後の過ごし方など生活情報を一から探す必要がありました。行政の子育てページに地域マップがあると安心して動けます。 駅周辺の父親からは、別の地区の回答でも、急な予定変更に対応できるかが重要なため、変更後の問い合わせ先と代替手段を分かりやすく示してほしいです。 補足として、朝の利用だけでなく帰宅時の困りごとも確認したいです。,7歳,駅周辺,父親,オンラインアンケート
70,高学年になると学童を嫌がる一方、家で一人にするのも心配です。自由に過ごせて大人の目もある放課後スペースがあれば、親子の衝突も減ると思います。 商店街周辺の共働きからは、説明会後の意見としても、家族に頼れない場合の選択肢が必要なため、関係する部署や地域団体と連携して改善してほしいです。 補足として、朝の利用だけでなく帰宅時の困りごとも確認したいです。,10歳,商店街周辺,共働き,オンラインアンケート
71,子どもの友人関係の悩みは、学校に伝えるほどか判断が難しく、相談が遅れがちです。保護者が気軽に話せる定期的な相談日やオンライン窓口があると助かります。 住宅地の母親からは、家族や支援者の視点でも、窓口、紙、Webのどれでも確認できることが大切なため、具体的な運用条件まで示してほしいです。 補足として、朝の利用だけでなく帰宅時の困りごとも確認したいです。,9歳,住宅地,母親,対面ヒアリング
72,地域のイベントは魅力的ですが、対象年齢や申込方法が分かりづらく、転入家庭には参加のハードルがあります。学校経由だけでなく、自治体LINEでも知らせてほしいです。 集合住宅エリアの父母からは、日常的に利用する人からも、実際の生活動線に合う運用でないと使い続けにくいため、地域別の影響を確認してから判断してほしいです。 補足として、朝の利用だけでなく帰宅時の困りごとも確認したいです。,8歳,集合住宅エリア,父母,LINE
73,一時預かりを使いたい日ほど予約が埋まっていて、前月から予定を決められない家庭には使いにくいです。空き状況をまとめて見られる仕組みがあると助かります。 駅周辺の母親からは、説明会後の意見としても、家族に頼れない場合の選択肢が必要なため、関係する部署や地域団体と連携して改善してほしいです。 補足として、休日や長期休暇の利用場面も想定してほしいです。,1歳,駅周辺,母親,オンラインアンケート
74,子育て支援センターの雰囲気は良いのですが、初めて行く時に何を持って行けばいいか、予約が必要かが分かりにくく、行くまでに少し勇気が要りました。 住宅地の母親からは、家族や支援者の視点でも、窓口、紙、Webのどれでも確認できることが大切なため、具体的な運用条件まで示してほしいです。 補足として、休日や長期休暇の利用場面も想定してほしいです。,0歳,住宅地,母親,窓口
75,近所に頼れる親族がいないため、短時間でも見てもらえる場所があると安心です。特に通院や上の子の用事で、2時間だけ預けたい場面がよくあります。 郊外の父母からは、日常的に利用する人からも、実際の生活動線に合う運用でないと使い続けにくいため、地域別の影響を確認してから判断してほしいです。 補足として、休日や長期休暇の利用場面も想定してほしいです。,2歳,郊外,父母,オンラインアンケート
76,広報紙、LINE、ホームページで情報が分かれていて、結局どこを見れば最新なのか迷います。年齢別に必要な制度やイベントがまとまっていると探しやすいです。 駅周辺の母親からは、初めて制度を調べた人からも、利用する時間帯や曜日で困り方が変わるため、試行期間を設けて利用者の声を再確認してほしいです。 補足として、休日や長期休暇の利用場面も想定してほしいです。,1歳,駅周辺,母親,LINE
77,産後しばらく外に出にくく、誰かに相談するほどではない悩みを抱えたまま過ごしていました。電話以外にチャットで軽く聞ける窓口があると利用しやすいです。 集合住宅エリアの母親からは、平日昼間に動きづらい人からも、情報の届き方に個人差があるため、対象者に届く案内方法も合わせて検討してほしいです。 補足として、休日や長期休暇の利用場面も想定してほしいです。,0歳,集合住宅エリア,母親,オンラインアンケート
78,保育園に入る前の過ごし方について、園庭開放や親子教室の情報を探しましたが、開催日が施設ごとに違って見落としやすいです。月間カレンダーが欲しいです。 住宅地の父親からは、地域活動に関わる人からも、費用負担と手続きの分かりやすさが利用を左右するため、必要な人が使えなくならないよう段階的に見直してほしいです。 補足として、休日や長期休暇の利用場面も想定してほしいです。,2歳,住宅地,父親,窓口
79,急な発熱後、登園できない期間に仕事ではなく家事や休息のためにも預け先が必要だと感じます。病児保育の条件や空きがもっと分かりやすいと安心です。 商店街周辺の母親からは、同じ立場の利用者からも、地区ごとの距離や交通手段の違いが大きいため、利用実績だけでなく困っている人の声も判断材料にしてほしいです。 補足として、休日や長期休暇の利用場面も想定してほしいです。,3歳,商店街周辺,母親,オンラインアンケート
80,子どもが人見知りで支援センターに行ってもすぐ帰ることがあり、相談員さんと話す時間までたどり着けません。予約制の個別相談が少し増えると助かります。 郊外の母親からは、別の地区の回答でも、急な予定変更に対応できるかが重要なため、変更後の問い合わせ先と代替手段を分かりやすく示してほしいです。 補足として、休日や長期休暇の利用場面も想定してほしいです。,1歳,郊外,母親,対面ヒアリング
81,土日に参加できる親子イベントが少なく、平日は家族の予定と合いません。父親も行きやすい時間帯の講座や遊び場があると、家庭内で育児を共有しやすいです。 駅周辺の父親からは、説明会後の意見としても、家族に頼れない場合の選択肢が必要なため、関係する部署や地域団体と連携して改善してほしいです。 補足として、休日や長期休暇の利用場面も想定してほしいです。,2歳,駅周辺,父親,オンラインアンケート
82,離乳食や発達の相談先はあると聞きますが、困った時にすぐ名前が出てきません。母子手帳アプリなどから年齢に合わせて案内が届くと心強いです。 住宅地の母親からは、家族や支援者の視点でも、窓口、紙、Webのどれでも確認できることが大切なため、具体的な運用条件まで示してほしいです。 補足として、休日や長期休暇の利用場面も想定してほしいです。,0歳,住宅地,母親,アプリ
83,雨の日や暑い日に行ける屋内の遊び場が限られていて、家にこもる日が続くと親子ともに煮詰まります。予約不要で短時間利用できる場所が増えてほしいです。 郊外の祖母同居からは、日常的に利用する人からも、実際の生活動線に合う運用でないと使い続けにくいため、地域別の影響を確認してから判断してほしいです。 補足として、休日や長期休暇の利用場面も想定してほしいです。,3歳,郊外,祖母同居,オンラインアンケート
84,相談会の案内は見かけますが、悩みが深刻でないと行ってはいけない気がしてしまいます。雑談から入れる場や、同じ月齢の親同士がつながる機会があると嬉しいです。 集合住宅エリアの母親からは、初めて制度を調べた人からも、利用する時間帯や曜日で困り方が変わるため、試行期間を設けて利用者の声を再確認してほしいです。 補足として、休日や長期休暇の利用場面も想定してほしいです。,1歳,集合住宅エリア,母親,対面ヒアリング
85,保育園のお迎え時間が勤務終了と合わず、延長保育を使っても毎日ぎりぎりです。駅近くに短時間だけ預けられる夕方の受け皿があると続けやすいです。 駅周辺の共働きからは、平日昼間に動きづらい人からも、情報の届き方に個人差があるため、対象者に届く案内方法も合わせて検討してほしいです。 補足として、休日や長期休暇の利用場面も想定してほしいです。,4歳,駅周辺,共働き,オンラインアンケート
86,ひとり親向けの制度が複数ありますが、手当、就労支援、相談窓口が別々に載っていて全体像をつかみにくいです。状況を入力すると候補が出るページが欲しいです。 住宅地のひとり親からは、地域活動に関わる人からも、費用負担と手続きの分かりやすさが利用を左右するため、必要な人が使えなくならないよう段階的に見直してほしいです。 補足として、休日や長期休暇の利用場面も想定してほしいです。,5歳,住宅地,ひとり親,窓口
87,シフト勤務なので、平日昼間の説明会や相談時間には行けません。夜間や土曜にオンラインで相談できれば、仕事を休まず必要な情報を確認できます。 商店街周辺の共働きからは、同じ立場の利用者からも、地区ごとの距離や交通手段の違いが大きいため、利用実績だけでなく困っている人の声も判断材料にしてほしいです。 補足として、休日や長期休暇の利用場面も想定してほしいです。,3歳,商店街周辺,共働き,オンラインアンケート
88,子どもの体調不良で急に休むたび、職場にも家庭にも負担を感じます。病児保育の予約方法が複雑なので、当日の流れや持ち物を一枚で確認できると助かります。 郊外の共働きからは、別の地区の回答でも、急な予定変更に対応できるかが重要なため、変更後の問い合わせ先と代替手段を分かりやすく示してほしいです。 補足として、休日や長期休暇の利用場面も想定してほしいです。,2歳,郊外,共働き,LINE
89,ファミリーサポートはありがたい制度ですが、登録説明会に参加する時間を作るのが難しいです。オンライン登録や面談枠の拡大があれば利用し始めやすいです。 駅周辺のひとり親からは、説明会後の意見としても、家族に頼れない場合の選択肢が必要なため、関係する部署や地域団体と連携して改善してほしいです。 補足として、休日や長期休暇の利用場面も想定してほしいです。,6歳,駅周辺,ひとり親,オンラインアンケート
90,仕事と育児で日々を回すだけで精一杯で、困りごとを相談する余裕がありません。保育園や学校を通じて、必要な支援につながる声かけがあると孤立しにくいです。 住宅地の共働きからは、家族や支援者の視点でも、窓口、紙、Webのどれでも確認できることが大切なため、具体的な運用条件まで示してほしいです。 補足として、休日や長期休暇の利用場面も想定してほしいです。,5歳,住宅地,共働き,対面ヒアリング
91,朝の登園前に急な会議が入ることがあり、早朝の預かりが少ないのが悩みです。7時前後から使える選択肢があるだけで、仕事の調整がかなり楽になります。 駅周辺の共働きからは、日常的に利用する人からも、実際の生活動線に合う運用でないと使い続けにくいため、地域別の影響を確認してから判断してほしいです。 補足として、休日や長期休暇の利用場面も想定してほしいです。,4歳,駅周辺,共働き,オンラインアンケート
92,支援情報を探す時間が取れず、知っている人だけが制度を使えている印象があります。保育料通知や児童手当の案内と一緒に、関連支援も知らせてほしいです。 集合住宅エリアのひとり親からは、初めて制度を調べた人からも、利用する時間帯や曜日で困り方が変わるため、試行期間を設けて利用者の声を再確認してほしいです。 補足として、休日や長期休暇の利用場面も想定してほしいです。,3歳,集合住宅エリア,ひとり親,郵送アンケート
93,残業が読めないため、学童や保育の締切時間に間に合うか毎日不安です。急な延長を相談できる仕組みや、近隣施設との連携があると安心して働けます。 郊外の共働きからは、平日昼間に動きづらい人からも、情報の届き方に個人差があるため、対象者に届く案内方法も合わせて検討してほしいです。 補足として、休日や長期休暇の利用場面も想定してほしいです。,7歳,郊外,共働き,オンラインアンケート
94,子どもの発達について気になることがあっても、平日の専門相談は予約が先になりがちです。保護者が休みの日に相談できる枠が少しでもあると助かります。 住宅地の共働きからは、地域活動に関わる人からも、費用負担と手続きの分かりやすさが利用を左右するため、必要な人が使えなくならないよう段階的に見直してほしいです。 補足として、休日や長期休暇の利用場面も想定してほしいです。,5歳,住宅地,共働き,窓口
95,ひとりで子どもを育てていると、行政の窓口に行くこと自体が大きな負担です。相談、申請、必要書類の確認を一度に進められる伴走型の窓口があると安心です。 商店街周辺のひとり親からは、同じ立場の利用者からも、地区ごとの距離や交通手段の違いが大きいため、利用実績だけでなく困っている人の声も判断材料にしてほしいです。 補足として、休日や長期休暇の利用場面も想定してほしいです。,4歳,商店街周辺,ひとり親,対面ヒアリング
96,休日出勤の日に預け先を探すのが一番大変です。通常保育とは別に、土日だけでも利用できる一時預かりや地域の見守りサービスが増えると助かります。 郊外の共働きからは、別の地区の回答でも、急な予定変更に対応できるかが重要なため、変更後の問い合わせ先と代替手段を分かりやすく示してほしいです。 補足として、休日や長期休暇の利用場面も想定してほしいです。,6歳,郊外,共働き,オンラインアンケート
97,小学校に入ると支援情報が急に少なく感じます。未就学児向けの案内は多いのに、放課後の居場所や学習支援、相談先を探すのに時間がかかりました。 住宅地の母親からは、説明会後の意見としても、家族に頼れない場合の選択肢が必要なため、関係する部署や地域団体と連携して改善してほしいです。 補足として、休日や長期休暇の利用場面も想定してほしいです。,7歳,住宅地,母親,オンラインアンケート
98,転入してきたばかりで、学童の申込時期や地域の子ども会の情報を後から知りました。転入手続きの時に、子育て関連の一覧を渡してもらえると助かります。 駅周辺の父母からは、家族や支援者の視点でも、窓口、紙、Webのどれでも確認できることが大切なため、具体的な運用条件まで示してほしいです。 補足として、休日や長期休暇の利用場面も想定してほしいです。,8歳,駅周辺,父母,窓口
99,放課後に安全に過ごせる場所が限られていて、学童に入れない日は不安です。高学年でも利用しやすい居場所や、宿題を見守ってくれる場があるとありがたいです。 郊外の共働きからは、日常的に利用する人からも、実際の生活動線に合う運用でないと使い続けにくいため、地域別の影響を確認してから判断してほしいです。 補足として、休日や長期休暇の利用場面も想定してほしいです。,10歳,郊外,共働き,オンラインアンケート
100,学校からのプリント、自治体サイト、地域のSNSで情報が散らばり、重要な締切を見落としそうになります。小学生向けの支援も一つのカレンダーで見たいです。 住宅地の母親からは、初めて制度を調べた人からも、利用する時間帯や曜日で困り方が変わるため、試行期間を設けて利用者の声を再確認してほしいです。 補足として、休日や長期休暇の利用場面も想定してほしいです。,9歳,住宅地,母親,LINE
101,思春期に近づくと、親の悩みも幼児期とは違ってきます。学校には相談しづらい内容を、地域の専門職に匿名で聞ける窓口があると利用しやすいです。 商店街周辺の母親からは、平日昼間に動きづらい人からも、情報の届き方に個人差があるため、対象者に届く案内方法も合わせて検討してほしいです。 補足として、休日や長期休暇の利用場面も想定してほしいです。,12歳,商店街周辺,母親,オンラインアンケート
102,引っ越してきて近所に知り合いがいないため、子ども同士の遊び場や保護者のつながりを作るきっかけが欲しいです。地域別の交流会があると参加しやすいです。 集合住宅エリアの父母からは、地域活動に関わる人からも、費用負担と手続きの分かりやすさが利用を左右するため、必要な人が使えなくならないよう段階的に見直してほしいです。 補足として、休日や長期休暇の利用場面も想定してほしいです。,6歳,集合住宅エリア,父母,対面ヒアリング
103,長期休みの預け先が毎年悩みです。学童だけでは時間や内容が合わない日もあるので、午前だけの体験教室や昼食付きの居場所が増えると助かります。 郊外の共働きからは、同じ立場の利用者からも、地区ごとの距離や交通手段の違いが大きいため、利用実績だけでなく困っている人の声も判断材料にしてほしいです。 補足として、休日や長期休暇の利用場面も想定してほしいです。,8歳,郊外,共働き,オンラインアンケート
104,学校に行き渋る日があり、家庭だけで抱えるには負担が大きいです。相談先はありますが、どこに連絡すべきか迷うので、最初の入口を分かりやすくしてほしいです。 住宅地の母親からは、別の地区の回答でも、急な予定変更に対応できるかが重要なため、変更後の問い合わせ先と代替手段を分かりやすく示してほしいです。 補足として、休日や長期休暇の利用場面も想定してほしいです。,11歳,住宅地,母親,窓口
105,転入後、医療機関や習い事、放課後の過ごし方など生活情報を一から探す必要がありました。行政の子育てページに地域マップがあると安心して動けます。 駅周辺の父親からは、説明会後の意見としても、家族に頼れない場合の選択肢が必要なため、関係する部署や地域団体と連携して改善してほしいです。 補足として、休日や長期休暇の利用場面も想定してほしいです。,7歳,駅周辺,父親,オンラインアンケート
106,高学年になると学童を嫌がる一方、家で一人にするのも心配です。自由に過ごせて大人の目もある放課後スペースがあれば、親子の衝突も減ると思います。 商店街周辺の共働きからは、家族や支援者の視点でも、窓口、紙、Webのどれでも確認できることが大切なため、具体的な運用条件まで示してほしいです。 補足として、休日や長期休暇の利用場面も想定してほしいです。,10歳,商店街周辺,共働き,オンラインアンケート
107,子どもの友人関係の悩みは、学校に伝えるほどか判断が難しく、相談が遅れがちです。保護者が気軽に話せる定期的な相談日やオンライン窓口があると助かります。 住宅地の母親からは、日常的に利用する人からも、実際の生活動線に合う運用でないと使い続けにくいため、地域別の影響を確認してから判断してほしいです。 補足として、休日や長期休暇の利用場面も想定してほしいです。,9歳,住宅地,母親,対面ヒアリング
108,地域のイベントは魅力的ですが、対象年齢や申込方法が分かりづらく、転入家庭には参加のハードルがあります。学校経由だけでなく、自治体LINEでも知らせてほしいです。 集合住宅エリアの父母からは、初めて制度を調べた人からも、利用する時間帯や曜日で困り方が変わるため、試行期間を設けて利用者の声を再確認してほしいです。 補足として、休日や長期休暇の利用場面も想定してほしいです。,8歳,集合住宅エリア,父母,LINE
109,一時預かりを使いたい日ほど予約が埋まっていて、前月から予定を決められない家庭には使いにくいです。空き状況をまとめて見られる仕組みがあると助かります。 駅周辺の母親からは、家族や支援者の視点でも、窓口、紙、Webのどれでも確認できることが大切なため、具体的な運用条件まで示してほしいです。 補足として、説明を読んだだけでは判断しにくい点を窓口で補えると助かります。,1歳,駅周辺,母親,オンラインアンケート
110,子育て支援センターの雰囲気は良いのですが、初めて行く時に何を持って行けばいいか、予約が必要かが分かりにくく、行くまでに少し勇気が要りました。 住宅地の母親からは、日常的に利用する人からも、実際の生活動線に合う運用でないと使い続けにくいため、地域別の影響を確認してから判断してほしいです。 補足として、説明を読んだだけでは判断しにくい点を窓口で補えると助かります。,0歳,住宅地,母親,窓口
111,近所に頼れる親族がいないため、短時間でも見てもらえる場所があると安心です。特に通院や上の子の用事で、2時間だけ預けたい場面がよくあります。 郊外の父母からは、初めて制度を調べた人からも、利用する時間帯や曜日で困り方が変わるため、試行期間を設けて利用者の声を再確認してほしいです。 補足として、説明を読んだだけでは判断しにくい点を窓口で補えると助かります。,2歳,郊外,父母,オンラインアンケート
112,広報紙、LINE、ホームページで情報が分かれていて、結局どこを見れば最新なのか迷います。年齢別に必要な制度やイベントがまとまっていると探しやすいです。 駅周辺の母親からは、平日昼間に動きづらい人からも、情報の届き方に個人差があるため、対象者に届く案内方法も合わせて検討してほしいです。 補足として、説明を読んだだけでは判断しにくい点を窓口で補えると助かります。,1歳,駅周辺,母親,LINE
113,産後しばらく外に出にくく、誰かに相談するほどではない悩みを抱えたまま過ごしていました。電話以外にチャットで軽く聞ける窓口があると利用しやすいです。 集合住宅エリアの母親からは、地域活動に関わる人からも、費用負担と手続きの分かりやすさが利用を左右するため、必要な人が使えなくならないよう段階的に見直してほしいです。 補足として、説明を読んだだけでは判断しにくい点を窓口で補えると助かります。,0歳,集合住宅エリア,母親,オンラインアンケート
114,保育園に入る前の過ごし方について、園庭開放や親子教室の情報を探しましたが、開催日が施設ごとに違って見落としやすいです。月間カレンダーが欲しいです。 住宅地の父親からは、同じ立場の利用者からも、地区ごとの距離や交通手段の違いが大きいため、利用実績だけでなく困っている人の声も判断材料にしてほしいです。 補足として、説明を読んだだけでは判断しにくい点を窓口で補えると助かります。,2歳,住宅地,父親,窓口
115,急な発熱後、登園できない期間に仕事ではなく家事や休息のためにも預け先が必要だと感じます。病児保育の条件や空きがもっと分かりやすいと安心です。 商店街周辺の母親からは、別の地区の回答でも、急な予定変更に対応できるかが重要なため、変更後の問い合わせ先と代替手段を分かりやすく示してほしいです。 補足として、説明を読んだだけでは判断しにくい点を窓口で補えると助かります。,3歳,商店街周辺,母親,オンラインアンケート
116,子どもが人見知りで支援センターに行ってもすぐ帰ることがあり、相談員さんと話す時間までたどり着けません。予約制の個別相談が少し増えると助かります。 郊外の母親からは、説明会後の意見としても、家族に頼れない場合の選択肢が必要なため、関係する部署や地域団体と連携して改善してほしいです。 補足として、説明を読んだだけでは判断しにくい点を窓口で補えると助かります。,1歳,郊外,母親,対面ヒアリング
117,土日に参加できる親子イベントが少なく、平日は家族の予定と合いません。父親も行きやすい時間帯の講座や遊び場があると、家庭内で育児を共有しやすいです。 駅周辺の父親からは、家族や支援者の視点でも、窓口、紙、Webのどれでも確認できることが大切なため、具体的な運用条件まで示してほしいです。 補足として、説明を読んだだけでは判断しにくい点を窓口で補えると助かります。,2歳,駅周辺,父親,オンラインアンケート
118,離乳食や発達の相談先はあると聞きますが、困った時にすぐ名前が出てきません。母子手帳アプリなどから年齢に合わせて案内が届くと心強いです。 住宅地の母親からは、日常的に利用する人からも、実際の生活動線に合う運用でないと使い続けにくいため、地域別の影響を確認してから判断してほしいです。 補足として、説明を読んだだけでは判断しにくい点を窓口で補えると助かります。,0歳,住宅地,母親,アプリ
119,雨の日や暑い日に行ける屋内の遊び場が限られていて、家にこもる日が続くと親子ともに煮詰まります。予約不要で短時間利用できる場所が増えてほしいです。 郊外の祖母同居からは、初めて制度を調べた人からも、利用する時間帯や曜日で困り方が変わるため、試行期間を設けて利用者の声を再確認してほしいです。 補足として、説明を読んだだけでは判断しにくい点を窓口で補えると助かります。,3歳,郊外,祖母同居,オンラインアンケート
120,相談会の案内は見かけますが、悩みが深刻でないと行ってはいけない気がしてしまいます。雑談から入れる場や、同じ月齢の親同士がつながる機会があると嬉しいです。 集合住宅エリアの母親からは、平日昼間に動きづらい人からも、情報の届き方に個人差があるため、対象者に届く案内方法も合わせて検討してほしいです。 補足として、説明を読んだだけでは判断しにくい点を窓口で補えると助かります。,1歳,集合住宅エリア,母親,対面ヒアリング
121,保育園のお迎え時間が勤務終了と合わず、延長保育を使っても毎日ぎりぎりです。駅近くに短時間だけ預けられる夕方の受け皿があると続けやすいです。 駅周辺の共働きからは、地域活動に関わる人からも、費用負担と手続きの分かりやすさが利用を左右するため、必要な人が使えなくならないよう段階的に見直してほしいです。 補足として、説明を読んだだけでは判断しにくい点を窓口で補えると助かります。,4歳,駅周辺,共働き,オンラインアンケート
122,ひとり親向けの制度が複数ありますが、手当、就労支援、相談窓口が別々に載っていて全体像をつかみにくいです。状況を入力すると候補が出るページが欲しいです。 住宅地のひとり親からは、同じ立場の利用者からも、地区ごとの距離や交通手段の違いが大きいため、利用実績だけでなく困っている人の声も判断材料にしてほしいです。 補足として、説明を読んだだけでは判断しにくい点を窓口で補えると助かります。,5歳,住宅地,ひとり親,窓口
123,シフト勤務なので、平日昼間の説明会や相談時間には行けません。夜間や土曜にオンラインで相談できれば、仕事を休まず必要な情報を確認できます。 商店街周辺の共働きからは、別の地区の回答でも、急な予定変更に対応できるかが重要なため、変更後の問い合わせ先と代替手段を分かりやすく示してほしいです。 補足として、説明を読んだだけでは判断しにくい点を窓口で補えると助かります。,3歳,商店街周辺,共働き,オンラインアンケート
124,子どもの体調不良で急に休むたび、職場にも家庭にも負担を感じます。病児保育の予約方法が複雑なので、当日の流れや持ち物を一枚で確認できると助かります。 郊外の共働きからは、説明会後の意見としても、家族に頼れない場合の選択肢が必要なため、関係する部署や地域団体と連携して改善してほしいです。 補足として、説明を読んだだけでは判断しにくい点を窓口で補えると助かります。,2歳,郊外,共働き,LINE
125,ファミリーサポートはありがたい制度ですが、登録説明会に参加する時間を作るのが難しいです。オンライン登録や面談枠の拡大があれば利用し始めやすいです。 駅周辺のひとり親からは、家族や支援者の視点でも、窓口、紙、Webのどれでも確認できることが大切なため、具体的な運用条件まで示してほしいです。 補足として、説明を読んだだけでは判断しにくい点を窓口で補えると助かります。,6歳,駅周辺,ひとり親,オンラインアンケート
126,仕事と育児で日々を回すだけで精一杯で、困りごとを相談する余裕がありません。保育園や学校を通じて、必要な支援につながる声かけがあると孤立しにくいです。 住宅地の共働きからは、日常的に利用する人からも、実際の生活動線に合う運用でないと使い続けにくいため、地域別の影響を確認してから判断してほしいです。 補足として、説明を読んだだけでは判断しにくい点を窓口で補えると助かります。,5歳,住宅地,共働き,対面ヒアリング
127,朝の登園前に急な会議が入ることがあり、早朝の預かりが少ないのが悩みです。7時前後から使える選択肢があるだけで、仕事の調整がかなり楽になります。 駅周辺の共働きからは、初めて制度を調べた人からも、利用する時間帯や曜日で困り方が変わるため、試行期間を設けて利用者の声を再確認してほしいです。 補足として、説明を読んだだけでは判断しにくい点を窓口で補えると助かります。,4歳,駅周辺,共働き,オンラインアンケート
128,支援情報を探す時間が取れず、知っている人だけが制度を使えている印象があります。保育料通知や児童手当の案内と一緒に、関連支援も知らせてほしいです。 集合住宅エリアのひとり親からは、平日昼間に動きづらい人からも、情報の届き方に個人差があるため、対象者に届く案内方法も合わせて検討してほしいです。 補足として、説明を読んだだけでは判断しにくい点を窓口で補えると助かります。,3歳,集合住宅エリア,ひとり親,郵送アンケート
129,残業が読めないため、学童や保育の締切時間に間に合うか毎日不安です。急な延長を相談できる仕組みや、近隣施設との連携があると安心して働けます。 郊外の共働きからは、地域活動に関わる人からも、費用負担と手続きの分かりやすさが利用を左右するため、必要な人が使えなくならないよう段階的に見直してほしいです。 補足として、説明を読んだだけでは判断しにくい点を窓口で補えると助かります。,7歳,郊外,共働き,オンラインアンケート
130,子どもの発達について気になることがあっても、平日の専門相談は予約が先になりがちです。保護者が休みの日に相談できる枠が少しでもあると助かります。 住宅地の共働きからは、同じ立場の利用者からも、地区ごとの距離や交通手段の違いが大きいため、利用実績だけでなく困っている人の声も判断材料にしてほしいです。 補足として、説明を読んだだけでは判断しにくい点を窓口で補えると助かります。,5歳,住宅地,共働き,窓口
131,ひとりで子どもを育てていると、行政の窓口に行くこと自体が大きな負担です。相談、申請、必要書類の確認を一度に進められる伴走型の窓口があると安心です。 商店街周辺のひとり親からは、別の地区の回答でも、急な予定変更に対応できるかが重要なため、変更後の問い合わせ先と代替手段を分かりやすく示してほしいです。 補足として、説明を読んだだけでは判断しにくい点を窓口で補えると助かります。,4歳,商店街周辺,ひとり親,対面ヒアリング
132,休日出勤の日に預け先を探すのが一番大変です。通常保育とは別に、土日だけでも利用できる一時預かりや地域の見守りサービスが増えると助かります。 郊外の共働きからは、説明会後の意見としても、家族に頼れない場合の選択肢が必要なため、関係する部署や地域団体と連携して改善してほしいです。 補足として、説明を読んだだけでは判断しにくい点を窓口で補えると助かります。,6歳,郊外,共働き,オンラインアンケート
133,小学校に入ると支援情報が急に少なく感じます。未就学児向けの案内は多いのに、放課後の居場所や学習支援、相談先を探すのに時間がかかりました。 住宅地の母親からは、家族や支援者の視点でも、窓口、紙、Webのどれでも確認できることが大切なため、具体的な運用条件まで示してほしいです。 補足として、説明を読んだだけでは判断しにくい点を窓口で補えると助かります。,7歳,住宅地,母親,オンラインアンケート
134,転入してきたばかりで、学童の申込時期や地域の子ども会の情報を後から知りました。転入手続きの時に、子育て関連の一覧を渡してもらえると助かります。 駅周辺の父母からは、日常的に利用する人からも、実際の生活動線に合う運用でないと使い続けにくいため、地域別の影響を確認してから判断してほしいです。 補足として、説明を読んだだけでは判断しにくい点を窓口で補えると助かります。,8歳,駅周辺,父母,窓口
135,放課後に安全に過ごせる場所が限られていて、学童に入れない日は不安です。高学年でも利用しやすい居場所や、宿題を見守ってくれる場があるとありがたいです。 郊外の共働きからは、初めて制度を調べた人からも、利用する時間帯や曜日で困り方が変わるため、試行期間を設けて利用者の声を再確認してほしいです。 補足として、説明を読んだだけでは判断しにくい点を窓口で補えると助かります。,10歳,郊外,共働き,オンラインアンケート
136,学校からのプリント、自治体サイト、地域のSNSで情報が散らばり、重要な締切を見落としそうになります。小学生向けの支援も一つのカレンダーで見たいです。 住宅地の母親からは、平日昼間に動きづらい人からも、情報の届き方に個人差があるため、対象者に届く案内方法も合わせて検討してほしいです。 補足として、説明を読んだだけでは判断しにくい点を窓口で補えると助かります。,9歳,住宅地,母親,LINE
137,思春期に近づくと、親の悩みも幼児期とは違ってきます。学校には相談しづらい内容を、地域の専門職に匿名で聞ける窓口があると利用しやすいです。 商店街周辺の母親からは、地域活動に関わる人からも、費用負担と手続きの分かりやすさが利用を左右するため、必要な人が使えなくならないよう段階的に見直してほしいです。 補足として、説明を読んだだけでは判断しにくい点を窓口で補えると助かります。,12歳,商店街周辺,母親,オンラインアンケート
138,引っ越してきて近所に知り合いがいないため、子ども同士の遊び場や保護者のつながりを作るきっかけが欲しいです。地域別の交流会があると参加しやすいです。 集合住宅エリアの父母からは、同じ立場の利用者からも、地区ごとの距離や交通手段の違いが大きいため、利用実績だけでなく困っている人の声も判断材料にしてほしいです。 補足として、説明を読んだだけでは判断しにくい点を窓口で補えると助かります。,6歳,集合住宅エリア,父母,対面ヒアリング
139,長期休みの預け先が毎年悩みです。学童だけでは時間や内容が合わない日もあるので、午前だけの体験教室や昼食付きの居場所が増えると助かります。 郊外の共働きからは、別の地区の回答でも、急な予定変更に対応できるかが重要なため、変更後の問い合わせ先と代替手段を分かりやすく示してほしいです。 補足として、説明を読んだだけでは判断しにくい点を窓口で補えると助かります。,8歳,郊外,共働き,オンラインアンケート
140,学校に行き渋る日があり、家庭だけで抱えるには負担が大きいです。相談先はありますが、どこに連絡すべきか迷うので、最初の入口を分かりやすくしてほしいです。 住宅地の母親からは、説明会後の意見としても、家族に頼れない場合の選択肢が必要なため、関係する部署や地域団体と連携して改善してほしいです。 補足として、説明を読んだだけでは判断しにくい点を窓口で補えると助かります。,11歳,住宅地,母親,窓口
141,転入後、医療機関や習い事、放課後の過ごし方など生活情報を一から探す必要がありました。行政の子育てページに地域マップがあると安心して動けます。 駅周辺の父親からは、家族や支援者の視点でも、窓口、紙、Webのどれでも確認できることが大切なため、具体的な運用条件まで示してほしいです。 補足として、説明を読んだだけでは判断しにくい点を窓口で補えると助かります。,7歳,駅周辺,父親,オンラインアンケート
142,高学年になると学童を嫌がる一方、家で一人にするのも心配です。自由に過ごせて大人の目もある放課後スペースがあれば、親子の衝突も減ると思います。 商店街周辺の共働きからは、日常的に利用する人からも、実際の生活動線に合う運用でないと使い続けにくいため、地域別の影響を確認してから判断してほしいです。 補足として、説明を読んだだけでは判断しにくい点を窓口で補えると助かります。,10歳,商店街周辺,共働き,オンラインアンケート
143,子どもの友人関係の悩みは、学校に伝えるほどか判断が難しく、相談が遅れがちです。保護者が気軽に話せる定期的な相談日やオンライン窓口があると助かります。 住宅地の母親からは、初めて制度を調べた人からも、利用する時間帯や曜日で困り方が変わるため、試行期間を設けて利用者の声を再確認してほしいです。 補足として、説明を読んだだけでは判断しにくい点を窓口で補えると助かります。,9歳,住宅地,母親,対面ヒアリング
144,地域のイベントは魅力的ですが、対象年齢や申込方法が分かりづらく、転入家庭には参加のハードルがあります。学校経由だけでなく、自治体LINEでも知らせてほしいです。 集合住宅エリアの父母からは、平日昼間に動きづらい人からも、情報の届き方に個人差があるため、対象者に届く案内方法も合わせて検討してほしいです。 補足として、説明を読んだだけでは判断しにくい点を窓口で補えると助かります。,8歳,集合住宅エリア,父母,LINE
145,一時預かりを使いたい日ほど予約が埋まっていて、前月から予定を決められない家庭には使いにくいです。空き状況をまとめて見られる仕組みがあると助かります。 駅周辺の母親からは、日常的に利用する人からも、実際の生活動線に合う運用でないと使い続けにくいため、地域別の影響を確認してから判断してほしいです。 補足として、急な予定変更があった場合の扱いも先に示してほしいです。,1歳,駅周辺,母親,オンラインアンケート
146,子育て支援センターの雰囲気は良いのですが、初めて行く時に何を持って行けばいいか、予約が必要かが分かりにくく、行くまでに少し勇気が要りました。 住宅地の母親からは、初めて制度を調べた人からも、利用する時間帯や曜日で困り方が変わるため、試行期間を設けて利用者の声を再確認してほしいです。 補足として、急な予定変更があった場合の扱いも先に示してほしいです。,0歳,住宅地,母親,窓口
147,近所に頼れる親族がいないため、短時間でも見てもらえる場所があると安心です。特に通院や上の子の用事で、2時間だけ預けたい場面がよくあります。 郊外の父母からは、平日昼間に動きづらい人からも、情報の届き方に個人差があるため、対象者に届く案内方法も合わせて検討してほしいです。 補足として、急な予定変更があった場合の扱いも先に示してほしいです。,2歳,郊外,父母,オンラインアンケート
148,広報紙、LINE、ホームページで情報が分かれていて、結局どこを見れば最新なのか迷います。年齢別に必要な制度やイベントがまとまっていると探しやすいです。 駅周辺の母親からは、地域活動に関わる人からも、費用負担と手続きの分かりやすさが利用を左右するため、必要な人が使えなくならないよう段階的に見直してほしいです。 補足として、急な予定変更があった場合の扱いも先に示してほしいです。,1歳,駅周辺,母親,LINE
149,産後しばらく外に出にくく、誰かに相談するほどではない悩みを抱えたまま過ごしていました。電話以外にチャットで軽く聞ける窓口があると利用しやすいです。 集合住宅エリアの母親からは、同じ立場の利用者からも、地区ごとの距離や交通手段の違いが大きいため、利用実績だけでなく困っている人の声も判断材料にしてほしいです。 補足として、急な予定変更があった場合の扱いも先に示してほしいです。,0歳,集合住宅エリア,母親,オンラインアンケート
150,保育園に入る前の過ごし方について、園庭開放や親子教室の情報を探しましたが、開催日が施設ごとに違って見落としやすいです。月間カレンダーが欲しいです。 住宅地の父親からは、別の地区の回答でも、急な予定変更に対応できるかが重要なため、変更後の問い合わせ先と代替手段を分かりやすく示してほしいです。 補足として、急な予定変更があった場合の扱いも先に示してほしいです。,2歳,住宅地,父親,窓口
151,急な発熱後、登園できない期間に仕事ではなく家事や休息のためにも預け先が必要だと感じます。病児保育の条件や空きがもっと分かりやすいと安心です。 商店街周辺の母親からは、説明会後の意見としても、家族に頼れない場合の選択肢が必要なため、関係する部署や地域団体と連携して改善してほしいです。 補足として、急な予定変更があった場合の扱いも先に示してほしいです。,3歳,商店街周辺,母親,オンラインアンケート
152,子どもが人見知りで支援センターに行ってもすぐ帰ることがあり、相談員さんと話す時間までたどり着けません。予約制の個別相談が少し増えると助かります。 郊外の母親からは、家族や支援者の視点でも、窓口、紙、Webのどれでも確認できることが大切なため、具体的な運用条件まで示してほしいです。 補足として、急な予定変更があった場合の扱いも先に示してほしいです。,1歳,郊外,母親,対面ヒアリング
153,土日に参加できる親子イベントが少なく、平日は家族の予定と合いません。父親も行きやすい時間帯の講座や遊び場があると、家庭内で育児を共有しやすいです。 駅周辺の父親からは、日常的に利用する人からも、実際の生活動線に合う運用でないと使い続けにくいため、地域別の影響を確認してから判断してほしいです。 補足として、急な予定変更があった場合の扱いも先に示してほしいです。,2歳,駅周辺,父親,オンラインアンケート
154,離乳食や発達の相談先はあると聞きますが、困った時にすぐ名前が出てきません。母子手帳アプリなどから年齢に合わせて案内が届くと心強いです。 住宅地の母親からは、初めて制度を調べた人からも、利用する時間帯や曜日で困り方が変わるため、試行期間を設けて利用者の声を再確認してほしいです。 補足として、急な予定変更があった場合の扱いも先に示してほしいです。,0歳,住宅地,母親,アプリ
155,雨の日や暑い日に行ける屋内の遊び場が限られていて、家にこもる日が続くと親子ともに煮詰まります。予約不要で短時間利用できる場所が増えてほしいです。 郊外の祖母同居からは、平日昼間に動きづらい人からも、情報の届き方に個人差があるため、対象者に届く案内方法も合わせて検討してほしいです。 補足として、急な予定変更があった場合の扱いも先に示してほしいです。,3歳,郊外,祖母同居,オンラインアンケート
156,相談会の案内は見かけますが、悩みが深刻でないと行ってはいけない気がしてしまいます。雑談から入れる場や、同じ月齢の親同士がつながる機会があると嬉しいです。 集合住宅エリアの母親からは、地域活動に関わる人からも、費用負担と手続きの分かりやすさが利用を左右するため、必要な人が使えなくならないよう段階的に見直してほしいです。 補足として、急な予定変更があった場合の扱いも先に示してほしいです。,1歳,集合住宅エリア,母親,対面ヒアリング
157,保育園のお迎え時間が勤務終了と合わず、延長保育を使っても毎日ぎりぎりです。駅近くに短時間だけ預けられる夕方の受け皿があると続けやすいです。 駅周辺の共働きからは、同じ立場の利用者からも、地区ごとの距離や交通手段の違いが大きいため、利用実績だけでなく困っている人の声も判断材料にしてほしいです。 補足として、急な予定変更があった場合の扱いも先に示してほしいです。,4歳,駅周辺,共働き,オンラインアンケート
158,ひとり親向けの制度が複数ありますが、手当、就労支援、相談窓口が別々に載っていて全体像をつかみにくいです。状況を入力すると候補が出るページが欲しいです。 住宅地のひとり親からは、別の地区の回答でも、急な予定変更に対応できるかが重要なため、変更後の問い合わせ先と代替手段を分かりやすく示してほしいです。 補足として、急な予定変更があった場合の扱いも先に示してほしいです。,5歳,住宅地,ひとり親,窓口
159,シフト勤務なので、平日昼間の説明会や相談時間には行けません。夜間や土曜にオンラインで相談できれば、仕事を休まず必要な情報を確認できます。 商店街周辺の共働きからは、説明会後の意見としても、家族に頼れない場合の選択肢が必要なため、関係する部署や地域団体と連携して改善してほしいです。 補足として、急な予定変更があった場合の扱いも先に示してほしいです。,3歳,商店街周辺,共働き,オンラインアンケート
160,子どもの体調不良で急に休むたび、職場にも家庭にも負担を感じます。病児保育の予約方法が複雑なので、当日の流れや持ち物を一枚で確認できると助かります。 郊外の共働きからは、家族や支援者の視点でも、窓口、紙、Webのどれでも確認できることが大切なため、具体的な運用条件まで示してほしいです。 補足として、急な予定変更があった場合の扱いも先に示してほしいです。,2歳,郊外,共働き,LINE
161,ファミリーサポートはありがたい制度ですが、登録説明会に参加する時間を作るのが難しいです。オンライン登録や面談枠の拡大があれば利用し始めやすいです。 駅周辺のひとり親からは、日常的に利用する人からも、実際の生活動線に合う運用でないと使い続けにくいため、地域別の影響を確認してから判断してほしいです。 補足として、急な予定変更があった場合の扱いも先に示してほしいです。,6歳,駅周辺,ひとり親,オンラインアンケート
162,仕事と育児で日々を回すだけで精一杯で、困りごとを相談する余裕がありません。保育園や学校を通じて、必要な支援につながる声かけがあると孤立しにくいです。 住宅地の共働きからは、初めて制度を調べた人からも、利用する時間帯や曜日で困り方が変わるため、試行期間を設けて利用者の声を再確認してほしいです。 補足として、急な予定変更があった場合の扱いも先に示してほしいです。,5歳,住宅地,共働き,対面ヒアリング
163,朝の登園前に急な会議が入ることがあり、早朝の預かりが少ないのが悩みです。7時前後から使える選択肢があるだけで、仕事の調整がかなり楽になります。 駅周辺の共働きからは、平日昼間に動きづらい人からも、情報の届き方に個人差があるため、対象者に届く案内方法も合わせて検討してほしいです。 補足として、急な予定変更があった場合の扱いも先に示してほしいです。,4歳,駅周辺,共働き,オンラインアンケート
164,支援情報を探す時間が取れず、知っている人だけが制度を使えている印象があります。保育料通知や児童手当の案内と一緒に、関連支援も知らせてほしいです。 集合住宅エリアのひとり親からは、地域活動に関わる人からも、費用負担と手続きの分かりやすさが利用を左右するため、必要な人が使えなくならないよう段階的に見直してほしいです。 補足として、急な予定変更があった場合の扱いも先に示してほしいです。,3歳,集合住宅エリア,ひとり親,郵送アンケート
165,残業が読めないため、学童や保育の締切時間に間に合うか毎日不安です。急な延長を相談できる仕組みや、近隣施設との連携があると安心して働けます。 郊外の共働きからは、同じ立場の利用者からも、地区ごとの距離や交通手段の違いが大きいため、利用実績だけでなく困っている人の声も判断材料にしてほしいです。 補足として、急な予定変更があった場合の扱いも先に示してほしいです。,7歳,郊外,共働き,オンラインアンケート
166,子どもの発達について気になることがあっても、平日の専門相談は予約が先になりがちです。保護者が休みの日に相談できる枠が少しでもあると助かります。 住宅地の共働きからは、別の地区の回答でも、急な予定変更に対応できるかが重要なため、変更後の問い合わせ先と代替手段を分かりやすく示してほしいです。 補足として、急な予定変更があった場合の扱いも先に示してほしいです。,5歳,住宅地,共働き,窓口
167,ひとりで子どもを育てていると、行政の窓口に行くこと自体が大きな負担です。相談、申請、必要書類の確認を一度に進められる伴走型の窓口があると安心です。 商店街周辺のひとり親からは、説明会後の意見としても、家族に頼れない場合の選択肢が必要なため、関係する部署や地域団体と連携して改善してほしいです。 補足として、急な予定変更があった場合の扱いも先に示してほしいです。,4歳,商店街周辺,ひとり親,対面ヒアリング
168,休日出勤の日に預け先を探すのが一番大変です。通常保育とは別に、土日だけでも利用できる一時預かりや地域の見守りサービスが増えると助かります。 郊外の共働きからは、家族や支援者の視点でも、窓口、紙、Webのどれでも確認できることが大切なため、具体的な運用条件まで示してほしいです。 補足として、急な予定変更があった場合の扱いも先に示してほしいです。,6歳,郊外,共働き,オンラインアンケート
169,小学校に入ると支援情報が急に少なく感じます。未就学児向けの案内は多いのに、放課後の居場所や学習支援、相談先を探すのに時間がかかりました。 住宅地の母親からは、日常的に利用する人からも、実際の生活動線に合う運用でないと使い続けにくいため、地域別の影響を確認してから判断してほしいです。 補足として、急な予定変更があった場合の扱いも先に示してほしいです。,7歳,住宅地,母親,オンラインアンケート
170,転入してきたばかりで、学童の申込時期や地域の子ども会の情報を後から知りました。転入手続きの時に、子育て関連の一覧を渡してもらえると助かります。 駅周辺の父母からは、初めて制度を調べた人からも、利用する時間帯や曜日で困り方が変わるため、試行期間を設けて利用者の声を再確認してほしいです。 補足として、急な予定変更があった場合の扱いも先に示してほしいです。,8歳,駅周辺,父母,窓口
171,放課後に安全に過ごせる場所が限られていて、学童に入れない日は不安です。高学年でも利用しやすい居場所や、宿題を見守ってくれる場があるとありがたいです。 郊外の共働きからは、平日昼間に動きづらい人からも、情報の届き方に個人差があるため、対象者に届く案内方法も合わせて検討してほしいです。 補足として、急な予定変更があった場合の扱いも先に示してほしいです。,10歳,郊外,共働き,オンラインアンケート
172,学校からのプリント、自治体サイト、地域のSNSで情報が散らばり、重要な締切を見落としそうになります。小学生向けの支援も一つのカレンダーで見たいです。 住宅地の母親からは、地域活動に関わる人からも、費用負担と手続きの分かりやすさが利用を左右するため、必要な人が使えなくならないよう段階的に見直してほしいです。 補足として、急な予定変更があった場合の扱いも先に示してほしいです。,9歳,住宅地,母親,LINE
173,思春期に近づくと、親の悩みも幼児期とは違ってきます。学校には相談しづらい内容を、地域の専門職に匿名で聞ける窓口があると利用しやすいです。 商店街周辺の母親からは、同じ立場の利用者からも、地区ごとの距離や交通手段の違いが大きいため、利用実績だけでなく困っている人の声も判断材料にしてほしいです。 補足として、急な予定変更があった場合の扱いも先に示してほしいです。,12歳,商店街周辺,母親,オンラインアンケート
174,引っ越してきて近所に知り合いがいないため、子ども同士の遊び場や保護者のつながりを作るきっかけが欲しいです。地域別の交流会があると参加しやすいです。 集合住宅エリアの父母からは、別の地区の回答でも、急な予定変更に対応できるかが重要なため、変更後の問い合わせ先と代替手段を分かりやすく示してほしいです。 補足として、急な予定変更があった場合の扱いも先に示してほしいです。,6歳,集合住宅エリア,父母,対面ヒアリング
175,長期休みの預け先が毎年悩みです。学童だけでは時間や内容が合わない日もあるので、午前だけの体験教室や昼食付きの居場所が増えると助かります。 郊外の共働きからは、説明会後の意見としても、家族に頼れない場合の選択肢が必要なため、関係する部署や地域団体と連携して改善してほしいです。 補足として、急な予定変更があった場合の扱いも先に示してほしいです。,8歳,郊外,共働き,オンラインアンケート
176,学校に行き渋る日があり、家庭だけで抱えるには負担が大きいです。相談先はありますが、どこに連絡すべきか迷うので、最初の入口を分かりやすくしてほしいです。 住宅地の母親からは、家族や支援者の視点でも、窓口、紙、Webのどれでも確認できることが大切なため、具体的な運用条件まで示してほしいです。 補足として、急な予定変更があった場合の扱いも先に示してほしいです。,11歳,住宅地,母親,窓口
177,転入後、医療機関や習い事、放課後の過ごし方など生活情報を一から探す必要がありました。行政の子育てページに地域マップがあると安心して動けます。 駅周辺の父親からは、日常的に利用する人からも、実際の生活動線に合う運用でないと使い続けにくいため、地域別の影響を確認してから判断してほしいです。 補足として、急な予定変更があった場合の扱いも先に示してほしいです。,7歳,駅周辺,父親,オンラインアンケート
178,高学年になると学童を嫌がる一方、家で一人にするのも心配です。自由に過ごせて大人の目もある放課後スペースがあれば、親子の衝突も減ると思います。 商店街周辺の共働きからは、初めて制度を調べた人からも、利用する時間帯や曜日で困り方が変わるため、試行期間を設けて利用者の声を再確認してほしいです。 補足として、急な予定変更があった場合の扱いも先に示してほしいです。,10歳,商店街周辺,共働き,オンラインアンケート
179,子どもの友人関係の悩みは、学校に伝えるほどか判断が難しく、相談が遅れがちです。保護者が気軽に話せる定期的な相談日やオンライン窓口があると助かります。 住宅地の母親からは、平日昼間に動きづらい人からも、情報の届き方に個人差があるため、対象者に届く案内方法も合わせて検討してほしいです。 補足として、急な予定変更があった場合の扱いも先に示してほしいです。,9歳,住宅地,母親,対面ヒアリング
180,地域のイベントは魅力的ですが、対象年齢や申込方法が分かりづらく、転入家庭には参加のハードルがあります。学校経由だけでなく、自治体LINEでも知らせてほしいです。 集合住宅エリアの父母からは、地域活動に関わる人からも、費用負担と手続きの分かりやすさが利用を左右するため、必要な人が使えなくならないよう段階的に見直してほしいです。 補足として、急な予定変更があった場合の扱いも先に示してほしいです。,8歳,集合住宅エリア,父母,LINE
181,一時預かりを使いたい日ほど予約が埋まっていて、前月から予定を決められない家庭には使いにくいです。空き状況をまとめて見られる仕組みがあると助かります。 駅周辺の母親からは、初めて制度を調べた人からも、利用する時間帯や曜日で困り方が変わるため、試行期間を設けて利用者の声を再確認してほしいです。 補足として、利用できない人がどこに相談すればよいか分かるようにしてほしいです。,1歳,駅周辺,母親,オンラインアンケート
182,子育て支援センターの雰囲気は良いのですが、初めて行く時に何を持って行けばいいか、予約が必要かが分かりにくく、行くまでに少し勇気が要りました。 住宅地の母親からは、平日昼間に動きづらい人からも、情報の届き方に個人差があるため、対象者に届く案内方法も合わせて検討してほしいです。 補足として、利用できない人がどこに相談すればよいか分かるようにしてほしいです。,0歳,住宅地,母親,窓口
183,近所に頼れる親族がいないため、短時間でも見てもらえる場所があると安心です。特に通院や上の子の用事で、2時間だけ預けたい場面がよくあります。 郊外の父母からは、地域活動に関わる人からも、費用負担と手続きの分かりやすさが利用を左右するため、必要な人が使えなくならないよう段階的に見直してほしいです。 補足として、利用できない人がどこに相談すればよいか分かるようにしてほしいです。,2歳,郊外,父母,オンラインアンケート
184,広報紙、LINE、ホームページで情報が分かれていて、結局どこを見れば最新なのか迷います。年齢別に必要な制度やイベントがまとまっていると探しやすいです。 駅周辺の母親からは、同じ立場の利用者からも、地区ごとの距離や交通手段の違いが大きいため、利用実績だけでなく困っている人の声も判断材料にしてほしいです。 補足として、利用できない人がどこに相談すればよいか分かるようにしてほしいです。,1歳,駅周辺,母親,LINE
185,産後しばらく外に出にくく、誰かに相談するほどではない悩みを抱えたまま過ごしていました。電話以外にチャットで軽く聞ける窓口があると利用しやすいです。 集合住宅エリアの母親からは、別の地区の回答でも、急な予定変更に対応できるかが重要なため、変更後の問い合わせ先と代替手段を分かりやすく示してほしいです。 補足として、利用できない人がどこに相談すればよいか分かるようにしてほしいです。,0歳,集合住宅エリア,母親,オンラインアンケート
186,保育園に入る前の過ごし方について、園庭開放や親子教室の情報を探しましたが、開催日が施設ごとに違って見落としやすいです。月間カレンダーが欲しいです。 住宅地の父親からは、説明会後の意見としても、家族に頼れない場合の選択肢が必要なため、関係する部署や地域団体と連携して改善してほしいです。 補足として、利用できない人がどこに相談すればよいか分かるようにしてほしいです。,2歳,住宅地,父親,窓口
187,急な発熱後、登園できない期間に仕事ではなく家事や休息のためにも預け先が必要だと感じます。病児保育の条件や空きがもっと分かりやすいと安心です。 商店街周辺の母親からは、家族や支援者の視点でも、窓口、紙、Webのどれでも確認できることが大切なため、具体的な運用条件まで示してほしいです。 補足として、利用できない人がどこに相談すればよいか分かるようにしてほしいです。,3歳,商店街周辺,母親,オンラインアンケート
188,子どもが人見知りで支援センターに行ってもすぐ帰ることがあり、相談員さんと話す時間までたどり着けません。予約制の個別相談が少し増えると助かります。 郊外の母親からは、日常的に利用する人からも、実際の生活動線に合う運用でないと使い続けにくいため、地域別の影響を確認してから判断してほしいです。 補足として、利用できない人がどこに相談すればよいか分かるようにしてほしいです。,1歳,郊外,母親,対面ヒアリング
189,土日に参加できる親子イベントが少なく、平日は家族の予定と合いません。父親も行きやすい時間帯の講座や遊び場があると、家庭内で育児を共有しやすいです。 駅周辺の父親からは、初めて制度を調べた人からも、利用する時間帯や曜日で困り方が変わるため、試行期間を設けて利用者の声を再確認してほしいです。 補足として、利用できない人がどこに相談すればよいか分かるようにしてほしいです。,2歳,駅周辺,父親,オンラインアンケート
190,離乳食や発達の相談先はあると聞きますが、困った時にすぐ名前が出てきません。母子手帳アプリなどから年齢に合わせて案内が届くと心強いです。 住宅地の母親からは、平日昼間に動きづらい人からも、情報の届き方に個人差があるため、対象者に届く案内方法も合わせて検討してほしいです。 補足として、利用できない人がどこに相談すればよいか分かるようにしてほしいです。,0歳,住宅地,母親,アプリ
191,雨の日や暑い日に行ける屋内の遊び場が限られていて、家にこもる日が続くと親子ともに煮詰まります。予約不要で短時間利用できる場所が増えてほしいです。 郊外の祖母同居からは、地域活動に関わる人からも、費用負担と手続きの分かりやすさが利用を左右するため、必要な人が使えなくならないよう段階的に見直してほしいです。 補足として、利用できない人がどこに相談すればよいか分かるようにしてほしいです。,3歳,郊外,祖母同居,オンラインアンケート
192,相談会の案内は見かけますが、悩みが深刻でないと行ってはいけない気がしてしまいます。雑談から入れる場や、同じ月齢の親同士がつながる機会があると嬉しいです。 集合住宅エリアの母親からは、同じ立場の利用者からも、地区ごとの距離や交通手段の違いが大きいため、利用実績だけでなく困っている人の声も判断材料にしてほしいです。 補足として、利用できない人がどこに相談すればよいか分かるようにしてほしいです。,1歳,集合住宅エリア,母親,対面ヒアリング
193,保育園のお迎え時間が勤務終了と合わず、延長保育を使っても毎日ぎりぎりです。駅近くに短時間だけ預けられる夕方の受け皿があると続けやすいです。 駅周辺の共働きからは、別の地区の回答でも、急な予定変更に対応できるかが重要なため、変更後の問い合わせ先と代替手段を分かりやすく示してほしいです。 補足として、利用できない人がどこに相談すればよいか分かるようにしてほしいです。,4歳,駅周辺,共働き,オンラインアンケート
194,ひとり親向けの制度が複数ありますが、手当、就労支援、相談窓口が別々に載っていて全体像をつかみにくいです。状況を入力すると候補が出るページが欲しいです。 住宅地のひとり親からは、説明会後の意見としても、家族に頼れない場合の選択肢が必要なため、関係する部署や地域団体と連携して改善してほしいです。 補足として、利用できない人がどこに相談すればよいか分かるようにしてほしいです。,5歳,住宅地,ひとり親,窓口
195,シフト勤務なので、平日昼間の説明会や相談時間には行けません。夜間や土曜にオンラインで相談できれば、仕事を休まず必要な情報を確認できます。 商店街周辺の共働きからは、家族や支援者の視点でも、窓口、紙、Webのどれでも確認できることが大切なため、具体的な運用条件まで示してほしいです。 補足として、利用できない人がどこに相談すればよいか分かるようにしてほしいです。,3歳,商店街周辺,共働き,オンラインアンケート
196,子どもの体調不良で急に休むたび、職場にも家庭にも負担を感じます。病児保育の予約方法が複雑なので、当日の流れや持ち物を一枚で確認できると助かります。 郊外の共働きからは、日常的に利用する人からも、実際の生活動線に合う運用でないと使い続けにくいため、地域別の影響を確認してから判断してほしいです。 補足として、利用できない人がどこに相談すればよいか分かるようにしてほしいです。,2歳,郊外,共働き,LINE
197,ファミリーサポートはありがたい制度ですが、登録説明会に参加する時間を作るのが難しいです。オンライン登録や面談枠の拡大があれば利用し始めやすいです。 駅周辺のひとり親からは、初めて制度を調べた人からも、利用する時間帯や曜日で困り方が変わるため、試行期間を設けて利用者の声を再確認してほしいです。 補足として、利用できない人がどこに相談すればよいか分かるようにしてほしいです。,6歳,駅周辺,ひとり親,オンラインアンケート
198,仕事と育児で日々を回すだけで精一杯で、困りごとを相談する余裕がありません。保育園や学校を通じて、必要な支援につながる声かけがあると孤立しにくいです。 住宅地の共働きからは、平日昼間に動きづらい人からも、情報の届き方に個人差があるため、対象者に届く案内方法も合わせて検討してほしいです。 補足として、利用できない人がどこに相談すればよいか分かるようにしてほしいです。,5歳,住宅地,共働き,対面ヒアリング
199,朝の登園前に急な会議が入ることがあり、早朝の預かりが少ないのが悩みです。7時前後から使える選択肢があるだけで、仕事の調整がかなり楽になります。 駅周辺の共働きからは、地域活動に関わる人からも、費用負担と手続きの分かりやすさが利用を左右するため、必要な人が使えなくならないよう段階的に見直してほしいです。 補足として、利用できない人がどこに相談すればよいか分かるようにしてほしいです。,4歳,駅周辺,共働き,オンラインアンケート
200,支援情報を探す時間が取れず、知っている人だけが制度を使えている印象があります。保育料通知や児童手当の案内と一緒に、関連支援も知らせてほしいです。 集合住宅エリアのひとり親からは、同じ立場の利用者からも、地区ごとの距離や交通手段の違いが大きいため、利用実績だけでなく困っている人の声も判断材料にしてほしいです。 補足として、利用できない人がどこに相談すればよいか分かるようにしてほしいです。,3歳,集合住宅エリア,ひとり親,郵送アンケート
201,残業が読めないため、学童や保育の締切時間に間に合うか毎日不安です。急な延長を相談できる仕組みや、近隣施設との連携があると安心して働けます。 郊外の共働きからは、別の地区の回答でも、急な予定変更に対応できるかが重要なため、変更後の問い合わせ先と代替手段を分かりやすく示してほしいです。 補足として、利用できない人がどこに相談すればよいか分かるようにしてほしいです。,7歳,郊外,共働き,オンラインアンケート
202,子どもの発達について気になることがあっても、平日の専門相談は予約が先になりがちです。保護者が休みの日に相談できる枠が少しでもあると助かります。 住宅地の共働きからは、説明会後の意見としても、家族に頼れない場合の選択肢が必要なため、関係する部署や地域団体と連携して改善してほしいです。 補足として、利用できない人がどこに相談すればよいか分かるようにしてほしいです。,5歳,住宅地,共働き,窓口
203,ひとりで子どもを育てていると、行政の窓口に行くこと自体が大きな負担です。相談、申請、必要書類の確認を一度に進められる伴走型の窓口があると安心です。 商店街周辺のひとり親からは、家族や支援者の視点でも、窓口、紙、Webのどれでも確認できることが大切なため、具体的な運用条件まで示してほしいです。 補足として、利用できない人がどこに相談すればよいか分かるようにしてほしいです。,4歳,商店街周辺,ひとり親,対面ヒアリング
204,休日出勤の日に預け先を探すのが一番大変です。通常保育とは別に、土日だけでも利用できる一時預かりや地域の見守りサービスが増えると助かります。 郊外の共働きからは、日常的に利用する人からも、実際の生活動線に合う運用でないと使い続けにくいため、地域別の影響を確認してから判断してほしいです。 補足として、利用できない人がどこに相談すればよいか分かるようにしてほしいです。,6歳,郊外,共働き,オンラインアンケート
205,小学校に入ると支援情報が急に少なく感じます。未就学児向けの案内は多いのに、放課後の居場所や学習支援、相談先を探すのに時間がかかりました。 住宅地の母親からは、初めて制度を調べた人からも、利用する時間帯や曜日で困り方が変わるため、試行期間を設けて利用者の声を再確認してほしいです。 補足として、利用できない人がどこに相談すればよいか分かるようにしてほしいです。,7歳,住宅地,母親,オンラインアンケート
206,転入してきたばかりで、学童の申込時期や地域の子ども会の情報を後から知りました。転入手続きの時に、子育て関連の一覧を渡してもらえると助かります。 駅周辺の父母からは、平日昼間に動きづらい人からも、情報の届き方に個人差があるため、対象者に届く案内方法も合わせて検討してほしいです。 補足として、利用できない人がどこに相談すればよいか分かるようにしてほしいです。,8歳,駅周辺,父母,窓口
207,放課後に安全に過ごせる場所が限られていて、学童に入れない日は不安です。高学年でも利用しやすい居場所や、宿題を見守ってくれる場があるとありがたいです。 郊外の共働きからは、地域活動に関わる人からも、費用負担と手続きの分かりやすさが利用を左右するため、必要な人が使えなくならないよう段階的に見直してほしいです。 補足として、利用できない人がどこに相談すればよいか分かるようにしてほしいです。,10歳,郊外,共働き,オンラインアンケート
208,学校からのプリント、自治体サイト、地域のSNSで情報が散らばり、重要な締切を見落としそうになります。小学生向けの支援も一つのカレンダーで見たいです。 住宅地の母親からは、同じ立場の利用者からも、地区ごとの距離や交通手段の違いが大きいため、利用実績だけでなく困っている人の声も判断材料にしてほしいです。 補足として、利用できない人がどこに相談すればよいか分かるようにしてほしいです。,9歳,住宅地,母親,LINE
209,思春期に近づくと、親の悩みも幼児期とは違ってきます。学校には相談しづらい内容を、地域の専門職に匿名で聞ける窓口があると利用しやすいです。 商店街周辺の母親からは、別の地区の回答でも、急な予定変更に対応できるかが重要なため、変更後の問い合わせ先と代替手段を分かりやすく示してほしいです。 補足として、利用できない人がどこに相談すればよいか分かるようにしてほしいです。,12歳,商店街周辺,母親,オンラインアンケート
210,引っ越してきて近所に知り合いがいないため、子ども同士の遊び場や保護者のつながりを作るきっかけが欲しいです。地域別の交流会があると参加しやすいです。 集合住宅エリアの父母からは、説明会後の意見としても、家族に頼れない場合の選択肢が必要なため、関係する部署や地域団体と連携して改善してほしいです。 補足として、利用できない人がどこに相談すればよいか分かるようにしてほしいです。,6歳,集合住宅エリア,父母,対面ヒアリング
211,長期休みの預け先が毎年悩みです。学童だけでは時間や内容が合わない日もあるので、午前だけの体験教室や昼食付きの居場所が増えると助かります。 郊外の共働きからは、家族や支援者の視点でも、窓口、紙、Webのどれでも確認できることが大切なため、具体的な運用条件まで示してほしいです。 補足として、利用できない人がどこに相談すればよいか分かるようにしてほしいです。,8歳,郊外,共働き,オンラインアンケート
212,学校に行き渋る日があり、家庭だけで抱えるには負担が大きいです。相談先はありますが、どこに連絡すべきか迷うので、最初の入口を分かりやすくしてほしいです。 住宅地の母親からは、日常的に利用する人からも、実際の生活動線に合う運用でないと使い続けにくいため、地域別の影響を確認してから判断してほしいです。 補足として、利用できない人がどこに相談すればよいか分かるようにしてほしいです。,11歳,住宅地,母親,窓口
213,転入後、医療機関や習い事、放課後の過ごし方など生活情報を一から探す必要がありました。行政の子育てページに地域マップがあると安心して動けます。 駅周辺の父親からは、初めて制度を調べた人からも、利用する時間帯や曜日で困り方が変わるため、試行期間を設けて利用者の声を再確認してほしいです。 補足として、利用できない人がどこに相談すればよいか分かるようにしてほしいです。,7歳,駅周辺,父親,オンラインアンケート
214,高学年になると学童を嫌がる一方、家で一人にするのも心配です。自由に過ごせて大人の目もある放課後スペースがあれば、親子の衝突も減ると思います。 商店街周辺の共働きからは、平日昼間に動きづらい人からも、情報の届き方に個人差があるため、対象者に届く案内方法も合わせて検討してほしいです。 補足として、利用できない人がどこに相談すればよいか分かるようにしてほしいです。,10歳,商店街周辺,共働き,オンラインアンケート
215,子どもの友人関係の悩みは、学校に伝えるほどか判断が難しく、相談が遅れがちです。保護者が気軽に話せる定期的な相談日やオンライン窓口があると助かります。 住宅地の母親からは、地域活動に関わる人からも、費用負担と手続きの分かりやすさが利用を左右するため、必要な人が使えなくならないよう段階的に見直してほしいです。 補足として、利用できない人がどこに相談すればよいか分かるようにしてほしいです。,9歳,住宅地,母親,対面ヒアリング
216,地域のイベントは魅力的ですが、対象年齢や申込方法が分かりづらく、転入家庭には参加のハードルがあります。学校経由だけでなく、自治体LINEでも知らせてほしいです。 集合住宅エリアの父母からは、同じ立場の利用者からも、地区ごとの距離や交通手段の違いが大きいため、利用実績だけでなく困っている人の声も判断材料にしてほしいです。 補足として、利用できない人がどこに相談すればよいか分かるようにしてほしいです。,8歳,集合住宅エリア,父母,LINE
217,一時預かりを使いたい日ほど予約が埋まっていて、前月から予定を決められない家庭には使いにくいです。空き状況をまとめて見られる仕組みがあると助かります。 駅周辺の母親からは、平日昼間に動きづらい人からも、情報の届き方に個人差があるため、対象者に届く案内方法も合わせて検討してほしいです。 補足として、制度変更の前後で負担がどう変わるかを比べられる資料が必要です。,1歳,駅周辺,母親,オンラインアンケート
218,子育て支援センターの雰囲気は良いのですが、初めて行く時に何を持って行けばいいか、予約が必要かが分かりにくく、行くまでに少し勇気が要りました。 住宅地の母親からは、地域活動に関わる人からも、費用負担と手続きの分かりやすさが利用を左右するため、必要な人が使えなくならないよう段階的に見直してほしいです。 補足として、制度変更の前後で負担がどう変わるかを比べられる資料が必要です。,0歳,住宅地,母親,窓口
219,近所に頼れる親族がいないため、短時間でも見てもらえる場所があると安心です。特に通院や上の子の用事で、2時間だけ預けたい場面がよくあります。 郊外の父母からは、同じ立場の利用者からも、地区ごとの距離や交通手段の違いが大きいため、利用実績だけでなく困っている人の声も判断材料にしてほしいです。 補足として、制度変更の前後で負担がどう変わるかを比べられる資料が必要です。,2歳,郊外,父母,オンラインアンケート
220,広報紙、LINE、ホームページで情報が分かれていて、結局どこを見れば最新なのか迷います。年齢別に必要な制度やイベントがまとまっていると探しやすいです。 駅周辺の母親からは、別の地区の回答でも、急な予定変更に対応できるかが重要なため、変更後の問い合わせ先と代替手段を分かりやすく示してほしいです。 補足として、制度変更の前後で負担がどう変わるかを比べられる資料が必要です。,1歳,駅周辺,母親,LINE
221,産後しばらく外に出にくく、誰かに相談するほどではない悩みを抱えたまま過ごしていました。電話以外にチャットで軽く聞ける窓口があると利用しやすいです。 集合住宅エリアの母親からは、説明会後の意見としても、家族に頼れない場合の選択肢が必要なため、関係する部署や地域団体と連携して改善してほしいです。 補足として、制度変更の前後で負担がどう変わるかを比べられる資料が必要です。,0歳,集合住宅エリア,母親,オンラインアンケート
222,保育園に入る前の過ごし方について、園庭開放や親子教室の情報を探しましたが、開催日が施設ごとに違って見落としやすいです。月間カレンダーが欲しいです。 住宅地の父親からは、家族や支援者の視点でも、窓口、紙、Webのどれでも確認できることが大切なため、具体的な運用条件まで示してほしいです。 補足として、制度変更の前後で負担がどう変わるかを比べられる資料が必要です。,2歳,住宅地,父親,窓口
223,急な発熱後、登園できない期間に仕事ではなく家事や休息のためにも預け先が必要だと感じます。病児保育の条件や空きがもっと分かりやすいと安心です。 商店街周辺の母親からは、日常的に利用する人からも、実際の生活動線に合う運用でないと使い続けにくいため、地域別の影響を確認してから判断してほしいです。 補足として、制度変更の前後で負担がどう変わるかを比べられる資料が必要です。,3歳,商店街周辺,母親,オンラインアンケート
224,子どもが人見知りで支援センターに行ってもすぐ帰ることがあり、相談員さんと話す時間までたどり着けません。予約制の個別相談が少し増えると助かります。 郊外の母親からは、初めて制度を調べた人からも、利用する時間帯や曜日で困り方が変わるため、試行期間を設けて利用者の声を再確認してほしいです。 補足として、制度変更の前後で負担がどう変わるかを比べられる資料が必要です。,1歳,郊外,母親,対面ヒアリング
225,土日に参加できる親子イベントが少なく、平日は家族の予定と合いません。父親も行きやすい時間帯の講座や遊び場があると、家庭内で育児を共有しやすいです。 駅周辺の父親からは、平日昼間に動きづらい人からも、情報の届き方に個人差があるため、対象者に届く案内方法も合わせて検討してほしいです。 補足として、制度変更の前後で負担がどう変わるかを比べられる資料が必要です。,2歳,駅周辺,父親,オンラインアンケート
226,離乳食や発達の相談先はあると聞きますが、困った時にすぐ名前が出てきません。母子手帳アプリなどから年齢に合わせて案内が届くと心強いです。 住宅地の母親からは、地域活動に関わる人からも、費用負担と手続きの分かりやすさが利用を左右するため、必要な人が使えなくならないよう段階的に見直してほしいです。 補足として、制度変更の前後で負担がどう変わるかを比べられる資料が必要です。,0歳,住宅地,母親,アプリ
227,雨の日や暑い日に行ける屋内の遊び場が限られていて、家にこもる日が続くと親子ともに煮詰まります。予約不要で短時間利用できる場所が増えてほしいです。 郊外の祖母同居からは、同じ立場の利用者からも、地区ごとの距離や交通手段の違いが大きいため、利用実績だけでなく困っている人の声も判断材料にしてほしいです。 補足として、制度変更の前後で負担がどう変わるかを比べられる資料が必要です。,3歳,郊外,祖母同居,オンラインアンケート
228,相談会の案内は見かけますが、悩みが深刻でないと行ってはいけない気がしてしまいます。雑談から入れる場や、同じ月齢の親同士がつながる機会があると嬉しいです。 集合住宅エリアの母親からは、別の地区の回答でも、急な予定変更に対応できるかが重要なため、変更後の問い合わせ先と代替手段を分かりやすく示してほしいです。 補足として、制度変更の前後で負担がどう変わるかを比べられる資料が必要です。,1歳,集合住宅エリア,母親,対面ヒアリング
229,保育園のお迎え時間が勤務終了と合わず、延長保育を使っても毎日ぎりぎりです。駅近くに短時間だけ預けられる夕方の受け皿があると続けやすいです。 駅周辺の共働きからは、説明会後の意見としても、家族に頼れない場合の選択肢が必要なため、関係する部署や地域団体と連携して改善してほしいです。 補足として、制度変更の前後で負担がどう変わるかを比べられる資料が必要です。,4歳,駅周辺,共働き,オンラインアンケート
230,ひとり親向けの制度が複数ありますが、手当、就労支援、相談窓口が別々に載っていて全体像をつかみにくいです。状況を入力すると候補が出るページが欲しいです。 住宅地のひとり親からは、家族や支援者の視点でも、窓口、紙、Webのどれでも確認できることが大切なため、具体的な運用条件まで示してほしいです。 補足として、制度変更の前後で負担がどう変わるかを比べられる資料が必要です。,5歳,住宅地,ひとり親,窓口
231,シフト勤務なので、平日昼間の説明会や相談時間には行けません。夜間や土曜にオンラインで相談できれば、仕事を休まず必要な情報を確認できます。 商店街周辺の共働きからは、日常的に利用する人からも、実際の生活動線に合う運用でないと使い続けにくいため、地域別の影響を確認してから判断してほしいです。 補足として、制度変更の前後で負担がどう変わるかを比べられる資料が必要です。,3歳,商店街周辺,共働き,オンラインアンケート
232,子どもの体調不良で急に休むたび、職場にも家庭にも負担を感じます。病児保育の予約方法が複雑なので、当日の流れや持ち物を一枚で確認できると助かります。 郊外の共働きからは、初めて制度を調べた人からも、利用する時間帯や曜日で困り方が変わるため、試行期間を設けて利用者の声を再確認してほしいです。 補足として、制度変更の前後で負担がどう変わるかを比べられる資料が必要です。,2歳,郊外,共働き,LINE
233,ファミリーサポートはありがたい制度ですが、登録説明会に参加する時間を作るのが難しいです。オンライン登録や面談枠の拡大があれば利用し始めやすいです。 駅周辺のひとり親からは、平日昼間に動きづらい人からも、情報の届き方に個人差があるため、対象者に届く案内方法も合わせて検討してほしいです。 補足として、制度変更の前後で負担がどう変わるかを比べられる資料が必要です。,6歳,駅周辺,ひとり親,オンラインアンケート
234,仕事と育児で日々を回すだけで精一杯で、困りごとを相談する余裕がありません。保育園や学校を通じて、必要な支援につながる声かけがあると孤立しにくいです。 住宅地の共働きからは、地域活動に関わる人からも、費用負担と手続きの分かりやすさが利用を左右するため、必要な人が使えなくならないよう段階的に見直してほしいです。 補足として、制度変更の前後で負担がどう変わるかを比べられる資料が必要です。,5歳,住宅地,共働き,対面ヒアリング
235,朝の登園前に急な会議が入ることがあり、早朝の預かりが少ないのが悩みです。7時前後から使える選択肢があるだけで、仕事の調整がかなり楽になります。 駅周辺の共働きからは、同じ立場の利用者からも、地区ごとの距離や交通手段の違いが大きいため、利用実績だけでなく困っている人の声も判断材料にしてほしいです。 補足として、制度変更の前後で負担がどう変わるかを比べられる資料が必要です。,4歳,駅周辺,共働き,オンラインアンケート
236,支援情報を探す時間が取れず、知っている人だけが制度を使えている印象があります。保育料通知や児童手当の案内と一緒に、関連支援も知らせてほしいです。 集合住宅エリアのひとり親からは、別の地区の回答でも、急な予定変更に対応できるかが重要なため、変更後の問い合わせ先と代替手段を分かりやすく示してほしいです。 補足として、制度変更の前後で負担がどう変わるかを比べられる資料が必要です。,3歳,集合住宅エリア,ひとり親,郵送アンケート
237,残業が読めないため、学童や保育の締切時間に間に合うか毎日不安です。急な延長を相談できる仕組みや、近隣施設との連携があると安心して働けます。 郊外の共働きからは、説明会後の意見としても、家族に頼れない場合の選択肢が必要なため、関係する部署や地域団体と連携して改善してほしいです。 補足として、制度変更の前後で負担がどう変わるかを比べられる資料が必要です。,7歳,郊外,共働き,オンラインアンケート
238,子どもの発達について気になることがあっても、平日の専門相談は予約が先になりがちです。保護者が休みの日に相談できる枠が少しでもあると助かります。 住宅地の共働きからは、家族や支援者の視点でも、窓口、紙、Webのどれでも確認できることが大切なため、具体的な運用条件まで示してほしいです。 補足として、制度変更の前後で負担がどう変わるかを比べられる資料が必要です。,5歳,住宅地,共働き,窓口
239,ひとりで子どもを育てていると、行政の窓口に行くこと自体が大きな負担です。相談、申請、必要書類の確認を一度に進められる伴走型の窓口があると安心です。 商店街周辺のひとり親からは、日常的に利用する人からも、実際の生活動線に合う運用でないと使い続けにくいため、地域別の影響を確認してから判断してほしいです。 補足として、制度変更の前後で負担がどう変わるかを比べられる資料が必要です。,4歳,商店街周辺,ひとり親,対面ヒアリング
240,休日出勤の日に預け先を探すのが一番大変です。通常保育とは別に、土日だけでも利用できる一時預かりや地域の見守りサービスが増えると助かります。 郊外の共働きからは、初めて制度を調べた人からも、利用する時間帯や曜日で困り方が変わるため、試行期間を設けて利用者の声を再確認してほしいです。 補足として、制度変更の前後で負担がどう変わるかを比べられる資料が必要です。,6歳,郊外,共働き,オンラインアンケート
241,小学校に入ると支援情報が急に少なく感じます。未就学児向けの案内は多いのに、放課後の居場所や学習支援、相談先を探すのに時間がかかりました。 住宅地の母親からは、平日昼間に動きづらい人からも、情報の届き方に個人差があるため、対象者に届く案内方法も合わせて検討してほしいです。 補足として、制度変更の前後で負担がどう変わるかを比べられる資料が必要です。,7歳,住宅地,母親,オンラインアンケート
242,転入してきたばかりで、学童の申込時期や地域の子ども会の情報を後から知りました。転入手続きの時に、子育て関連の一覧を渡してもらえると助かります。 駅周辺の父母からは、地域活動に関わる人からも、費用負担と手続きの分かりやすさが利用を左右するため、必要な人が使えなくならないよう段階的に見直してほしいです。 補足として、制度変更の前後で負担がどう変わるかを比べられる資料が必要です。,8歳,駅周辺,父母,窓口
243,放課後に安全に過ごせる場所が限られていて、学童に入れない日は不安です。高学年でも利用しやすい居場所や、宿題を見守ってくれる場があるとありがたいです。 郊外の共働きからは、同じ立場の利用者からも、地区ごとの距離や交通手段の違いが大きいため、利用実績だけでなく困っている人の声も判断材料にしてほしいです。 補足として、制度変更の前後で負担がどう変わるかを比べられる資料が必要です。,10歳,郊外,共働き,オンラインアンケート
244,学校からのプリント、自治体サイト、地域のSNSで情報が散らばり、重要な締切を見落としそうになります。小学生向けの支援も一つのカレンダーで見たいです。 住宅地の母親からは、別の地区の回答でも、急な予定変更に対応できるかが重要なため、変更後の問い合わせ先と代替手段を分かりやすく示してほしいです。 補足として、制度変更の前後で負担がどう変わるかを比べられる資料が必要です。,9歳,住宅地,母親,LINE
245,思春期に近づくと、親の悩みも幼児期とは違ってきます。学校には相談しづらい内容を、地域の専門職に匿名で聞ける窓口があると利用しやすいです。 商店街周辺の母親からは、説明会後の意見としても、家族に頼れない場合の選択肢が必要なため、関係する部署や地域団体と連携して改善してほしいです。 補足として、制度変更の前後で負担がどう変わるかを比べられる資料が必要です。,12歳,商店街周辺,母親,オンラインアンケート
246,引っ越してきて近所に知り合いがいないため、子ども同士の遊び場や保護者のつながりを作るきっかけが欲しいです。地域別の交流会があると参加しやすいです。 集合住宅エリアの父母からは、家族や支援者の視点でも、窓口、紙、Webのどれでも確認できることが大切なため、具体的な運用条件まで示してほしいです。 補足として、制度変更の前後で負担がどう変わるかを比べられる資料が必要です。,6歳,集合住宅エリア,父母,対面ヒアリング
247,長期休みの預け先が毎年悩みです。学童だけでは時間や内容が合わない日もあるので、午前だけの体験教室や昼食付きの居場所が増えると助かります。 郊外の共働きからは、日常的に利用する人からも、実際の生活動線に合う運用でないと使い続けにくいため、地域別の影響を確認してから判断してほしいです。 補足として、制度変更の前後で負担がどう変わるかを比べられる資料が必要です。,8歳,郊外,共働き,オンラインアンケート
248,学校に行き渋る日があり、家庭だけで抱えるには負担が大きいです。相談先はありますが、どこに連絡すべきか迷うので、最初の入口を分かりやすくしてほしいです。 住宅地の母親からは、初めて制度を調べた人からも、利用する時間帯や曜日で困り方が変わるため、試行期間を設けて利用者の声を再確認してほしいです。 補足として、制度変更の前後で負担がどう変わるかを比べられる資料が必要です。,11歳,住宅地,母親,窓口
249,転入後、医療機関や習い事、放課後の過ごし方など生活情報を一から探す必要がありました。行政の子育てページに地域マップがあると安心して動けます。 駅周辺の父親からは、平日昼間に動きづらい人からも、情報の届き方に個人差があるため、対象者に届く案内方法も合わせて検討してほしいです。 補足として、制度変更の前後で負担がどう変わるかを比べられる資料が必要です。,7歳,駅周辺,父親,オンラインアンケート
250,高学年になると学童を嫌がる一方、家で一人にするのも心配です。自由に過ごせて大人の目もある放課後スペースがあれば、親子の衝突も減ると思います。 商店街周辺の共働きからは、地域活動に関わる人からも、費用負担と手続きの分かりやすさが利用を左右するため、必要な人が使えなくならないよう段階的に見直してほしいです。 補足として、制度変更の前後で負担がどう変わるかを比べられる資料が必要です。,10歳,商店街周辺,共働き,オンラインアンケート
251,子どもの友人関係の悩みは、学校に伝えるほどか判断が難しく、相談が遅れがちです。保護者が気軽に話せる定期的な相談日やオンライン窓口があると助かります。 住宅地の母親からは、同じ立場の利用者からも、地区ごとの距離や交通手段の違いが大きいため、利用実績だけでなく困っている人の声も判断材料にしてほしいです。 補足として、制度変更の前後で負担がどう変わるかを比べられる資料が必要です。,9歳,住宅地,母親,対面ヒアリング
252,地域のイベントは魅力的ですが、対象年齢や申込方法が分かりづらく、転入家庭には参加のハードルがあります。学校経由だけでなく、自治体LINEでも知らせてほしいです。 集合住宅エリアの父母からは、別の地区の回答でも、急な予定変更に対応できるかが重要なため、変更後の問い合わせ先と代替手段を分かりやすく示してほしいです。 補足として、制度変更の前後で負担がどう変わるかを比べられる資料が必要です。,8歳,集合住宅エリア,父母,LINE
253,一時預かりを使いたい日ほど予約が埋まっていて、前月から予定を決められない家庭には使いにくいです。空き状況をまとめて見られる仕組みがあると助かります。 駅周辺の母親からは、地域活動に関わる人からも、費用負担と手続きの分かりやすさが利用を左右するため、必要な人が使えなくならないよう段階的に見直してほしいです。 補足として、地区ごとの実情を一律に扱わないでほしいです。,1歳,駅周辺,母親,オンラインアンケート
254,子育て支援センターの雰囲気は良いのですが、初めて行く時に何を持って行けばいいか、予約が必要かが分かりにくく、行くまでに少し勇気が要りました。 住宅地の母親からは、同じ立場の利用者からも、地区ごとの距離や交通手段の違いが大きいため、利用実績だけでなく困っている人の声も判断材料にしてほしいです。 補足として、地区ごとの実情を一律に扱わないでほしいです。,0歳,住宅地,母親,窓口
255,近所に頼れる親族がいないため、短時間でも見てもらえる場所があると安心です。特に通院や上の子の用事で、2時間だけ預けたい場面がよくあります。 郊外の父母からは、別の地区の回答でも、急な予定変更に対応できるかが重要なため、変更後の問い合わせ先と代替手段を分かりやすく示してほしいです。 補足として、地区ごとの実情を一律に扱わないでほしいです。,2歳,郊外,父母,オンラインアンケート
256,広報紙、LINE、ホームページで情報が分かれていて、結局どこを見れば最新なのか迷います。年齢別に必要な制度やイベントがまとまっていると探しやすいです。 駅周辺の母親からは、説明会後の意見としても、家族に頼れない場合の選択肢が必要なため、関係する部署や地域団体と連携して改善してほしいです。 補足として、地区ごとの実情を一律に扱わないでほしいです。,1歳,駅周辺,母親,LINE
257,産後しばらく外に出にくく、誰かに相談するほどではない悩みを抱えたまま過ごしていました。電話以外にチャットで軽く聞ける窓口があると利用しやすいです。 集合住宅エリアの母親からは、家族や支援者の視点でも、窓口、紙、Webのどれでも確認できることが大切なため、具体的な運用条件まで示してほしいです。 補足として、地区ごとの実情を一律に扱わないでほしいです。,0歳,集合住宅エリア,母親,オンラインアンケート
258,保育園に入る前の過ごし方について、園庭開放や親子教室の情報を探しましたが、開催日が施設ごとに違って見落としやすいです。月間カレンダーが欲しいです。 住宅地の父親からは、日常的に利用する人からも、実際の生活動線に合う運用でないと使い続けにくいため、地域別の影響を確認してから判断してほしいです。 補足として、地区ごとの実情を一律に扱わないでほしいです。,2歳,住宅地,父親,窓口
259,急な発熱後、登園できない期間に仕事ではなく家事や休息のためにも預け先が必要だと感じます。病児保育の条件や空きがもっと分かりやすいと安心です。 商店街周辺の母親からは、初めて制度を調べた人からも、利用する時間帯や曜日で困り方が変わるため、試行期間を設けて利用者の声を再確認してほしいです。 補足として、地区ごとの実情を一律に扱わないでほしいです。,3歳,商店街周辺,母親,オンラインアンケート
260,子どもが人見知りで支援センターに行ってもすぐ帰ることがあり、相談員さんと話す時間までたどり着けません。予約制の個別相談が少し増えると助かります。 郊外の母親からは、平日昼間に動きづらい人からも、情報の届き方に個人差があるため、対象者に届く案内方法も合わせて検討してほしいです。 補足として、地区ごとの実情を一律に扱わないでほしいです。,1歳,郊外,母親,対面ヒアリング
261,土日に参加できる親子イベントが少なく、平日は家族の予定と合いません。父親も行きやすい時間帯の講座や遊び場があると、家庭内で育児を共有しやすいです。 駅周辺の父親からは、地域活動に関わる人からも、費用負担と手続きの分かりやすさが利用を左右するため、必要な人が使えなくならないよう段階的に見直してほしいです。 補足として、地区ごとの実情を一律に扱わないでほしいです。,2歳,駅周辺,父親,オンラインアンケート
262,離乳食や発達の相談先はあると聞きますが、困った時にすぐ名前が出てきません。母子手帳アプリなどから年齢に合わせて案内が届くと心強いです。 住宅地の母親からは、同じ立場の利用者からも、地区ごとの距離や交通手段の違いが大きいため、利用実績だけでなく困っている人の声も判断材料にしてほしいです。 補足として、地区ごとの実情を一律に扱わないでほしいです。,0歳,住宅地,母親,アプリ
263,雨の日や暑い日に行ける屋内の遊び場が限られていて、家にこもる日が続くと親子ともに煮詰まります。予約不要で短時間利用できる場所が増えてほしいです。 郊外の祖母同居からは、別の地区の回答でも、急な予定変更に対応できるかが重要なため、変更後の問い合わせ先と代替手段を分かりやすく示してほしいです。 補足として、地区ごとの実情を一律に扱わないでほしいです。,3歳,郊外,祖母同居,オンラインアンケート
264,相談会の案内は見かけますが、悩みが深刻でないと行ってはいけない気がしてしまいます。雑談から入れる場や、同じ月齢の親同士がつながる機会があると嬉しいです。 集合住宅エリアの母親からは、説明会後の意見としても、家族に頼れない場合の選択肢が必要なため、関係する部署や地域団体と連携して改善してほしいです。 補足として、地区ごとの実情を一律に扱わないでほしいです。,1歳,集合住宅エリア,母親,対面ヒアリング
265,保育園のお迎え時間が勤務終了と合わず、延長保育を使っても毎日ぎりぎりです。駅近くに短時間だけ預けられる夕方の受け皿があると続けやすいです。 駅周辺の共働きからは、家族や支援者の視点でも、窓口、紙、Webのどれでも確認できることが大切なため、具体的な運用条件まで示してほしいです。 補足として、地区ごとの実情を一律に扱わないでほしいです。,4歳,駅周辺,共働き,オンラインアンケート
266,ひとり親向けの制度が複数ありますが、手当、就労支援、相談窓口が別々に載っていて全体像をつかみにくいです。状況を入力すると候補が出るページが欲しいです。 住宅地のひとり親からは、日常的に利用する人からも、実際の生活動線に合う運用でないと使い続けにくいため、地域別の影響を確認してから判断してほしいです。 補足として、地区ごとの実情を一律に扱わないでほしいです。,5歳,住宅地,ひとり親,窓口
267,シフト勤務なので、平日昼間の説明会や相談時間には行けません。夜間や土曜にオンラインで相談できれば、仕事を休まず必要な情報を確認できます。 商店街周辺の共働きからは、初めて制度を調べた人からも、利用する時間帯や曜日で困り方が変わるため、試行期間を設けて利用者の声を再確認してほしいです。 補足として、地区ごとの実情を一律に扱わないでほしいです。,3歳,商店街周辺,共働き,オンラインアンケート
268,子どもの体調不良で急に休むたび、職場にも家庭にも負担を感じます。病児保育の予約方法が複雑なので、当日の流れや持ち物を一枚で確認できると助かります。 郊外の共働きからは、平日昼間に動きづらい人からも、情報の届き方に個人差があるため、対象者に届く案内方法も合わせて検討してほしいです。 補足として、地区ごとの実情を一律に扱わないでほしいです。,2歳,郊外,共働き,LINE
269,ファミリーサポートはありがたい制度ですが、登録説明会に参加する時間を作るのが難しいです。オンライン登録や面談枠の拡大があれば利用し始めやすいです。 駅周辺のひとり親からは、地域活動に関わる人からも、費用負担と手続きの分かりやすさが利用を左右するため、必要な人が使えなくならないよう段階的に見直してほしいです。 補足として、地区ごとの実情を一律に扱わないでほしいです。,6歳,駅周辺,ひとり親,オンラインアンケート
270,仕事と育児で日々を回すだけで精一杯で、困りごとを相談する余裕がありません。保育園や学校を通じて、必要な支援につながる声かけがあると孤立しにくいです。 住宅地の共働きからは、同じ立場の利用者からも、地区ごとの距離や交通手段の違いが大きいため、利用実績だけでなく困っている人の声も判断材料にしてほしいです。 補足として、地区ごとの実情を一律に扱わないでほしいです。,5歳,住宅地,共働き,対面ヒアリング
271,朝の登園前に急な会議が入ることがあり、早朝の預かりが少ないのが悩みです。7時前後から使える選択肢があるだけで、仕事の調整がかなり楽になります。 駅周辺の共働きからは、別の地区の回答でも、急な予定変更に対応できるかが重要なため、変更後の問い合わせ先と代替手段を分かりやすく示してほしいです。 補足として、地区ごとの実情を一律に扱わないでほしいです。,4歳,駅周辺,共働き,オンラインアンケート
272,支援情報を探す時間が取れず、知っている人だけが制度を使えている印象があります。保育料通知や児童手当の案内と一緒に、関連支援も知らせてほしいです。 集合住宅エリアのひとり親からは、説明会後の意見としても、家族に頼れない場合の選択肢が必要なため、関係する部署や地域団体と連携して改善してほしいです。 補足として、地区ごとの実情を一律に扱わないでほしいです。,3歳,集合住宅エリア,ひとり親,郵送アンケート
273,残業が読めないため、学童や保育の締切時間に間に合うか毎日不安です。急な延長を相談できる仕組みや、近隣施設との連携があると安心して働けます。 郊外の共働きからは、家族や支援者の視点でも、窓口、紙、Webのどれでも確認できることが大切なため、具体的な運用条件まで示してほしいです。 補足として、地区ごとの実情を一律に扱わないでほしいです。,7歳,郊外,共働き,オンラインアンケート
274,子どもの発達について気になることがあっても、平日の専門相談は予約が先になりがちです。保護者が休みの日に相談できる枠が少しでもあると助かります。 住宅地の共働きからは、日常的に利用する人からも、実際の生活動線に合う運用でないと使い続けにくいため、地域別の影響を確認してから判断してほしいです。 補足として、地区ごとの実情を一律に扱わないでほしいです。,5歳,住宅地,共働き,窓口
275,ひとりで子どもを育てていると、行政の窓口に行くこと自体が大きな負担です。相談、申請、必要書類の確認を一度に進められる伴走型の窓口があると安心です。 商店街周辺のひとり親からは、初めて制度を調べた人からも、利用する時間帯や曜日で困り方が変わるため、試行期間を設けて利用者の声を再確認してほしいです。 補足として、地区ごとの実情を一律に扱わないでほしいです。,4歳,商店街周辺,ひとり親,対面ヒアリング
276,休日出勤の日に預け先を探すのが一番大変です。通常保育とは別に、土日だけでも利用できる一時預かりや地域の見守りサービスが増えると助かります。 郊外の共働きからは、平日昼間に動きづらい人からも、情報の届き方に個人差があるため、対象者に届く案内方法も合わせて検討してほしいです。 補足として、地区ごとの実情を一律に扱わないでほしいです。,6歳,郊外,共働き,オンラインアンケート
277,小学校に入ると支援情報が急に少なく感じます。未就学児向けの案内は多いのに、放課後の居場所や学習支援、相談先を探すのに時間がかかりました。 住宅地の母親からは、地域活動に関わる人からも、費用負担と手続きの分かりやすさが利用を左右するため、必要な人が使えなくならないよう段階的に見直してほしいです。 補足として、地区ごとの実情を一律に扱わないでほしいです。,7歳,住宅地,母親,オンラインアンケート
278,転入してきたばかりで、学童の申込時期や地域の子ども会の情報を後から知りました。転入手続きの時に、子育て関連の一覧を渡してもらえると助かります。 駅周辺の父母からは、同じ立場の利用者からも、地区ごとの距離や交通手段の違いが大きいため、利用実績だけでなく困っている人の声も判断材料にしてほしいです。 補足として、地区ごとの実情を一律に扱わないでほしいです。,8歳,駅周辺,父母,窓口
279,放課後に安全に過ごせる場所が限られていて、学童に入れない日は不安です。高学年でも利用しやすい居場所や、宿題を見守ってくれる場があるとありがたいです。 郊外の共働きからは、別の地区の回答でも、急な予定変更に対応できるかが重要なため、変更後の問い合わせ先と代替手段を分かりやすく示してほしいです。 補足として、地区ごとの実情を一律に扱わないでほしいです。,10歳,郊外,共働き,オンラインアンケート
280,学校からのプリント、自治体サイト、地域のSNSで情報が散らばり、重要な締切を見落としそうになります。小学生向けの支援も一つのカレンダーで見たいです。 住宅地の母親からは、説明会後の意見としても、家族に頼れない場合の選択肢が必要なため、関係する部署や地域団体と連携して改善してほしいです。 補足として、地区ごとの実情を一律に扱わないでほしいです。,9歳,住宅地,母親,LINE
281,思春期に近づくと、親の悩みも幼児期とは違ってきます。学校には相談しづらい内容を、地域の専門職に匿名で聞ける窓口があると利用しやすいです。 商店街周辺の母親からは、家族や支援者の視点でも、窓口、紙、Webのどれでも確認できることが大切なため、具体的な運用条件まで示してほしいです。 補足として、地区ごとの実情を一律に扱わないでほしいです。,12歳,商店街周辺,母親,オンラインアンケート
282,引っ越してきて近所に知り合いがいないため、子ども同士の遊び場や保護者のつながりを作るきっかけが欲しいです。地域別の交流会があると参加しやすいです。 集合住宅エリアの父母からは、日常的に利用する人からも、実際の生活動線に合う運用でないと使い続けにくいため、地域別の影響を確認してから判断してほしいです。 補足として、地区ごとの実情を一律に扱わないでほしいです。,6歳,集合住宅エリア,父母,対面ヒアリング
283,長期休みの預け先が毎年悩みです。学童だけでは時間や内容が合わない日もあるので、午前だけの体験教室や昼食付きの居場所が増えると助かります。 郊外の共働きからは、初めて制度を調べた人からも、利用する時間帯や曜日で困り方が変わるため、試行期間を設けて利用者の声を再確認してほしいです。 補足として、地区ごとの実情を一律に扱わないでほしいです。,8歳,郊外,共働き,オンラインアンケート
284,学校に行き渋る日があり、家庭だけで抱えるには負担が大きいです。相談先はありますが、どこに連絡すべきか迷うので、最初の入口を分かりやすくしてほしいです。 住宅地の母親からは、平日昼間に動きづらい人からも、情報の届き方に個人差があるため、対象者に届く案内方法も合わせて検討してほしいです。 補足として、地区ごとの実情を一律に扱わないでほしいです。,11歳,住宅地,母親,窓口
285,転入後、医療機関や習い事、放課後の過ごし方など生活情報を一から探す必要がありました。行政の子育てページに地域マップがあると安心して動けます。 駅周辺の父親からは、地域活動に関わる人からも、費用負担と手続きの分かりやすさが利用を左右するため、必要な人が使えなくならないよう段階的に見直してほしいです。 補足として、地区ごとの実情を一律に扱わないでほしいです。,7歳,駅周辺,父親,オンラインアンケート
286,高学年になると学童を嫌がる一方、家で一人にするのも心配です。自由に過ごせて大人の目もある放課後スペースがあれば、親子の衝突も減ると思います。 商店街周辺の共働きからは、同じ立場の利用者からも、地区ごとの距離や交通手段の違いが大きいため、利用実績だけでなく困っている人の声も判断材料にしてほしいです。 補足として、地区ごとの実情を一律に扱わないでほしいです。,10歳,商店街周辺,共働き,オンラインアンケート
287,子どもの友人関係の悩みは、学校に伝えるほどか判断が難しく、相談が遅れがちです。保護者が気軽に話せる定期的な相談日やオンライン窓口があると助かります。 住宅地の母親からは、別の地区の回答でも、急な予定変更に対応できるかが重要なため、変更後の問い合わせ先と代替手段を分かりやすく示してほしいです。 補足として、地区ごとの実情を一律に扱わないでほしいです。,9歳,住宅地,母親,対面ヒアリング
288,地域のイベントは魅力的ですが、対象年齢や申込方法が分かりづらく、転入家庭には参加のハードルがあります。学校経由だけでなく、自治体LINEでも知らせてほしいです。 集合住宅エリアの父母からは、説明会後の意見としても、家族に頼れない場合の選択肢が必要なため、関係する部署や地域団体と連携して改善してほしいです。 補足として、地区ごとの実情を一律に扱わないでほしいです。,8歳,集合住宅エリア,父母,LINE
289,一時預かりを使いたい日ほど予約が埋まっていて、前月から予定を決められない家庭には使いにくいです。空き状況をまとめて見られる仕組みがあると助かります。 駅周辺の母親からは、同じ立場の利用者からも、地区ごとの距離や交通手段の違いが大きいため、利用実績だけでなく困っている人の声も判断材料にしてほしいです。 補足として、初めて使う人でも迷わない案内があると利用しやすくなります。,1歳,駅周辺,母親,オンラインアンケート
290,子育て支援センターの雰囲気は良いのですが、初めて行く時に何を持って行けばいいか、予約が必要かが分かりにくく、行くまでに少し勇気が要りました。 住宅地の母親からは、別の地区の回答でも、急な予定変更に対応できるかが重要なため、変更後の問い合わせ先と代替手段を分かりやすく示してほしいです。 補足として、初めて使う人でも迷わない案内があると利用しやすくなります。,0歳,住宅地,母親,窓口
291,近所に頼れる親族がいないため、短時間でも見てもらえる場所があると安心です。特に通院や上の子の用事で、2時間だけ預けたい場面がよくあります。 郊外の父母からは、説明会後の意見としても、家族に頼れない場合の選択肢が必要なため、関係する部署や地域団体と連携して改善してほしいです。 補足として、初めて使う人でも迷わない案内があると利用しやすくなります。,2歳,郊外,父母,オンラインアンケート
292,広報紙、LINE、ホームページで情報が分かれていて、結局どこを見れば最新なのか迷います。年齢別に必要な制度やイベントがまとまっていると探しやすいです。 駅周辺の母親からは、家族や支援者の視点でも、窓口、紙、Webのどれでも確認できることが大切なため、具体的な運用条件まで示してほしいです。 補足として、初めて使う人でも迷わない案内があると利用しやすくなります。,1歳,駅周辺,母親,LINE
293,産後しばらく外に出にくく、誰かに相談するほどではない悩みを抱えたまま過ごしていました。電話以外にチャットで軽く聞ける窓口があると利用しやすいです。 集合住宅エリアの母親からは、日常的に利用する人からも、実際の生活動線に合う運用でないと使い続けにくいため、地域別の影響を確認してから判断してほしいです。 補足として、初めて使う人でも迷わない案内があると利用しやすくなります。,0歳,集合住宅エリア,母親,オンラインアンケート
294,保育園に入る前の過ごし方について、園庭開放や親子教室の情報を探しましたが、開催日が施設ごとに違って見落としやすいです。月間カレンダーが欲しいです。 住宅地の父親からは、初めて制度を調べた人からも、利用する時間帯や曜日で困り方が変わるため、試行期間を設けて利用者の声を再確認してほしいです。 補足として、初めて使う人でも迷わない案内があると利用しやすくなります。,2歳,住宅地,父親,窓口
295,急な発熱後、登園できない期間に仕事ではなく家事や休息のためにも預け先が必要だと感じます。病児保育の条件や空きがもっと分かりやすいと安心です。 商店街周辺の母親からは、平日昼間に動きづらい人からも、情報の届き方に個人差があるため、対象者に届く案内方法も合わせて検討してほしいです。 補足として、初めて使う人でも迷わない案内があると利用しやすくなります。,3歳,商店街周辺,母親,オンラインアンケート
296,子どもが人見知りで支援センターに行ってもすぐ帰ることがあり、相談員さんと話す時間までたどり着けません。予約制の個別相談が少し増えると助かります。 郊外の母親からは、地域活動に関わる人からも、費用負担と手続きの分かりやすさが利用を左右するため、必要な人が使えなくならないよう段階的に見直してほしいです。 補足として、初めて使う人でも迷わない案内があると利用しやすくなります。,1歳,郊外,母親,対面ヒアリング
297,土日に参加できる親子イベントが少なく、平日は家族の予定と合いません。父親も行きやすい時間帯の講座や遊び場があると、家庭内で育児を共有しやすいです。 駅周辺の父親からは、同じ立場の利用者からも、地区ごとの距離や交通手段の違いが大きいため、利用実績だけでなく困っている人の声も判断材料にしてほしいです。 補足として、初めて使う人でも迷わない案内があると利用しやすくなります。,2歳,駅周辺,父親,オンラインアンケート
298,離乳食や発達の相談先はあると聞きますが、困った時にすぐ名前が出てきません。母子手帳アプリなどから年齢に合わせて案内が届くと心強いです。 住宅地の母親からは、別の地区の回答でも、急な予定変更に対応できるかが重要なため、変更後の問い合わせ先と代替手段を分かりやすく示してほしいです。 補足として、初めて使う人でも迷わない案内があると利用しやすくなります。,0歳,住宅地,母親,アプリ
299,雨の日や暑い日に行ける屋内の遊び場が限られていて、家にこもる日が続くと親子ともに煮詰まります。予約不要で短時間利用できる場所が増えてほしいです。 郊外の祖母同居からは、説明会後の意見としても、家族に頼れない場合の選択肢が必要なため、関係する部署や地域団体と連携して改善してほしいです。 補足として、初めて使う人でも迷わない案内があると利用しやすくなります。,3歳,郊外,祖母同居,オンラインアンケート
300,相談会の案内は見かけますが、悩みが深刻でないと行ってはいけない気がしてしまいます。雑談から入れる場や、同じ月齢の親同士がつながる機会があると嬉しいです。 集合住宅エリアの母親からは、家族や支援者の視点でも、窓口、紙、Webのどれでも確認できることが大切なため、具体的な運用条件まで示してほしいです。 補足として、初めて使う人でも迷わない案内があると利用しやすくなります。,1歳,集合住宅エリア,母親,対面ヒアリング
301,保育園のお迎え時間が勤務終了と合わず、延長保育を使っても毎日ぎりぎりです。駅近くに短時間だけ預けられる夕方の受け皿があると続けやすいです。 駅周辺の共働きからは、日常的に利用する人からも、実際の生活動線に合う運用でないと使い続けにくいため、地域別の影響を確認してから判断してほしいです。 補足として、初めて使う人でも迷わない案内があると利用しやすくなります。,4歳,駅周辺,共働き,オンラインアンケート
302,ひとり親向けの制度が複数ありますが、手当、就労支援、相談窓口が別々に載っていて全体像をつかみにくいです。状況を入力すると候補が出るページが欲しいです。 住宅地のひとり親からは、初めて制度を調べた人からも、利用する時間帯や曜日で困り方が変わるため、試行期間を設けて利用者の声を再確認してほしいです。 補足として、初めて使う人でも迷わない案内があると利用しやすくなります。,5歳,住宅地,ひとり親,窓口
303,シフト勤務なので、平日昼間の説明会や相談時間には行けません。夜間や土曜にオンラインで相談できれば、仕事を休まず必要な情報を確認できます。 商店街周辺の共働きからは、平日昼間に動きづらい人からも、情報の届き方に個人差があるため、対象者に届く案内方法も合わせて検討してほしいです。 補足として、初めて使う人でも迷わない案内があると利用しやすくなります。,3歳,商店街周辺,共働き,オンラインアンケート
304,子どもの体調不良で急に休むたび、職場にも家庭にも負担を感じます。病児保育の予約方法が複雑なので、当日の流れや持ち物を一枚で確認できると助かります。 郊外の共働きからは、地域活動に関わる人からも、費用負担と手続きの分かりやすさが利用を左右するため、必要な人が使えなくならないよう段階的に見直してほしいです。 補足として、初めて使う人でも迷わない案内があると利用しやすくなります。,2歳,郊外,共働き,LINE
305,ファミリーサポートはありがたい制度ですが、登録説明会に参加する時間を作るのが難しいです。オンライン登録や面談枠の拡大があれば利用し始めやすいです。 駅周辺のひとり親からは、同じ立場の利用者からも、地区ごとの距離や交通手段の違いが大きいため、利用実績だけでなく困っている人の声も判断材料にしてほしいです。 補足として、初めて使う人でも迷わない案内があると利用しやすくなります。,6歳,駅周辺,ひとり親,オンラインアンケート
306,仕事と育児で日々を回すだけで精一杯で、困りごとを相談する余裕がありません。保育園や学校を通じて、必要な支援につながる声かけがあると孤立しにくいです。 住宅地の共働きからは、別の地区の回答でも、急な予定変更に対応できるかが重要なため、変更後の問い合わせ先と代替手段を分かりやすく示してほしいです。 補足として、初めて使う人でも迷わない案内があると利用しやすくなります。,5歳,住宅地,共働き,対面ヒアリング
307,朝の登園前に急な会議が入ることがあり、早朝の預かりが少ないのが悩みです。7時前後から使える選択肢があるだけで、仕事の調整がかなり楽になります。 駅周辺の共働きからは、説明会後の意見としても、家族に頼れない場合の選択肢が必要なため、関係する部署や地域団体と連携して改善してほしいです。 補足として、初めて使う人でも迷わない案内があると利用しやすくなります。,4歳,駅周辺,共働き,オンラインアンケート
308,支援情報を探す時間が取れず、知っている人だけが制度を使えている印象があります。保育料通知や児童手当の案内と一緒に、関連支援も知らせてほしいです。 集合住宅エリアのひとり親からは、家族や支援者の視点でも、窓口、紙、Webのどれでも確認できることが大切なため、具体的な運用条件まで示してほしいです。 補足として、初めて使う人でも迷わない案内があると利用しやすくなります。,3歳,集合住宅エリア,ひとり親,郵送アンケート
309,残業が読めないため、学童や保育の締切時間に間に合うか毎日不安です。急な延長を相談できる仕組みや、近隣施設との連携があると安心して働けます。 郊外の共働きからは、日常的に利用する人からも、実際の生活動線に合う運用でないと使い続けにくいため、地域別の影響を確認してから判断してほしいです。 補足として、初めて使う人でも迷わない案内があると利用しやすくなります。,7歳,郊外,共働き,オンラインアンケート
310,子どもの発達について気になることがあっても、平日の専門相談は予約が先になりがちです。保護者が休みの日に相談できる枠が少しでもあると助かります。 住宅地の共働きからは、初めて制度を調べた人からも、利用する時間帯や曜日で困り方が変わるため、試行期間を設けて利用者の声を再確認してほしいです。 補足として、初めて使う人でも迷わない案内があると利用しやすくなります。,5歳,住宅地,共働き,窓口
311,ひとりで子どもを育てていると、行政の窓口に行くこと自体が大きな負担です。相談、申請、必要書類の確認を一度に進められる伴走型の窓口があると安心です。 商店街周辺のひとり親からは、平日昼間に動きづらい人からも、情報の届き方に個人差があるため、対象者に届く案内方法も合わせて検討してほしいです。 補足として、初めて使う人でも迷わない案内があると利用しやすくなります。,4歳,商店街周辺,ひとり親,対面ヒアリング
312,休日出勤の日に預け先を探すのが一番大変です。通常保育とは別に、土日だけでも利用できる一時預かりや地域の見守りサービスが増えると助かります。 郊外の共働きからは、地域活動に関わる人からも、費用負担と手続きの分かりやすさが利用を左右するため、必要な人が使えなくならないよう段階的に見直してほしいです。 補足として、初めて使う人でも迷わない案内があると利用しやすくなります。,6歳,郊外,共働き,オンラインアンケート
313,小学校に入ると支援情報が急に少なく感じます。未就学児向けの案内は多いのに、放課後の居場所や学習支援、相談先を探すのに時間がかかりました。 住宅地の母親からは、同じ立場の利用者からも、地区ごとの距離や交通手段の違いが大きいため、利用実績だけでなく困っている人の声も判断材料にしてほしいです。 補足として、初めて使う人でも迷わない案内があると利用しやすくなります。,7歳,住宅地,母親,オンラインアンケート
314,転入してきたばかりで、学童の申込時期や地域の子ども会の情報を後から知りました。転入手続きの時に、子育て関連の一覧を渡してもらえると助かります。 駅周辺の父母からは、別の地区の回答でも、急な予定変更に対応できるかが重要なため、変更後の問い合わせ先と代替手段を分かりやすく示してほしいです。 補足として、初めて使う人でも迷わない案内があると利用しやすくなります。,8歳,駅周辺,父母,窓口
315,放課後に安全に過ごせる場所が限られていて、学童に入れない日は不安です。高学年でも利用しやすい居場所や、宿題を見守ってくれる場があるとありがたいです。 郊外の共働きからは、説明会後の意見としても、家族に頼れない場合の選択肢が必要なため、関係する部署や地域団体と連携して改善してほしいです。 補足として、初めて使う人でも迷わない案内があると利用しやすくなります。,10歳,郊外,共働き,オンラインアンケート
316,学校からのプリント、自治体サイト、地域のSNSで情報が散らばり、重要な締切を見落としそうになります。小学生向けの支援も一つのカレンダーで見たいです。 住宅地の母親からは、家族や支援者の視点でも、窓口、紙、Webのどれでも確認できることが大切なため、具体的な運用条件まで示してほしいです。 補足として、初めて使う人でも迷わない案内があると利用しやすくなります。,9歳,住宅地,母親,LINE
317,思春期に近づくと、親の悩みも幼児期とは違ってきます。学校には相談しづらい内容を、地域の専門職に匿名で聞ける窓口があると利用しやすいです。 商店街周辺の母親からは、日常的に利用する人からも、実際の生活動線に合う運用でないと使い続けにくいため、地域別の影響を確認してから判断してほしいです。 補足として、初めて使う人でも迷わない案内があると利用しやすくなります。,12歳,商店街周辺,母親,オンラインアンケート
318,引っ越してきて近所に知り合いがいないため、子ども同士の遊び場や保護者のつながりを作るきっかけが欲しいです。地域別の交流会があると参加しやすいです。 集合住宅エリアの父母からは、初めて制度を調べた人からも、利用する時間帯や曜日で困り方が変わるため、試行期間を設けて利用者の声を再確認してほしいです。 補足として、初めて使う人でも迷わない案内があると利用しやすくなります。,6歳,集合住宅エリア,父母,対面ヒアリング
319,長期休みの預け先が毎年悩みです。学童だけでは時間や内容が合わない日もあるので、午前だけの体験教室や昼食付きの居場所が増えると助かります。 郊外の共働きからは、平日昼間に動きづらい人からも、情報の届き方に個人差があるため、対象者に届く案内方法も合わせて検討してほしいです。 補足として、初めて使う人でも迷わない案内があると利用しやすくなります。,8歳,郊外,共働き,オンラインアンケート
320,学校に行き渋る日があり、家庭だけで抱えるには負担が大きいです。相談先はありますが、どこに連絡すべきか迷うので、最初の入口を分かりやすくしてほしいです。 住宅地の母親からは、地域活動に関わる人からも、費用負担と手続きの分かりやすさが利用を左右するため、必要な人が使えなくならないよう段階的に見直してほしいです。 補足として、初めて使う人でも迷わない案内があると利用しやすくなります。,11歳,住宅地,母親,窓口
321,転入後、医療機関や習い事、放課後の過ごし方など生活情報を一から探す必要がありました。行政の子育てページに地域マップがあると安心して動けます。 駅周辺の父親からは、同じ立場の利用者からも、地区ごとの距離や交通手段の違いが大きいため、利用実績だけでなく困っている人の声も判断材料にしてほしいです。 補足として、初めて使う人でも迷わない案内があると利用しやすくなります。,7歳,駅周辺,父親,オンラインアンケート
322,高学年になると学童を嫌がる一方、家で一人にするのも心配です。自由に過ごせて大人の目もある放課後スペースがあれば、親子の衝突も減ると思います。 商店街周辺の共働きからは、別の地区の回答でも、急な予定変更に対応できるかが重要なため、変更後の問い合わせ先と代替手段を分かりやすく示してほしいです。 補足として、初めて使う人でも迷わない案内があると利用しやすくなります。,10歳,商店街周辺,共働き,オンラインアンケート
323,子どもの友人関係の悩みは、学校に伝えるほどか判断が難しく、相談が遅れがちです。保護者が気軽に話せる定期的な相談日やオンライン窓口があると助かります。 住宅地の母親からは、説明会後の意見としても、家族に頼れない場合の選択肢が必要なため、関係する部署や地域団体と連携して改善してほしいです。 補足として、初めて使う人でも迷わない案内があると利用しやすくなります。,9歳,住宅地,母親,対面ヒアリング
324,地域のイベントは魅力的ですが、対象年齢や申込方法が分かりづらく、転入家庭には参加のハードルがあります。学校経由だけでなく、自治体LINEでも知らせてほしいです。 集合住宅エリアの父母からは、家族や支援者の視点でも、窓口、紙、Webのどれでも確認できることが大切なため、具体的な運用条件まで示してほしいです。 補足として、初めて使う人でも迷わない案内があると利用しやすくなります。,8歳,集合住宅エリア,父母,LINE
325,一時預かりを使いたい日ほど予約が埋まっていて、前月から予定を決められない家庭には使いにくいです。空き状況をまとめて見られる仕組みがあると助かります。 駅周辺の母親からは、別の地区の回答でも、急な予定変更に対応できるかが重要なため、変更後の問い合わせ先と代替手段を分かりやすく示してほしいです。 補足として、家族や支援者が代わりに確認できる情報も整えてほしいです。,1歳,駅周辺,母親,オンラインアンケート
326,子育て支援センターの雰囲気は良いのですが、初めて行く時に何を持って行けばいいか、予約が必要かが分かりにくく、行くまでに少し勇気が要りました。 住宅地の母親からは、説明会後の意見としても、家族に頼れない場合の選択肢が必要なため、関係する部署や地域団体と連携して改善してほしいです。 補足として、家族や支援者が代わりに確認できる情報も整えてほしいです。,0歳,住宅地,母親,窓口
327,近所に頼れる親族がいないため、短時間でも見てもらえる場所があると安心です。特に通院や上の子の用事で、2時間だけ預けたい場面がよくあります。 郊外の父母からは、家族や支援者の視点でも、窓口、紙、Webのどれでも確認できることが大切なため、具体的な運用条件まで示してほしいです。 補足として、家族や支援者が代わりに確認できる情報も整えてほしいです。,2歳,郊外,父母,オンラインアンケート
328,広報紙、LINE、ホームページで情報が分かれていて、結局どこを見れば最新なのか迷います。年齢別に必要な制度やイベントがまとまっていると探しやすいです。 駅周辺の母親からは、日常的に利用する人からも、実際の生活動線に合う運用でないと使い続けにくいため、地域別の影響を確認してから判断してほしいです。 補足として、家族や支援者が代わりに確認できる情報も整えてほしいです。,1歳,駅周辺,母親,LINE
329,産後しばらく外に出にくく、誰かに相談するほどではない悩みを抱えたまま過ごしていました。電話以外にチャットで軽く聞ける窓口があると利用しやすいです。 集合住宅エリアの母親からは、初めて制度を調べた人からも、利用する時間帯や曜日で困り方が変わるため、試行期間を設けて利用者の声を再確認してほしいです。 補足として、家族や支援者が代わりに確認できる情報も整えてほしいです。,0歳,集合住宅エリア,母親,オンラインアンケート
330,保育園に入る前の過ごし方について、園庭開放や親子教室の情報を探しましたが、開催日が施設ごとに違って見落としやすいです。月間カレンダーが欲しいです。 住宅地の父親からは、平日昼間に動きづらい人からも、情報の届き方に個人差があるため、対象者に届く案内方法も合わせて検討してほしいです。 補足として、家族や支援者が代わりに確認できる情報も整えてほしいです。,2歳,住宅地,父親,窓口
331,急な発熱後、登園できない期間に仕事ではなく家事や休息のためにも預け先が必要だと感じます。病児保育の条件や空きがもっと分かりやすいと安心です。 商店街周辺の母親からは、地域活動に関わる人からも、費用負担と手続きの分かりやすさが利用を左右するため、必要な人が使えなくならないよう段階的に見直してほしいです。 補足として、家族や支援者が代わりに確認できる情報も整えてほしいです。,3歳,商店街周辺,母親,オンラインアンケート
332,子どもが人見知りで支援センターに行ってもすぐ帰ることがあり、相談員さんと話す時間までたどり着けません。予約制の個別相談が少し増えると助かります。 郊外の母親からは、同じ立場の利用者からも、地区ごとの距離や交通手段の違いが大きいため、利用実績だけでなく困っている人の声も判断材料にしてほしいです。 補足として、家族や支援者が代わりに確認できる情報も整えてほしいです。,1歳,郊外,母親,対面ヒアリング
333,土日に参加できる親子イベントが少なく、平日は家族の予定と合いません。父親も行きやすい時間帯の講座や遊び場があると、家庭内で育児を共有しやすいです。 駅周辺の父親からは、別の地区の回答でも、急な予定変更に対応できるかが重要なため、変更後の問い合わせ先と代替手段を分かりやすく示してほしいです。 補足として、家族や支援者が代わりに確認できる情報も整えてほしいです。,2歳,駅周辺,父親,オンラインアンケート
334,離乳食や発達の相談先はあると聞きますが、困った時にすぐ名前が出てきません。母子手帳アプリなどから年齢に合わせて案内が届くと心強いです。 住宅地の母親からは、説明会後の意見としても、家族に頼れない場合の選択肢が必要なため、関係する部署や地域団体と連携して改善してほしいです。 補足として、家族や支援者が代わりに確認できる情報も整えてほしいです。,0歳,住宅地,母親,アプリ
335,雨の日や暑い日に行ける屋内の遊び場が限られていて、家にこもる日が続くと親子ともに煮詰まります。予約不要で短時間利用できる場所が増えてほしいです。 郊外の祖母同居からは、家族や支援者の視点でも、窓口、紙、Webのどれでも確認できることが大切なため、具体的な運用条件まで示してほしいです。 補足として、家族や支援者が代わりに確認できる情報も整えてほしいです。,3歳,郊外,祖母同居,オンラインアンケート
336,相談会の案内は見かけますが、悩みが深刻でないと行ってはいけない気がしてしまいます。雑談から入れる場や、同じ月齢の親同士がつながる機会があると嬉しいです。 集合住宅エリアの母親からは、日常的に利用する人からも、実際の生活動線に合う運用でないと使い続けにくいため、地域別の影響を確認してから判断してほしいです。 補足として、家族や支援者が代わりに確認できる情報も整えてほしいです。,1歳,集合住宅エリア,母親,対面ヒアリング
337,保育園のお迎え時間が勤務終了と合わず、延長保育を使っても毎日ぎりぎりです。駅近くに短時間だけ預けられる夕方の受け皿があると続けやすいです。 駅周辺の共働きからは、初めて制度を調べた人からも、利用する時間帯や曜日で困り方が変わるため、試行期間を設けて利用者の声を再確認してほしいです。 補足として、家族や支援者が代わりに確認できる情報も整えてほしいです。,4歳,駅周辺,共働き,オンラインアンケート
338,ひとり親向けの制度が複数ありますが、手当、就労支援、相談窓口が別々に載っていて全体像をつかみにくいです。状況を入力すると候補が出るページが欲しいです。 住宅地のひとり親からは、平日昼間に動きづらい人からも、情報の届き方に個人差があるため、対象者に届く案内方法も合わせて検討してほしいです。 補足として、家族や支援者が代わりに確認できる情報も整えてほしいです。,5歳,住宅地,ひとり親,窓口
339,シフト勤務なので、平日昼間の説明会や相談時間には行けません。夜間や土曜にオンラインで相談できれば、仕事を休まず必要な情報を確認できます。 商店街周辺の共働きからは、地域活動に関わる人からも、費用負担と手続きの分かりやすさが利用を左右するため、必要な人が使えなくならないよう段階的に見直してほしいです。 補足として、家族や支援者が代わりに確認できる情報も整えてほしいです。,3歳,商店街周辺,共働き,オンラインアンケート
340,子どもの体調不良で急に休むたび、職場にも家庭にも負担を感じます。病児保育の予約方法が複雑なので、当日の流れや持ち物を一枚で確認できると助かります。 郊外の共働きからは、同じ立場の利用者からも、地区ごとの距離や交通手段の違いが大きいため、利用実績だけでなく困っている人の声も判断材料にしてほしいです。 補足として、家族や支援者が代わりに確認できる情報も整えてほしいです。,2歳,郊外,共働き,LINE
341,ファミリーサポートはありがたい制度ですが、登録説明会に参加する時間を作るのが難しいです。オンライン登録や面談枠の拡大があれば利用し始めやすいです。 駅周辺のひとり親からは、別の地区の回答でも、急な予定変更に対応できるかが重要なため、変更後の問い合わせ先と代替手段を分かりやすく示してほしいです。 補足として、家族や支援者が代わりに確認できる情報も整えてほしいです。,6歳,駅周辺,ひとり親,オンラインアンケート
342,仕事と育児で日々を回すだけで精一杯で、困りごとを相談する余裕がありません。保育園や学校を通じて、必要な支援につながる声かけがあると孤立しにくいです。 住宅地の共働きからは、説明会後の意見としても、家族に頼れない場合の選択肢が必要なため、関係する部署や地域団体と連携して改善してほしいです。 補足として、家族や支援者が代わりに確認できる情報も整えてほしいです。,5歳,住宅地,共働き,対面ヒアリング
343,朝の登園前に急な会議が入ることがあり、早朝の預かりが少ないのが悩みです。7時前後から使える選択肢があるだけで、仕事の調整がかなり楽になります。 駅周辺の共働きからは、家族や支援者の視点でも、窓口、紙、Webのどれでも確認できることが大切なため、具体的な運用条件まで示してほしいです。 補足として、家族や支援者が代わりに確認できる情報も整えてほしいです。,4歳,駅周辺,共働き,オンラインアンケート
344,支援情報を探す時間が取れず、知っている人だけが制度を使えている印象があります。保育料通知や児童手当の案内と一緒に、関連支援も知らせてほしいです。 集合住宅エリアのひとり親からは、日常的に利用する人からも、実際の生活動線に合う運用でないと使い続けにくいため、地域別の影響を確認してから判断してほしいです。 補足として、家族や支援者が代わりに確認できる情報も整えてほしいです。,3歳,集合住宅エリア,ひとり親,郵送アンケート
345,残業が読めないため、学童や保育の締切時間に間に合うか毎日不安です。急な延長を相談できる仕組みや、近隣施設との連携があると安心して働けます。 郊外の共働きからは、初めて制度を調べた人からも、利用する時間帯や曜日で困り方が変わるため、試行期間を設けて利用者の声を再確認してほしいです。 補足として、家族や支援者が代わりに確認できる情報も整えてほしいです。,7歳,郊外,共働き,オンラインアンケート
346,子どもの発達について気になることがあっても、平日の専門相談は予約が先になりがちです。保護者が休みの日に相談できる枠が少しでもあると助かります。 住宅地の共働きからは、平日昼間に動きづらい人からも、情報の届き方に個人差があるため、対象者に届く案内方法も合わせて検討してほしいです。 補足として、家族や支援者が代わりに確認できる情報も整えてほしいです。,5歳,住宅地,共働き,窓口
347,ひとりで子どもを育てていると、行政の窓口に行くこと自体が大きな負担です。相談、申請、必要書類の確認を一度に進められる伴走型の窓口があると安心です。 商店街周辺のひとり親からは、地域活動に関わる人からも、費用負担と手続きの分かりやすさが利用を左右するため、必要な人が使えなくならないよう段階的に見直してほしいです。 補足として、家族や支援者が代わりに確認できる情報も整えてほしいです。,4歳,商店街周辺,ひとり親,対面ヒアリング
348,休日出勤の日に預け先を探すのが一番大変です。通常保育とは別に、土日だけでも利用できる一時預かりや地域の見守りサービスが増えると助かります。 郊外の共働きからは、同じ立場の利用者からも、地区ごとの距離や交通手段の違いが大きいため、利用実績だけでなく困っている人の声も判断材料にしてほしいです。 補足として、家族や支援者が代わりに確認できる情報も整えてほしいです。,6歳,郊外,共働き,オンラインアンケート
349,小学校に入ると支援情報が急に少なく感じます。未就学児向けの案内は多いのに、放課後の居場所や学習支援、相談先を探すのに時間がかかりました。 住宅地の母親からは、別の地区の回答でも、急な予定変更に対応できるかが重要なため、変更後の問い合わせ先と代替手段を分かりやすく示してほしいです。 補足として、家族や支援者が代わりに確認できる情報も整えてほしいです。,7歳,住宅地,母親,オンラインアンケート
350,転入してきたばかりで、学童の申込時期や地域の子ども会の情報を後から知りました。転入手続きの時に、子育て関連の一覧を渡してもらえると助かります。 駅周辺の父母からは、説明会後の意見としても、家族に頼れない場合の選択肢が必要なため、関係する部署や地域団体と連携して改善してほしいです。 補足として、家族や支援者が代わりに確認できる情報も整えてほしいです。,8歳,駅周辺,父母,窓口
351,放課後に安全に過ごせる場所が限られていて、学童に入れない日は不安です。高学年でも利用しやすい居場所や、宿題を見守ってくれる場があるとありがたいです。 郊外の共働きからは、家族や支援者の視点でも、窓口、紙、Webのどれでも確認できることが大切なため、具体的な運用条件まで示してほしいです。 補足として、家族や支援者が代わりに確認できる情報も整えてほしいです。,10歳,郊外,共働き,オンラインアンケート
352,学校からのプリント、自治体サイト、地域のSNSで情報が散らばり、重要な締切を見落としそうになります。小学生向けの支援も一つのカレンダーで見たいです。 住宅地の母親からは、日常的に利用する人からも、実際の生活動線に合う運用でないと使い続けにくいため、地域別の影響を確認してから判断してほしいです。 補足として、家族や支援者が代わりに確認できる情報も整えてほしいです。,9歳,住宅地,母親,LINE
353,思春期に近づくと、親の悩みも幼児期とは違ってきます。学校には相談しづらい内容を、地域の専門職に匿名で聞ける窓口があると利用しやすいです。 商店街周辺の母親からは、初めて制度を調べた人からも、利用する時間帯や曜日で困り方が変わるため、試行期間を設けて利用者の声を再確認してほしいです。 補足として、家族や支援者が代わりに確認できる情報も整えてほしいです。,12歳,商店街周辺,母親,オンラインアンケート
354,引っ越してきて近所に知り合いがいないため、子ども同士の遊び場や保護者のつながりを作るきっかけが欲しいです。地域別の交流会があると参加しやすいです。 集合住宅エリアの父母からは、平日昼間に動きづらい人からも、情報の届き方に個人差があるため、対象者に届く案内方法も合わせて検討してほしいです。 補足として、家族や支援者が代わりに確認できる情報も整えてほしいです。,6歳,集合住宅エリア,父母,対面ヒアリング
355,長期休みの預け先が毎年悩みです。学童だけでは時間や内容が合わない日もあるので、午前だけの体験教室や昼食付きの居場所が増えると助かります。 郊外の共働きからは、地域活動に関わる人からも、費用負担と手続きの分かりやすさが利用を左右するため、必要な人が使えなくならないよう段階的に見直してほしいです。 補足として、家族や支援者が代わりに確認できる情報も整えてほしいです。,8歳,郊外,共働き,オンラインアンケート
356,学校に行き渋る日があり、家庭だけで抱えるには負担が大きいです。相談先はありますが、どこに連絡すべきか迷うので、最初の入口を分かりやすくしてほしいです。 住宅地の母親からは、同じ立場の利用者からも、地区ごとの距離や交通手段の違いが大きいため、利用実績だけでなく困っている人の声も判断材料にしてほしいです。 補足として、家族や支援者が代わりに確認できる情報も整えてほしいです。,11歳,住宅地,母親,窓口
357,転入後、医療機関や習い事、放課後の過ごし方など生活情報を一から探す必要がありました。行政の子育てページに地域マップがあると安心して動けます。 駅周辺の父親からは、別の地区の回答でも、急な予定変更に対応できるかが重要なため、変更後の問い合わせ先と代替手段を分かりやすく示してほしいです。 補足として、家族や支援者が代わりに確認できる情報も整えてほしいです。,7歳,駅周辺,父親,オンラインアンケート
358,高学年になると学童を嫌がる一方、家で一人にするのも心配です。自由に過ごせて大人の目もある放課後スペースがあれば、親子の衝突も減ると思います。 商店街周辺の共働きからは、説明会後の意見としても、家族に頼れない場合の選択肢が必要なため、関係する部署や地域団体と連携して改善してほしいです。 補足として、家族や支援者が代わりに確認できる情報も整えてほしいです。,10歳,商店街周辺,共働き,オンラインアンケート
359,子どもの友人関係の悩みは、学校に伝えるほどか判断が難しく、相談が遅れがちです。保護者が気軽に話せる定期的な相談日やオンライン窓口があると助かります。 住宅地の母親からは、家族や支援者の視点でも、窓口、紙、Webのどれでも確認できることが大切なため、具体的な運用条件まで示してほしいです。 補足として、家族や支援者が代わりに確認できる情報も整えてほしいです。,9歳,住宅地,母親,対面ヒアリング
360,地域のイベントは魅力的ですが、対象年齢や申込方法が分かりづらく、転入家庭には参加のハードルがあります。学校経由だけでなく、自治体LINEでも知らせてほしいです。 集合住宅エリアの父母からは、日常的に利用する人からも、実際の生活動線に合う運用でないと使い続けにくいため、地域別の影響を確認してから判断してほしいです。 補足として、家族や支援者が代わりに確認できる情報も整えてほしいです。,8歳,集合住宅エリア,父母,LINE
361,一時預かりを使いたい日ほど予約が埋まっていて、前月から予定を決められない家庭には使いにくいです。空き状況をまとめて見られる仕組みがあると助かります。 駅周辺の母親からは、説明会後の意見としても、家族に頼れない場合の選択肢が必要なため、関係する部署や地域団体と連携して改善してほしいです。 補足として、紙の案内とWebの内容が食い違わないようにしてほしいです。,1歳,駅周辺,母親,オンラインアンケート
362,子育て支援センターの雰囲気は良いのですが、初めて行く時に何を持って行けばいいか、予約が必要かが分かりにくく、行くまでに少し勇気が要りました。 住宅地の母親からは、家族や支援者の視点でも、窓口、紙、Webのどれでも確認できることが大切なため、具体的な運用条件まで示してほしいです。 補足として、紙の案内とWebの内容が食い違わないようにしてほしいです。,0歳,住宅地,母親,窓口
363,近所に頼れる親族がいないため、短時間でも見てもらえる場所があると安心です。特に通院や上の子の用事で、2時間だけ預けたい場面がよくあります。 郊外の父母からは、日常的に利用する人からも、実際の生活動線に合う運用でないと使い続けにくいため、地域別の影響を確認してから判断してほしいです。 補足として、紙の案内とWebの内容が食い違わないようにしてほしいです。,2歳,郊外,父母,オンラインアンケート
364,広報紙、LINE、ホームページで情報が分かれていて、結局どこを見れば最新なのか迷います。年齢別に必要な制度やイベントがまとまっていると探しやすいです。 駅周辺の母親からは、初めて制度を調べた人からも、利用する時間帯や曜日で困り方が変わるため、試行期間を設けて利用者の声を再確認してほしいです。 補足として、紙の案内とWebの内容が食い違わないようにしてほしいです。,1歳,駅周辺,母親,LINE
365,産後しばらく外に出にくく、誰かに相談するほどではない悩みを抱えたまま過ごしていました。電話以外にチャットで軽く聞ける窓口があると利用しやすいです。 集合住宅エリアの母親からは、平日昼間に動きづらい人からも、情報の届き方に個人差があるため、対象者に届く案内方法も合わせて検討してほしいです。 補足として、紙の案内とWebの内容が食い違わないようにしてほしいです。,0歳,集合住宅エリア,母親,オンラインアンケート
366,保育園に入る前の過ごし方について、園庭開放や親子教室の情報を探しましたが、開催日が施設ごとに違って見落としやすいです。月間カレンダーが欲しいです。 住宅地の父親からは、地域活動に関わる人からも、費用負担と手続きの分かりやすさが利用を左右するため、必要な人が使えなくならないよう段階的に見直してほしいです。 補足として、紙の案内とWebの内容が食い違わないようにしてほしいです。,2歳,住宅地,父親,窓口
367,急な発熱後、登園できない期間に仕事ではなく家事や休息のためにも預け先が必要だと感じます。病児保育の条件や空きがもっと分かりやすいと安心です。 商店街周辺の母親からは、同じ立場の利用者からも、地区ごとの距離や交通手段の違いが大きいため、利用実績だけでなく困っている人の声も判断材料にしてほしいです。 補足として、紙の案内とWebの内容が食い違わないようにしてほしいです。,3歳,商店街周辺,母親,オンラインアンケート
368,子どもが人見知りで支援センターに行ってもすぐ帰ることがあり、相談員さんと話す時間までたどり着けません。予約制の個別相談が少し増えると助かります。 郊外の母親からは、別の地区の回答でも、急な予定変更に対応できるかが重要なため、変更後の問い合わせ先と代替手段を分かりやすく示してほしいです。 補足として、紙の案内とWebの内容が食い違わないようにしてほしいです。,1歳,郊外,母親,対面ヒアリング
369,土日に参加できる親子イベントが少なく、平日は家族の予定と合いません。父親も行きやすい時間帯の講座や遊び場があると、家庭内で育児を共有しやすいです。 駅周辺の父親からは、説明会後の意見としても、家族に頼れない場合の選択肢が必要なため、関係する部署や地域団体と連携して改善してほしいです。 補足として、紙の案内とWebの内容が食い違わないようにしてほしいです。,2歳,駅周辺,父親,オンラインアンケート
370,離乳食や発達の相談先はあると聞きますが、困った時にすぐ名前が出てきません。母子手帳アプリなどから年齢に合わせて案内が届くと心強いです。 住宅地の母親からは、家族や支援者の視点でも、窓口、紙、Webのどれでも確認できることが大切なため、具体的な運用条件まで示してほしいです。 補足として、紙の案内とWebの内容が食い違わないようにしてほしいです。,0歳,住宅地,母親,アプリ
371,雨の日や暑い日に行ける屋内の遊び場が限られていて、家にこもる日が続くと親子ともに煮詰まります。予約不要で短時間利用できる場所が増えてほしいです。 郊外の祖母同居からは、日常的に利用する人からも、実際の生活動線に合う運用でないと使い続けにくいため、地域別の影響を確認してから判断してほしいです。 補足として、紙の案内とWebの内容が食い違わないようにしてほしいです。,3歳,郊外,祖母同居,オンラインアンケート
372,相談会の案内は見かけますが、悩みが深刻でないと行ってはいけない気がしてしまいます。雑談から入れる場や、同じ月齢の親同士がつながる機会があると嬉しいです。 集合住宅エリアの母親からは、初めて制度を調べた人からも、利用する時間帯や曜日で困り方が変わるため、試行期間を設けて利用者の声を再確認してほしいです。 補足として、紙の案内とWebの内容が食い違わないようにしてほしいです。,1歳,集合住宅エリア,母親,対面ヒアリング
373,保育園のお迎え時間が勤務終了と合わず、延長保育を使っても毎日ぎりぎりです。駅近くに短時間だけ預けられる夕方の受け皿があると続けやすいです。 駅周辺の共働きからは、平日昼間に動きづらい人からも、情報の届き方に個人差があるため、対象者に届く案内方法も合わせて検討してほしいです。 補足として、紙の案内とWebの内容が食い違わないようにしてほしいです。,4歳,駅周辺,共働き,オンラインアンケート
374,ひとり親向けの制度が複数ありますが、手当、就労支援、相談窓口が別々に載っていて全体像をつかみにくいです。状況を入力すると候補が出るページが欲しいです。 住宅地のひとり親からは、地域活動に関わる人からも、費用負担と手続きの分かりやすさが利用を左右するため、必要な人が使えなくならないよう段階的に見直してほしいです。 補足として、紙の案内とWebの内容が食い違わないようにしてほしいです。,5歳,住宅地,ひとり親,窓口
375,シフト勤務なので、平日昼間の説明会や相談時間には行けません。夜間や土曜にオンラインで相談できれば、仕事を休まず必要な情報を確認できます。 商店街周辺の共働きからは、同じ立場の利用者からも、地区ごとの距離や交通手段の違いが大きいため、利用実績だけでなく困っている人の声も判断材料にしてほしいです。 補足として、紙の案内とWebの内容が食い違わないようにしてほしいです。,3歳,商店街周辺,共働き,オンラインアンケート
376,子どもの体調不良で急に休むたび、職場にも家庭にも負担を感じます。病児保育の予約方法が複雑なので、当日の流れや持ち物を一枚で確認できると助かります。 郊外の共働きからは、別の地区の回答でも、急な予定変更に対応できるかが重要なため、変更後の問い合わせ先と代替手段を分かりやすく示してほしいです。 補足として、紙の案内とWebの内容が食い違わないようにしてほしいです。,2歳,郊外,共働き,LINE
377,ファミリーサポートはありがたい制度ですが、登録説明会に参加する時間を作るのが難しいです。オンライン登録や面談枠の拡大があれば利用し始めやすいです。 駅周辺のひとり親からは、説明会後の意見としても、家族に頼れない場合の選択肢が必要なため、関係する部署や地域団体と連携して改善してほしいです。 補足として、紙の案内とWebの内容が食い違わないようにしてほしいです。,6歳,駅周辺,ひとり親,オンラインアンケート
378,仕事と育児で日々を回すだけで精一杯で、困りごとを相談する余裕がありません。保育園や学校を通じて、必要な支援につながる声かけがあると孤立しにくいです。 住宅地の共働きからは、家族や支援者の視点でも、窓口、紙、Webのどれでも確認できることが大切なため、具体的な運用条件まで示してほしいです。 補足として、紙の案内とWebの内容が食い違わないようにしてほしいです。,5歳,住宅地,共働き,対面ヒアリング
379,朝の登園前に急な会議が入ることがあり、早朝の預かりが少ないのが悩みです。7時前後から使える選択肢があるだけで、仕事の調整がかなり楽になります。 駅周辺の共働きからは、日常的に利用する人からも、実際の生活動線に合う運用でないと使い続けにくいため、地域別の影響を確認してから判断してほしいです。 補足として、紙の案内とWebの内容が食い違わないようにしてほしいです。,4歳,駅周辺,共働き,オンラインアンケート
380,支援情報を探す時間が取れず、知っている人だけが制度を使えている印象があります。保育料通知や児童手当の案内と一緒に、関連支援も知らせてほしいです。 集合住宅エリアのひとり親からは、初めて制度を調べた人からも、利用する時間帯や曜日で困り方が変わるため、試行期間を設けて利用者の声を再確認してほしいです。 補足として、紙の案内とWebの内容が食い違わないようにしてほしいです。,3歳,集合住宅エリア,ひとり親,郵送アンケート
381,残業が読めないため、学童や保育の締切時間に間に合うか毎日不安です。急な延長を相談できる仕組みや、近隣施設との連携があると安心して働けます。 郊外の共働きからは、平日昼間に動きづらい人からも、情報の届き方に個人差があるため、対象者に届く案内方法も合わせて検討してほしいです。 補足として、紙の案内とWebの内容が食い違わないようにしてほしいです。,7歳,郊外,共働き,オンラインアンケート
382,子どもの発達について気になることがあっても、平日の専門相談は予約が先になりがちです。保護者が休みの日に相談できる枠が少しでもあると助かります。 住宅地の共働きからは、地域活動に関わる人からも、費用負担と手続きの分かりやすさが利用を左右するため、必要な人が使えなくならないよう段階的に見直してほしいです。 補足として、紙の案内とWebの内容が食い違わないようにしてほしいです。,5歳,住宅地,共働き,窓口
383,ひとりで子どもを育てていると、行政の窓口に行くこと自体が大きな負担です。相談、申請、必要書類の確認を一度に進められる伴走型の窓口があると安心です。 商店街周辺のひとり親からは、同じ立場の利用者からも、地区ごとの距離や交通手段の違いが大きいため、利用実績だけでなく困っている人の声も判断材料にしてほしいです。 補足として、紙の案内とWebの内容が食い違わないようにしてほしいです。,4歳,商店街周辺,ひとり親,対面ヒアリング
384,休日出勤の日に預け先を探すのが一番大変です。通常保育とは別に、土日だけでも利用できる一時預かりや地域の見守りサービスが増えると助かります。 郊外の共働きからは、別の地区の回答でも、急な予定変更に対応できるかが重要なため、変更後の問い合わせ先と代替手段を分かりやすく示してほしいです。 補足として、紙の案内とWebの内容が食い違わないようにしてほしいです。,6歳,郊外,共働き,オンラインアンケート
385,小学校に入ると支援情報が急に少なく感じます。未就学児向けの案内は多いのに、放課後の居場所や学習支援、相談先を探すのに時間がかかりました。 住宅地の母親からは、説明会後の意見としても、家族に頼れない場合の選択肢が必要なため、関係する部署や地域団体と連携して改善してほしいです。 補足として、紙の案内とWebの内容が食い違わないようにしてほしいです。,7歳,住宅地,母親,オンラインアンケート
386,転入してきたばかりで、学童の申込時期や地域の子ども会の情報を後から知りました。転入手続きの時に、子育て関連の一覧を渡してもらえると助かります。 駅周辺の父母からは、家族や支援者の視点でも、窓口、紙、Webのどれでも確認できることが大切なため、具体的な運用条件まで示してほしいです。 補足として、紙の案内とWebの内容が食い違わないようにしてほしいです。,8歳,駅周辺,父母,窓口
387,放課後に安全に過ごせる場所が限られていて、学童に入れない日は不安です。高学年でも利用しやすい居場所や、宿題を見守ってくれる場があるとありがたいです。 郊外の共働きからは、日常的に利用する人からも、実際の生活動線に合う運用でないと使い続けにくいため、地域別の影響を確認してから判断してほしいです。 補足として、紙の案内とWebの内容が食い違わないようにしてほしいです。,10歳,郊外,共働き,オンラインアンケート
388,学校からのプリント、自治体サイト、地域のSNSで情報が散らばり、重要な締切を見落としそうになります。小学生向けの支援も一つのカレンダーで見たいです。 住宅地の母親からは、初めて制度を調べた人からも、利用する時間帯や曜日で困り方が変わるため、試行期間を設けて利用者の声を再確認してほしいです。 補足として、紙の案内とWebの内容が食い違わないようにしてほしいです。,9歳,住宅地,母親,LINE
389,思春期に近づくと、親の悩みも幼児期とは違ってきます。学校には相談しづらい内容を、地域の専門職に匿名で聞ける窓口があると利用しやすいです。 商店街周辺の母親からは、平日昼間に動きづらい人からも、情報の届き方に個人差があるため、対象者に届く案内方法も合わせて検討してほしいです。 補足として、紙の案内とWebの内容が食い違わないようにしてほしいです。,12歳,商店街周辺,母親,オンラインアンケート
390,引っ越してきて近所に知り合いがいないため、子ども同士の遊び場や保護者のつながりを作るきっかけが欲しいです。地域別の交流会があると参加しやすいです。 集合住宅エリアの父母からは、地域活動に関わる人からも、費用負担と手続きの分かりやすさが利用を左右するため、必要な人が使えなくならないよう段階的に見直してほしいです。 補足として、紙の案内とWebの内容が食い違わないようにしてほしいです。,6歳,集合住宅エリア,父母,対面ヒアリング
391,長期休みの預け先が毎年悩みです。学童だけでは時間や内容が合わない日もあるので、午前だけの体験教室や昼食付きの居場所が増えると助かります。 郊外の共働きからは、同じ立場の利用者からも、地区ごとの距離や交通手段の違いが大きいため、利用実績だけでなく困っている人の声も判断材料にしてほしいです。 補足として、紙の案内とWebの内容が食い違わないようにしてほしいです。,8歳,郊外,共働き,オンラインアンケート
392,学校に行き渋る日があり、家庭だけで抱えるには負担が大きいです。相談先はありますが、どこに連絡すべきか迷うので、最初の入口を分かりやすくしてほしいです。 住宅地の母親からは、別の地区の回答でも、急な予定変更に対応できるかが重要なため、変更後の問い合わせ先と代替手段を分かりやすく示してほしいです。 補足として、紙の案内とWebの内容が食い違わないようにしてほしいです。,11歳,住宅地,母親,窓口
393,転入後、医療機関や習い事、放課後の過ごし方など生活情報を一から探す必要がありました。行政の子育てページに地域マップがあると安心して動けます。 駅周辺の父親からは、説明会後の意見としても、家族に頼れない場合の選択肢が必要なため、関係する部署や地域団体と連携して改善してほしいです。 補足として、紙の案内とWebの内容が食い違わないようにしてほしいです。,7歳,駅周辺,父親,オンラインアンケート
394,高学年になると学童を嫌がる一方、家で一人にするのも心配です。自由に過ごせて大人の目もある放課後スペースがあれば、親子の衝突も減ると思います。 商店街周辺の共働きからは、家族や支援者の視点でも、窓口、紙、Webのどれでも確認できることが大切なため、具体的な運用条件まで示してほしいです。 補足として、紙の案内とWebの内容が食い違わないようにしてほしいです。,10歳,商店街周辺,共働き,オンラインアンケート
395,子どもの友人関係の悩みは、学校に伝えるほどか判断が難しく、相談が遅れがちです。保護者が気軽に話せる定期的な相談日やオンライン窓口があると助かります。 住宅地の母親からは、日常的に利用する人からも、実際の生活動線に合う運用でないと使い続けにくいため、地域別の影響を確認してから判断してほしいです。 補足として、紙の案内とWebの内容が食い違わないようにしてほしいです。,9歳,住宅地,母親,対面ヒアリング
396,地域のイベントは魅力的ですが、対象年齢や申込方法が分かりづらく、転入家庭には参加のハードルがあります。学校経由だけでなく、自治体LINEでも知らせてほしいです。 集合住宅エリアの父母からは、初めて制度を調べた人からも、利用する時間帯や曜日で困り方が変わるため、試行期間を設けて利用者の声を再確認してほしいです。 補足として、紙の案内とWebの内容が食い違わないようにしてほしいです。,8歳,集合住宅エリア,父母,LINE
397,一時預かりを使いたい日ほど予約が埋まっていて、前月から予定を決められない家庭には使いにくいです。空き状況をまとめて見られる仕組みがあると助かります。 駅周辺の母親からは、家族や支援者の視点でも、窓口、紙、Webのどれでも確認できることが大切なため、具体的な運用条件まで示してほしいです。 補足として、利用者数だけでなく断念した人の理由も把握してほしいです。,1歳,駅周辺,母親,オンラインアンケート
398,子育て支援センターの雰囲気は良いのですが、初めて行く時に何を持って行けばいいか、予約が必要かが分かりにくく、行くまでに少し勇気が要りました。 住宅地の母親からは、日常的に利用する人からも、実際の生活動線に合う運用でないと使い続けにくいため、地域別の影響を確認してから判断してほしいです。 補足として、利用者数だけでなく断念した人の理由も把握してほしいです。,0歳,住宅地,母親,窓口
399,近所に頼れる親族がいないため、短時間でも見てもらえる場所があると安心です。特に通院や上の子の用事で、2時間だけ預けたい場面がよくあります。 郊外の父母からは、初めて制度を調べた人からも、利用する時間帯や曜日で困り方が変わるため、試行期間を設けて利用者の声を再確認してほしいです。 補足として、利用者数だけでなく断念した人の理由も把握してほしいです。,2歳,郊外,父母,オンラインアンケート
400,広報紙、LINE、ホームページで情報が分かれていて、結局どこを見れば最新なのか迷います。年齢別に必要な制度やイベントがまとまっていると探しやすいです。 駅周辺の母親からは、平日昼間に動きづらい人からも、情報の届き方に個人差があるため、対象者に届く案内方法も合わせて検討してほしいです。 補足として、利用者数だけでなく断念した人の理由も把握してほしいです。,1歳,駅周辺,母親,LINE
401,産後しばらく外に出にくく、誰かに相談するほどではない悩みを抱えたまま過ごしていました。電話以外にチャットで軽く聞ける窓口があると利用しやすいです。 集合住宅エリアの母親からは、地域活動に関わる人からも、費用負担と手続きの分かりやすさが利用を左右するため、必要な人が使えなくならないよう段階的に見直してほしいです。 補足として、利用者数だけでなく断念した人の理由も把握してほしいです。,0歳,集合住宅エリア,母親,オンラインアンケート
402,保育園に入る前の過ごし方について、園庭開放や親子教室の情報を探しましたが、開催日が施設ごとに違って見落としやすいです。月間カレンダーが欲しいです。 住宅地の父親からは、同じ立場の利用者からも、地区ごとの距離や交通手段の違いが大きいため、利用実績だけでなく困っている人の声も判断材料にしてほしいです。 補足として、利用者数だけでなく断念した人の理由も把握してほしいです。,2歳,住宅地,父親,窓口
403,急な発熱後、登園できない期間に仕事ではなく家事や休息のためにも預け先が必要だと感じます。病児保育の条件や空きがもっと分かりやすいと安心です。 商店街周辺の母親からは、別の地区の回答でも、急な予定変更に対応できるかが重要なため、変更後の問い合わせ先と代替手段を分かりやすく示してほしいです。 補足として、利用者数だけでなく断念した人の理由も把握してほしいです。,3歳,商店街周辺,母親,オンラインアンケート
404,子どもが人見知りで支援センターに行ってもすぐ帰ることがあり、相談員さんと話す時間までたどり着けません。予約制の個別相談が少し増えると助かります。 郊外の母親からは、説明会後の意見としても、家族に頼れない場合の選択肢が必要なため、関係する部署や地域団体と連携して改善してほしいです。 補足として、利用者数だけでなく断念した人の理由も把握してほしいです。,1歳,郊外,母親,対面ヒアリング
405,土日に参加できる親子イベントが少なく、平日は家族の予定と合いません。父親も行きやすい時間帯の講座や遊び場があると、家庭内で育児を共有しやすいです。 駅周辺の父親からは、家族や支援者の視点でも、窓口、紙、Webのどれでも確認できることが大切なため、具体的な運用条件まで示してほしいです。 補足として、利用者数だけでなく断念した人の理由も把握してほしいです。,2歳,駅周辺,父親,オンラインアンケート
406,離乳食や発達の相談先はあると聞きますが、困った時にすぐ名前が出てきません。母子手帳アプリなどから年齢に合わせて案内が届くと心強いです。 住宅地の母親からは、日常的に利用する人からも、実際の生活動線に合う運用でないと使い続けにくいため、地域別の影響を確認してから判断してほしいです。 補足として、利用者数だけでなく断念した人の理由も把握してほしいです。,0歳,住宅地,母親,アプリ
407,雨の日や暑い日に行ける屋内の遊び場が限られていて、家にこもる日が続くと親子ともに煮詰まります。予約不要で短時間利用できる場所が増えてほしいです。 郊外の祖母同居からは、初めて制度を調べた人からも、利用する時間帯や曜日で困り方が変わるため、試行期間を設けて利用者の声を再確認してほしいです。 補足として、利用者数だけでなく断念した人の理由も把握してほしいです。,3歳,郊外,祖母同居,オンラインアンケート
408,相談会の案内は見かけますが、悩みが深刻でないと行ってはいけない気がしてしまいます。雑談から入れる場や、同じ月齢の親同士がつながる機会があると嬉しいです。 集合住宅エリアの母親からは、平日昼間に動きづらい人からも、情報の届き方に個人差があるため、対象者に届く案内方法も合わせて検討してほしいです。 補足として、利用者数だけでなく断念した人の理由も把握してほしいです。,1歳,集合住宅エリア,母親,対面ヒアリング
409,保育園のお迎え時間が勤務終了と合わず、延長保育を使っても毎日ぎりぎりです。駅近くに短時間だけ預けられる夕方の受け皿があると続けやすいです。 駅周辺の共働きからは、地域活動に関わる人からも、費用負担と手続きの分かりやすさが利用を左右するため、必要な人が使えなくならないよう段階的に見直してほしいです。 補足として、利用者数だけでなく断念した人の理由も把握してほしいです。,4歳,駅周辺,共働き,オンラインアンケート
410,ひとり親向けの制度が複数ありますが、手当、就労支援、相談窓口が別々に載っていて全体像をつかみにくいです。状況を入力すると候補が出るページが欲しいです。 住宅地のひとり親からは、同じ立場の利用者からも、地区ごとの距離や交通手段の違いが大きいため、利用実績だけでなく困っている人の声も判断材料にしてほしいです。 補足として、利用者数だけでなく断念した人の理由も把握してほしいです。,5歳,住宅地,ひとり親,窓口
411,シフト勤務なので、平日昼間の説明会や相談時間には行けません。夜間や土曜にオンラインで相談できれば、仕事を休まず必要な情報を確認できます。 商店街周辺の共働きからは、別の地区の回答でも、急な予定変更に対応できるかが重要なため、変更後の問い合わせ先と代替手段を分かりやすく示してほしいです。 補足として、利用者数だけでなく断念した人の理由も把握してほしいです。,3歳,商店街周辺,共働き,オンラインアンケート
412,子どもの体調不良で急に休むたび、職場にも家庭にも負担を感じます。病児保育の予約方法が複雑なので、当日の流れや持ち物を一枚で確認できると助かります。 郊外の共働きからは、説明会後の意見としても、家族に頼れない場合の選択肢が必要なため、関係する部署や地域団体と連携して改善してほしいです。 補足として、利用者数だけでなく断念した人の理由も把握してほしいです。,2歳,郊外,共働き,LINE
413,ファミリーサポートはありがたい制度ですが、登録説明会に参加する時間を作るのが難しいです。オンライン登録や面談枠の拡大があれば利用し始めやすいです。 駅周辺のひとり親からは、家族や支援者の視点でも、窓口、紙、Webのどれでも確認できることが大切なため、具体的な運用条件まで示してほしいです。 補足として、利用者数だけでなく断念した人の理由も把握してほしいです。,6歳,駅周辺,ひとり親,オンラインアンケート
414,仕事と育児で日々を回すだけで精一杯で、困りごとを相談する余裕がありません。保育園や学校を通じて、必要な支援につながる声かけがあると孤立しにくいです。 住宅地の共働きからは、日常的に利用する人からも、実際の生活動線に合う運用でないと使い続けにくいため、地域別の影響を確認してから判断してほしいです。 補足として、利用者数だけでなく断念した人の理由も把握してほしいです。,5歳,住宅地,共働き,対面ヒアリング
415,朝の登園前に急な会議が入ることがあり、早朝の預かりが少ないのが悩みです。7時前後から使える選択肢があるだけで、仕事の調整がかなり楽になります。 駅周辺の共働きからは、初めて制度を調べた人からも、利用する時間帯や曜日で困り方が変わるため、試行期間を設けて利用者の声を再確認してほしいです。 補足として、利用者数だけでなく断念した人の理由も把握してほしいです。,4歳,駅周辺,共働き,オンラインアンケート
416,支援情報を探す時間が取れず、知っている人だけが制度を使えている印象があります。保育料通知や児童手当の案内と一緒に、関連支援も知らせてほしいです。 集合住宅エリアのひとり親からは、平日昼間に動きづらい人からも、情報の届き方に個人差があるため、対象者に届く案内方法も合わせて検討してほしいです。 補足として、利用者数だけでなく断念した人の理由も把握してほしいです。,3歳,集合住宅エリア,ひとり親,郵送アンケート
417,残業が読めないため、学童や保育の締切時間に間に合うか毎日不安です。急な延長を相談できる仕組みや、近隣施設との連携があると安心して働けます。 郊外の共働きからは、地域活動に関わる人からも、費用負担と手続きの分かりやすさが利用を左右するため、必要な人が使えなくならないよう段階的に見直してほしいです。 補足として、利用者数だけでなく断念した人の理由も把握してほしいです。,7歳,郊外,共働き,オンラインアンケート
418,子どもの発達について気になることがあっても、平日の専門相談は予約が先になりがちです。保護者が休みの日に相談できる枠が少しでもあると助かります。 住宅地の共働きからは、同じ立場の利用者からも、地区ごとの距離や交通手段の違いが大きいため、利用実績だけでなく困っている人の声も判断材料にしてほしいです。 補足として、利用者数だけでなく断念した人の理由も把握してほしいです。,5歳,住宅地,共働き,窓口
419,ひとりで子どもを育てていると、行政の窓口に行くこと自体が大きな負担です。相談、申請、必要書類の確認を一度に進められる伴走型の窓口があると安心です。 商店街周辺のひとり親からは、別の地区の回答でも、急な予定変更に対応できるかが重要なため、変更後の問い合わせ先と代替手段を分かりやすく示してほしいです。 補足として、利用者数だけでなく断念した人の理由も把握してほしいです。,4歳,商店街周辺,ひとり親,対面ヒアリング
420,休日出勤の日に預け先を探すのが一番大変です。通常保育とは別に、土日だけでも利用できる一時預かりや地域の見守りサービスが増えると助かります。 郊外の共働きからは、説明会後の意見としても、家族に頼れない場合の選択肢が必要なため、関係する部署や地域団体と連携して改善してほしいです。 補足として、利用者数だけでなく断念した人の理由も把握してほしいです。,6歳,郊外,共働き,オンラインアンケート
421,小学校に入ると支援情報が急に少なく感じます。未就学児向けの案内は多いのに、放課後の居場所や学習支援、相談先を探すのに時間がかかりました。 住宅地の母親からは、家族や支援者の視点でも、窓口、紙、Webのどれでも確認できることが大切なため、具体的な運用条件まで示してほしいです。 補足として、利用者数だけでなく断念した人の理由も把握してほしいです。,7歳,住宅地,母親,オンラインアンケート
422,転入してきたばかりで、学童の申込時期や地域の子ども会の情報を後から知りました。転入手続きの時に、子育て関連の一覧を渡してもらえると助かります。 駅周辺の父母からは、日常的に利用する人からも、実際の生活動線に合う運用でないと使い続けにくいため、地域別の影響を確認してから判断してほしいです。 補足として、利用者数だけでなく断念した人の理由も把握してほしいです。,8歳,駅周辺,父母,窓口
423,放課後に安全に過ごせる場所が限られていて、学童に入れない日は不安です。高学年でも利用しやすい居場所や、宿題を見守ってくれる場があるとありがたいです。 郊外の共働きからは、初めて制度を調べた人からも、利用する時間帯や曜日で困り方が変わるため、試行期間を設けて利用者の声を再確認してほしいです。 補足として、利用者数だけでなく断念した人の理由も把握してほしいです。,10歳,郊外,共働き,オンラインアンケート
424,学校からのプリント、自治体サイト、地域のSNSで情報が散らばり、重要な締切を見落としそうになります。小学生向けの支援も一つのカレンダーで見たいです。 住宅地の母親からは、平日昼間に動きづらい人からも、情報の届き方に個人差があるため、対象者に届く案内方法も合わせて検討してほしいです。 補足として、利用者数だけでなく断念した人の理由も把握してほしいです。,9歳,住宅地,母親,LINE
425,思春期に近づくと、親の悩みも幼児期とは違ってきます。学校には相談しづらい内容を、地域の専門職に匿名で聞ける窓口があると利用しやすいです。 商店街周辺の母親からは、地域活動に関わる人からも、費用負担と手続きの分かりやすさが利用を左右するため、必要な人が使えなくならないよう段階的に見直してほしいです。 補足として、利用者数だけでなく断念した人の理由も把握してほしいです。,12歳,商店街周辺,母親,オンラインアンケート
426,引っ越してきて近所に知り合いがいないため、子ども同士の遊び場や保護者のつながりを作るきっかけが欲しいです。地域別の交流会があると参加しやすいです。 集合住宅エリアの父母からは、同じ立場の利用者からも、地区ごとの距離や交通手段の違いが大きいため、利用実績だけでなく困っている人の声も判断材料にしてほしいです。 補足として、利用者数だけでなく断念した人の理由も把握してほしいです。,6歳,集合住宅エリア,父母,対面ヒアリング
427,長期休みの預け先が毎年悩みです。学童だけでは時間や内容が合わない日もあるので、午前だけの体験教室や昼食付きの居場所が増えると助かります。 郊外の共働きからは、別の地区の回答でも、急な予定変更に対応できるかが重要なため、変更後の問い合わせ先と代替手段を分かりやすく示してほしいです。 補足として、利用者数だけでなく断念した人の理由も把握してほしいです。,8歳,郊外,共働き,オンラインアンケート
428,学校に行き渋る日があり、家庭だけで抱えるには負担が大きいです。相談先はありますが、どこに連絡すべきか迷うので、最初の入口を分かりやすくしてほしいです。 住宅地の母親からは、説明会後の意見としても、家族に頼れない場合の選択肢が必要なため、関係する部署や地域団体と連携して改善してほしいです。 補足として、利用者数だけでなく断念した人の理由も把握してほしいです。,11歳,住宅地,母親,窓口
429,転入後、医療機関や習い事、放課後の過ごし方など生活情報を一から探す必要がありました。行政の子育てページに地域マップがあると安心して動けます。 駅周辺の父親からは、家族や支援者の視点でも、窓口、紙、Webのどれでも確認できることが大切なため、具体的な運用条件まで示してほしいです。 補足として、利用者数だけでなく断念した人の理由も把握してほしいです。,7歳,駅周辺,父親,オンラインアンケート
430,高学年になると学童を嫌がる一方、家で一人にするのも心配です。自由に過ごせて大人の目もある放課後スペースがあれば、親子の衝突も減ると思います。 商店街周辺の共働きからは、日常的に利用する人からも、実際の生活動線に合う運用でないと使い続けにくいため、地域別の影響を確認してから判断してほしいです。 補足として、利用者数だけでなく断念した人の理由も把握してほしいです。,10歳,商店街周辺,共働き,オンラインアンケート
431,子どもの友人関係の悩みは、学校に伝えるほどか判断が難しく、相談が遅れがちです。保護者が気軽に話せる定期的な相談日やオンライン窓口があると助かります。 住宅地の母親からは、初めて制度を調べた人からも、利用する時間帯や曜日で困り方が変わるため、試行期間を設けて利用者の声を再確認してほしいです。 補足として、利用者数だけでなく断念した人の理由も把握してほしいです。,9歳,住宅地,母親,対面ヒアリング
432,地域のイベントは魅力的ですが、対象年齢や申込方法が分かりづらく、転入家庭には参加のハードルがあります。学校経由だけでなく、自治体LINEでも知らせてほしいです。 集合住宅エリアの父母からは、平日昼間に動きづらい人からも、情報の届き方に個人差があるため、対象者に届く案内方法も合わせて検討してほしいです。 補足として、利用者数だけでなく断念した人の理由も把握してほしいです。,8歳,集合住宅エリア,父母,LINE
433,一時預かりを使いたい日ほど予約が埋まっていて、前月から予定を決められない家庭には使いにくいです。空き状況をまとめて見られる仕組みがあると助かります。 駅周辺の母親からは、日常的に利用する人からも、実際の生活動線に合う運用でないと使い続けにくいため、地域別の影響を確認してから判断してほしいです。 補足として、窓口で聞かれやすい質問を先に整理して公開してほしいです。,1歳,駅周辺,母親,オンラインアンケート
434,子育て支援センターの雰囲気は良いのですが、初めて行く時に何を持って行けばいいか、予約が必要かが分かりにくく、行くまでに少し勇気が要りました。 住宅地の母親からは、初めて制度を調べた人からも、利用する時間帯や曜日で困り方が変わるため、試行期間を設けて利用者の声を再確認してほしいです。 補足として、窓口で聞かれやすい質問を先に整理して公開してほしいです。,0歳,住宅地,母親,窓口
435,近所に頼れる親族がいないため、短時間でも見てもらえる場所があると安心です。特に通院や上の子の用事で、2時間だけ預けたい場面がよくあります。 郊外の父母からは、平日昼間に動きづらい人からも、情報の届き方に個人差があるため、対象者に届く案内方法も合わせて検討してほしいです。 補足として、窓口で聞かれやすい質問を先に整理して公開してほしいです。,2歳,郊外,父母,オンラインアンケート
436,広報紙、LINE、ホームページで情報が分かれていて、結局どこを見れば最新なのか迷います。年齢別に必要な制度やイベントがまとまっていると探しやすいです。 駅周辺の母親からは、地域活動に関わる人からも、費用負担と手続きの分かりやすさが利用を左右するため、必要な人が使えなくならないよう段階的に見直してほしいです。 補足として、窓口で聞かれやすい質問を先に整理して公開してほしいです。,1歳,駅周辺,母親,LINE
437,産後しばらく外に出にくく、誰かに相談するほどではない悩みを抱えたまま過ごしていました。電話以外にチャットで軽く聞ける窓口があると利用しやすいです。 集合住宅エリアの母親からは、同じ立場の利用者からも、地区ごとの距離や交通手段の違いが大きいため、利用実績だけでなく困っている人の声も判断材料にしてほしいです。 補足として、窓口で聞かれやすい質問を先に整理して公開してほしいです。,0歳,集合住宅エリア,母親,オンラインアンケート
438,保育園に入る前の過ごし方について、園庭開放や親子教室の情報を探しましたが、開催日が施設ごとに違って見落としやすいです。月間カレンダーが欲しいです。 住宅地の父親からは、別の地区の回答でも、急な予定変更に対応できるかが重要なため、変更後の問い合わせ先と代替手段を分かりやすく示してほしいです。 補足として、窓口で聞かれやすい質問を先に整理して公開してほしいです。,2歳,住宅地,父親,窓口
439,急な発熱後、登園できない期間に仕事ではなく家事や休息のためにも預け先が必要だと感じます。病児保育の条件や空きがもっと分かりやすいと安心です。 商店街周辺の母親からは、説明会後の意見としても、家族に頼れない場合の選択肢が必要なため、関係する部署や地域団体と連携して改善してほしいです。 補足として、窓口で聞かれやすい質問を先に整理して公開してほしいです。,3歳,商店街周辺,母親,オンラインアンケート
440,子どもが人見知りで支援センターに行ってもすぐ帰ることがあり、相談員さんと話す時間までたどり着けません。予約制の個別相談が少し増えると助かります。 郊外の母親からは、家族や支援者の視点でも、窓口、紙、Webのどれでも確認できることが大切なため、具体的な運用条件まで示してほしいです。 補足として、窓口で聞かれやすい質問を先に整理して公開してほしいです。,1歳,郊外,母親,対面ヒアリング
441,土日に参加できる親子イベントが少なく、平日は家族の予定と合いません。父親も行きやすい時間帯の講座や遊び場があると、家庭内で育児を共有しやすいです。 駅周辺の父親からは、日常的に利用する人からも、実際の生活動線に合う運用でないと使い続けにくいため、地域別の影響を確認してから判断してほしいです。 補足として、窓口で聞かれやすい質問を先に整理して公開してほしいです。,2歳,駅周辺,父親,オンラインアンケート
442,離乳食や発達の相談先はあると聞きますが、困った時にすぐ名前が出てきません。母子手帳アプリなどから年齢に合わせて案内が届くと心強いです。 住宅地の母親からは、初めて制度を調べた人からも、利用する時間帯や曜日で困り方が変わるため、試行期間を設けて利用者の声を再確認してほしいです。 補足として、窓口で聞かれやすい質問を先に整理して公開してほしいです。,0歳,住宅地,母親,アプリ
443,雨の日や暑い日に行ける屋内の遊び場が限られていて、家にこもる日が続くと親子ともに煮詰まります。予約不要で短時間利用できる場所が増えてほしいです。 郊外の祖母同居からは、平日昼間に動きづらい人からも、情報の届き方に個人差があるため、対象者に届く案内方法も合わせて検討してほしいです。 補足として、窓口で聞かれやすい質問を先に整理して公開してほしいです。,3歳,郊外,祖母同居,オンラインアンケート
444,相談会の案内は見かけますが、悩みが深刻でないと行ってはいけない気がしてしまいます。雑談から入れる場や、同じ月齢の親同士がつながる機会があると嬉しいです。 集合住宅エリアの母親からは、地域活動に関わる人からも、費用負担と手続きの分かりやすさが利用を左右するため、必要な人が使えなくならないよう段階的に見直してほしいです。 補足として、窓口で聞かれやすい質問を先に整理して公開してほしいです。,1歳,集合住宅エリア,母親,対面ヒアリング
445,保育園のお迎え時間が勤務終了と合わず、延長保育を使っても毎日ぎりぎりです。駅近くに短時間だけ預けられる夕方の受け皿があると続けやすいです。 駅周辺の共働きからは、同じ立場の利用者からも、地区ごとの距離や交通手段の違いが大きいため、利用実績だけでなく困っている人の声も判断材料にしてほしいです。 補足として、窓口で聞かれやすい質問を先に整理して公開してほしいです。,4歳,駅周辺,共働き,オンラインアンケート
446,ひとり親向けの制度が複数ありますが、手当、就労支援、相談窓口が別々に載っていて全体像をつかみにくいです。状況を入力すると候補が出るページが欲しいです。 住宅地のひとり親からは、別の地区の回答でも、急な予定変更に対応できるかが重要なため、変更後の問い合わせ先と代替手段を分かりやすく示してほしいです。 補足として、窓口で聞かれやすい質問を先に整理して公開してほしいです。,5歳,住宅地,ひとり親,窓口
447,シフト勤務なので、平日昼間の説明会や相談時間には行けません。夜間や土曜にオンラインで相談できれば、仕事を休まず必要な情報を確認できます。 商店街周辺の共働きからは、説明会後の意見としても、家族に頼れない場合の選択肢が必要なため、関係する部署や地域団体と連携して改善してほしいです。 補足として、窓口で聞かれやすい質問を先に整理して公開してほしいです。,3歳,商店街周辺,共働き,オンラインアンケート
448,子どもの体調不良で急に休むたび、職場にも家庭にも負担を感じます。病児保育の予約方法が複雑なので、当日の流れや持ち物を一枚で確認できると助かります。 郊外の共働きからは、家族や支援者の視点でも、窓口、紙、Webのどれでも確認できることが大切なため、具体的な運用条件まで示してほしいです。 補足として、窓口で聞かれやすい質問を先に整理して公開してほしいです。,2歳,郊外,共働き,LINE
449,ファミリーサポートはありがたい制度ですが、登録説明会に参加する時間を作るのが難しいです。オンライン登録や面談枠の拡大があれば利用し始めやすいです。 駅周辺のひとり親からは、日常的に利用する人からも、実際の生活動線に合う運用でないと使い続けにくいため、地域別の影響を確認してから判断してほしいです。 補足として、窓口で聞かれやすい質問を先に整理して公開してほしいです。,6歳,駅周辺,ひとり親,オンラインアンケート
450,仕事と育児で日々を回すだけで精一杯で、困りごとを相談する余裕がありません。保育園や学校を通じて、必要な支援につながる声かけがあると孤立しにくいです。 住宅地の共働きからは、初めて制度を調べた人からも、利用する時間帯や曜日で困り方が変わるため、試行期間を設けて利用者の声を再確認してほしいです。 補足として、窓口で聞かれやすい質問を先に整理して公開してほしいです。,5歳,住宅地,共働き,対面ヒアリング
451,朝の登園前に急な会議が入ることがあり、早朝の預かりが少ないのが悩みです。7時前後から使える選択肢があるだけで、仕事の調整がかなり楽になります。 駅周辺の共働きからは、平日昼間に動きづらい人からも、情報の届き方に個人差があるため、対象者に届く案内方法も合わせて検討してほしいです。 補足として、窓口で聞かれやすい質問を先に整理して公開してほしいです。,4歳,駅周辺,共働き,オンラインアンケート
452,支援情報を探す時間が取れず、知っている人だけが制度を使えている印象があります。保育料通知や児童手当の案内と一緒に、関連支援も知らせてほしいです。 集合住宅エリアのひとり親からは、地域活動に関わる人からも、費用負担と手続きの分かりやすさが利用を左右するため、必要な人が使えなくならないよう段階的に見直してほしいです。 補足として、窓口で聞かれやすい質問を先に整理して公開してほしいです。,3歳,集合住宅エリア,ひとり親,郵送アンケート
453,残業が読めないため、学童や保育の締切時間に間に合うか毎日不安です。急な延長を相談できる仕組みや、近隣施設との連携があると安心して働けます。 郊外の共働きからは、同じ立場の利用者からも、地区ごとの距離や交通手段の違いが大きいため、利用実績だけでなく困っている人の声も判断材料にしてほしいです。 補足として、窓口で聞かれやすい質問を先に整理して公開してほしいです。,7歳,郊外,共働き,オンラインアンケート
454,子どもの発達について気になることがあっても、平日の専門相談は予約が先になりがちです。保護者が休みの日に相談できる枠が少しでもあると助かります。 住宅地の共働きからは、別の地区の回答でも、急な予定変更に対応できるかが重要なため、変更後の問い合わせ先と代替手段を分かりやすく示してほしいです。 補足として、窓口で聞かれやすい質問を先に整理して公開してほしいです。,5歳,住宅地,共働き,窓口
455,ひとりで子どもを育てていると、行政の窓口に行くこと自体が大きな負担です。相談、申請、必要書類の確認を一度に進められる伴走型の窓口があると安心です。 商店街周辺のひとり親からは、説明会後の意見としても、家族に頼れない場合の選択肢が必要なため、関係する部署や地域団体と連携して改善してほしいです。 補足として、窓口で聞かれやすい質問を先に整理して公開してほしいです。,4歳,商店街周辺,ひとり親,対面ヒアリング
456,休日出勤の日に預け先を探すのが一番大変です。通常保育とは別に、土日だけでも利用できる一時預かりや地域の見守りサービスが増えると助かります。 郊外の共働きからは、家族や支援者の視点でも、窓口、紙、Webのどれでも確認できることが大切なため、具体的な運用条件まで示してほしいです。 補足として、窓口で聞かれやすい質問を先に整理して公開してほしいです。,6歳,郊外,共働き,オンラインアンケート
457,小学校に入ると支援情報が急に少なく感じます。未就学児向けの案内は多いのに、放課後の居場所や学習支援、相談先を探すのに時間がかかりました。 住宅地の母親からは、日常的に利用する人からも、実際の生活動線に合う運用でないと使い続けにくいため、地域別の影響を確認してから判断してほしいです。 補足として、窓口で聞かれやすい質問を先に整理して公開してほしいです。,7歳,住宅地,母親,オンラインアンケート
458,転入してきたばかりで、学童の申込時期や地域の子ども会の情報を後から知りました。転入手続きの時に、子育て関連の一覧を渡してもらえると助かります。 駅周辺の父母からは、初めて制度を調べた人からも、利用する時間帯や曜日で困り方が変わるため、試行期間を設けて利用者の声を再確認してほしいです。 補足として、窓口で聞かれやすい質問を先に整理して公開してほしいです。,8歳,駅周辺,父母,窓口
459,放課後に安全に過ごせる場所が限られていて、学童に入れない日は不安です。高学年でも利用しやすい居場所や、宿題を見守ってくれる場があるとありがたいです。 郊外の共働きからは、平日昼間に動きづらい人からも、情報の届き方に個人差があるため、対象者に届く案内方法も合わせて検討してほしいです。 補足として、窓口で聞かれやすい質問を先に整理して公開してほしいです。,10歳,郊外,共働き,オンラインアンケート
460,学校からのプリント、自治体サイト、地域のSNSで情報が散らばり、重要な締切を見落としそうになります。小学生向けの支援も一つのカレンダーで見たいです。 住宅地の母親からは、地域活動に関わる人からも、費用負担と手続きの分かりやすさが利用を左右するため、必要な人が使えなくならないよう段階的に見直してほしいです。 補足として、窓口で聞かれやすい質問を先に整理して公開してほしいです。,9歳,住宅地,母親,LINE
461,思春期に近づくと、親の悩みも幼児期とは違ってきます。学校には相談しづらい内容を、地域の専門職に匿名で聞ける窓口があると利用しやすいです。 商店街周辺の母親からは、同じ立場の利用者からも、地区ごとの距離や交通手段の違いが大きいため、利用実績だけでなく困っている人の声も判断材料にしてほしいです。 補足として、窓口で聞かれやすい質問を先に整理して公開してほしいです。,12歳,商店街周辺,母親,オンラインアンケート
462,引っ越してきて近所に知り合いがいないため、子ども同士の遊び場や保護者のつながりを作るきっかけが欲しいです。地域別の交流会があると参加しやすいです。 集合住宅エリアの父母からは、別の地区の回答でも、急な予定変更に対応できるかが重要なため、変更後の問い合わせ先と代替手段を分かりやすく示してほしいです。 補足として、窓口で聞かれやすい質問を先に整理して公開してほしいです。,6歳,集合住宅エリア,父母,対面ヒアリング
463,長期休みの預け先が毎年悩みです。学童だけでは時間や内容が合わない日もあるので、午前だけの体験教室や昼食付きの居場所が増えると助かります。 郊外の共働きからは、説明会後の意見としても、家族に頼れない場合の選択肢が必要なため、関係する部署や地域団体と連携して改善してほしいです。 補足として、窓口で聞かれやすい質問を先に整理して公開してほしいです。,8歳,郊外,共働き,オンラインアンケート
464,学校に行き渋る日があり、家庭だけで抱えるには負担が大きいです。相談先はありますが、どこに連絡すべきか迷うので、最初の入口を分かりやすくしてほしいです。 住宅地の母親からは、家族や支援者の視点でも、窓口、紙、Webのどれでも確認できることが大切なため、具体的な運用条件まで示してほしいです。 補足として、窓口で聞かれやすい質問を先に整理して公開してほしいです。,11歳,住宅地,母親,窓口
465,転入後、医療機関や習い事、放課後の過ごし方など生活情報を一から探す必要がありました。行政の子育てページに地域マップがあると安心して動けます。 駅周辺の父親からは、日常的に利用する人からも、実際の生活動線に合う運用でないと使い続けにくいため、地域別の影響を確認してから判断してほしいです。 補足として、窓口で聞かれやすい質問を先に整理して公開してほしいです。,7歳,駅周辺,父親,オンラインアンケート
466,高学年になると学童を嫌がる一方、家で一人にするのも心配です。自由に過ごせて大人の目もある放課後スペースがあれば、親子の衝突も減ると思います。 商店街周辺の共働きからは、初めて制度を調べた人からも、利用する時間帯や曜日で困り方が変わるため、試行期間を設けて利用者の声を再確認してほしいです。 補足として、窓口で聞かれやすい質問を先に整理して公開してほしいです。,10歳,商店街周辺,共働き,オンラインアンケート
467,子どもの友人関係の悩みは、学校に伝えるほどか判断が難しく、相談が遅れがちです。保護者が気軽に話せる定期的な相談日やオンライン窓口があると助かります。 住宅地の母親からは、平日昼間に動きづらい人からも、情報の届き方に個人差があるため、対象者に届く案内方法も合わせて検討してほしいです。 補足として、窓口で聞かれやすい質問を先に整理して公開してほしいです。,9歳,住宅地,母親,対面ヒアリング
468,地域のイベントは魅力的ですが、対象年齢や申込方法が分かりづらく、転入家庭には参加のハードルがあります。学校経由だけでなく、自治体LINEでも知らせてほしいです。 集合住宅エリアの父母からは、地域活動に関わる人からも、費用負担と手続きの分かりやすさが利用を左右するため、必要な人が使えなくならないよう段階的に見直してほしいです。 補足として、窓口で聞かれやすい質問を先に整理して公開してほしいです。,8歳,集合住宅エリア,父母,LINE
469,一時預かりを使いたい日ほど予約が埋まっていて、前月から予定を決められない家庭には使いにくいです。空き状況をまとめて見られる仕組みがあると助かります。 駅周辺の母親からは、初めて制度を調べた人からも、利用する時間帯や曜日で困り方が変わるため、試行期間を設けて利用者の声を再確認してほしいです。 補足として、対象外になる人への代替策も同時に説明してほしいです。,1歳,駅周辺,母親,オンラインアンケート
470,子育て支援センターの雰囲気は良いのですが、初めて行く時に何を持って行けばいいか、予約が必要かが分かりにくく、行くまでに少し勇気が要りました。 住宅地の母親からは、平日昼間に動きづらい人からも、情報の届き方に個人差があるため、対象者に届く案内方法も合わせて検討してほしいです。 補足として、対象外になる人への代替策も同時に説明してほしいです。,0歳,住宅地,母親,窓口
471,近所に頼れる親族がいないため、短時間でも見てもらえる場所があると安心です。特に通院や上の子の用事で、2時間だけ預けたい場面がよくあります。 郊外の父母からは、地域活動に関わる人からも、費用負担と手続きの分かりやすさが利用を左右するため、必要な人が使えなくならないよう段階的に見直してほしいです。 補足として、対象外になる人への代替策も同時に説明してほしいです。,2歳,郊外,父母,オンラインアンケート
472,広報紙、LINE、ホームページで情報が分かれていて、結局どこを見れば最新なのか迷います。年齢別に必要な制度やイベントがまとまっていると探しやすいです。 駅周辺の母親からは、同じ立場の利用者からも、地区ごとの距離や交通手段の違いが大きいため、利用実績だけでなく困っている人の声も判断材料にしてほしいです。 補足として、対象外になる人への代替策も同時に説明してほしいです。,1歳,駅周辺,母親,LINE
473,産後しばらく外に出にくく、誰かに相談するほどではない悩みを抱えたまま過ごしていました。電話以外にチャットで軽く聞ける窓口があると利用しやすいです。 集合住宅エリアの母親からは、別の地区の回答でも、急な予定変更に対応できるかが重要なため、変更後の問い合わせ先と代替手段を分かりやすく示してほしいです。 補足として、対象外になる人への代替策も同時に説明してほしいです。,0歳,集合住宅エリア,母親,オンラインアンケート
474,保育園に入る前の過ごし方について、園庭開放や親子教室の情報を探しましたが、開催日が施設ごとに違って見落としやすいです。月間カレンダーが欲しいです。 住宅地の父親からは、説明会後の意見としても、家族に頼れない場合の選択肢が必要なため、関係する部署や地域団体と連携して改善してほしいです。 補足として、対象外になる人への代替策も同時に説明してほしいです。,2歳,住宅地,父親,窓口
475,急な発熱後、登園できない期間に仕事ではなく家事や休息のためにも預け先が必要だと感じます。病児保育の条件や空きがもっと分かりやすいと安心です。 商店街周辺の母親からは、家族や支援者の視点でも、窓口、紙、Webのどれでも確認できることが大切なため、具体的な運用条件まで示してほしいです。 補足として、対象外になる人への代替策も同時に説明してほしいです。,3歳,商店街周辺,母親,オンラインアンケート
476,子どもが人見知りで支援センターに行ってもすぐ帰ることがあり、相談員さんと話す時間までたどり着けません。予約制の個別相談が少し増えると助かります。 郊外の母親からは、日常的に利用する人からも、実際の生活動線に合う運用でないと使い続けにくいため、地域別の影響を確認してから判断してほしいです。 補足として、対象外になる人への代替策も同時に説明してほしいです。,1歳,郊外,母親,対面ヒアリング
477,土日に参加できる親子イベントが少なく、平日は家族の予定と合いません。父親も行きやすい時間帯の講座や遊び場があると、家庭内で育児を共有しやすいです。 駅周辺の父親からは、初めて制度を調べた人からも、利用する時間帯や曜日で困り方が変わるため、試行期間を設けて利用者の声を再確認してほしいです。 補足として、対象外になる人への代替策も同時に説明してほしいです。,2歳,駅周辺,父親,オンラインアンケート
478,離乳食や発達の相談先はあると聞きますが、困った時にすぐ名前が出てきません。母子手帳アプリなどから年齢に合わせて案内が届くと心強いです。 住宅地の母親からは、平日昼間に動きづらい人からも、情報の届き方に個人差があるため、対象者に届く案内方法も合わせて検討してほしいです。 補足として、対象外になる人への代替策も同時に説明してほしいです。,0歳,住宅地,母親,アプリ
479,雨の日や暑い日に行ける屋内の遊び場が限られていて、家にこもる日が続くと親子ともに煮詰まります。予約不要で短時間利用できる場所が増えてほしいです。 郊外の祖母同居からは、地域活動に関わる人からも、費用負担と手続きの分かりやすさが利用を左右するため、必要な人が使えなくならないよう段階的に見直してほしいです。 補足として、対象外になる人への代替策も同時に説明してほしいです。,3歳,郊外,祖母同居,オンラインアンケート
480,相談会の案内は見かけますが、悩みが深刻でないと行ってはいけない気がしてしまいます。雑談から入れる場や、同じ月齢の親同士がつながる機会があると嬉しいです。 集合住宅エリアの母親からは、同じ立場の利用者からも、地区ごとの距離や交通手段の違いが大きいため、利用実績だけでなく困っている人の声も判断材料にしてほしいです。 補足として、対象外になる人への代替策も同時に説明してほしいです。,1歳,集合住宅エリア,母親,対面ヒアリング
481,保育園のお迎え時間が勤務終了と合わず、延長保育を使っても毎日ぎりぎりです。駅近くに短時間だけ預けられる夕方の受け皿があると続けやすいです。 駅周辺の共働きからは、別の地区の回答でも、急な予定変更に対応できるかが重要なため、変更後の問い合わせ先と代替手段を分かりやすく示してほしいです。 補足として、対象外になる人への代替策も同時に説明してほしいです。,4歳,駅周辺,共働き,オンラインアンケート
482,ひとり親向けの制度が複数ありますが、手当、就労支援、相談窓口が別々に載っていて全体像をつかみにくいです。状況を入力すると候補が出るページが欲しいです。 住宅地のひとり親からは、説明会後の意見としても、家族に頼れない場合の選択肢が必要なため、関係する部署や地域団体と連携して改善してほしいです。 補足として、対象外になる人への代替策も同時に説明してほしいです。,5歳,住宅地,ひとり親,窓口
483,シフト勤務なので、平日昼間の説明会や相談時間には行けません。夜間や土曜にオンラインで相談できれば、仕事を休まず必要な情報を確認できます。 商店街周辺の共働きからは、家族や支援者の視点でも、窓口、紙、Webのどれでも確認できることが大切なため、具体的な運用条件まで示してほしいです。 補足として、対象外になる人への代替策も同時に説明してほしいです。,3歳,商店街周辺,共働き,オンラインアンケート
484,子どもの体調不良で急に休むたび、職場にも家庭にも負担を感じます。病児保育の予約方法が複雑なので、当日の流れや持ち物を一枚で確認できると助かります。 郊外の共働きからは、日常的に利用する人からも、実際の生活動線に合う運用でないと使い続けにくいため、地域別の影響を確認してから判断してほしいです。 補足として、対象外になる人への代替策も同時に説明してほしいです。,2歳,郊外,共働き,LINE
485,ファミリーサポートはありがたい制度ですが、登録説明会に参加する時間を作るのが難しいです。オンライン登録や面談枠の拡大があれば利用し始めやすいです。 駅周辺のひとり親からは、初めて制度を調べた人からも、利用する時間帯や曜日で困り方が変わるため、試行期間を設けて利用者の声を再確認してほしいです。 補足として、対象外になる人への代替策も同時に説明してほしいです。,6歳,駅周辺,ひとり親,オンラインアンケート
486,仕事と育児で日々を回すだけで精一杯で、困りごとを相談する余裕がありません。保育園や学校を通じて、必要な支援につながる声かけがあると孤立しにくいです。 住宅地の共働きからは、平日昼間に動きづらい人からも、情報の届き方に個人差があるため、対象者に届く案内方法も合わせて検討してほしいです。 補足として、対象外になる人への代替策も同時に説明してほしいです。,5歳,住宅地,共働き,対面ヒアリング
487,朝の登園前に急な会議が入ることがあり、早朝の預かりが少ないのが悩みです。7時前後から使える選択肢があるだけで、仕事の調整がかなり楽になります。 駅周辺の共働きからは、地域活動に関わる人からも、費用負担と手続きの分かりやすさが利用を左右するため、必要な人が使えなくならないよう段階的に見直してほしいです。 補足として、対象外になる人への代替策も同時に説明してほしいです。,4歳,駅周辺,共働き,オンラインアンケート
488,支援情報を探す時間が取れず、知っている人だけが制度を使えている印象があります。保育料通知や児童手当の案内と一緒に、関連支援も知らせてほしいです。 集合住宅エリアのひとり親からは、同じ立場の利用者からも、地区ごとの距離や交通手段の違いが大きいため、利用実績だけでなく困っている人の声も判断材料にしてほしいです。 補足として、対象外になる人への代替策も同時に説明してほしいです。,3歳,集合住宅エリア,ひとり親,郵送アンケート
489,残業が読めないため、学童や保育の締切時間に間に合うか毎日不安です。急な延長を相談できる仕組みや、近隣施設との連携があると安心して働けます。 郊外の共働きからは、別の地区の回答でも、急な予定変更に対応できるかが重要なため、変更後の問い合わせ先と代替手段を分かりやすく示してほしいです。 補足として、対象外になる人への代替策も同時に説明してほしいです。,7歳,郊外,共働き,オンラインアンケート
490,子どもの発達について気になることがあっても、平日の専門相談は予約が先になりがちです。保護者が休みの日に相談できる枠が少しでもあると助かります。 住宅地の共働きからは、説明会後の意見としても、家族に頼れない場合の選択肢が必要なため、関係する部署や地域団体と連携して改善してほしいです。 補足として、対象外になる人への代替策も同時に説明してほしいです。,5歳,住宅地,共働き,窓口
491,ひとりで子どもを育てていると、行政の窓口に行くこと自体が大きな負担です。相談、申請、必要書類の確認を一度に進められる伴走型の窓口があると安心です。 商店街周辺のひとり親からは、家族や支援者の視点でも、窓口、紙、Webのどれでも確認できることが大切なため、具体的な運用条件まで示してほしいです。 補足として、対象外になる人への代替策も同時に説明してほしいです。,4歳,商店街周辺,ひとり親,対面ヒアリング
492,休日出勤の日に預け先を探すのが一番大変です。通常保育とは別に、土日だけでも利用できる一時預かりや地域の見守りサービスが増えると助かります。 郊外の共働きからは、日常的に利用する人からも、実際の生活動線に合う運用でないと使い続けにくいため、地域別の影響を確認してから判断してほしいです。 補足として、対象外になる人への代替策も同時に説明してほしいです。,6歳,郊外,共働き,オンラインアンケート
493,小学校に入ると支援情報が急に少なく感じます。未就学児向けの案内は多いのに、放課後の居場所や学習支援、相談先を探すのに時間がかかりました。 住宅地の母親からは、初めて制度を調べた人からも、利用する時間帯や曜日で困り方が変わるため、試行期間を設けて利用者の声を再確認してほしいです。 補足として、対象外になる人への代替策も同時に説明してほしいです。,7歳,住宅地,母親,オンラインアンケート
494,転入してきたばかりで、学童の申込時期や地域の子ども会の情報を後から知りました。転入手続きの時に、子育て関連の一覧を渡してもらえると助かります。 駅周辺の父母からは、平日昼間に動きづらい人からも、情報の届き方に個人差があるため、対象者に届く案内方法も合わせて検討してほしいです。 補足として、対象外になる人への代替策も同時に説明してほしいです。,8歳,駅周辺,父母,窓口
495,放課後に安全に過ごせる場所が限られていて、学童に入れない日は不安です。高学年でも利用しやすい居場所や、宿題を見守ってくれる場があるとありがたいです。 郊外の共働きからは、地域活動に関わる人からも、費用負担と手続きの分かりやすさが利用を左右するため、必要な人が使えなくならないよう段階的に見直してほしいです。 補足として、対象外になる人への代替策も同時に説明してほしいです。,10歳,郊外,共働き,オンラインアンケート
496,学校からのプリント、自治体サイト、地域のSNSで情報が散らばり、重要な締切を見落としそうになります。小学生向けの支援も一つのカレンダーで見たいです。 住宅地の母親からは、同じ立場の利用者からも、地区ごとの距離や交通手段の違いが大きいため、利用実績だけでなく困っている人の声も判断材料にしてほしいです。 補足として、対象外になる人への代替策も同時に説明してほしいです。,9歳,住宅地,母親,LINE
497,思春期に近づくと、親の悩みも幼児期とは違ってきます。学校には相談しづらい内容を、地域の専門職に匿名で聞ける窓口があると利用しやすいです。 商店街周辺の母親からは、別の地区の回答でも、急な予定変更に対応できるかが重要なため、変更後の問い合わせ先と代替手段を分かりやすく示してほしいです。 補足として、対象外になる人への代替策も同時に説明してほしいです。,12歳,商店街周辺,母親,オンラインアンケート
498,引っ越してきて近所に知り合いがいないため、子ども同士の遊び場や保護者のつながりを作るきっかけが欲しいです。地域別の交流会があると参加しやすいです。 集合住宅エリアの父母からは、説明会後の意見としても、家族に頼れない場合の選択肢が必要なため、関係する部署や地域団体と連携して改善してほしいです。 補足として、対象外になる人への代替策も同時に説明してほしいです。,6歳,集合住宅エリア,父母,対面ヒアリング
499,長期休みの預け先が毎年悩みです。学童だけでは時間や内容が合わない日もあるので、午前だけの体験教室や昼食付きの居場所が増えると助かります。 郊外の共働きからは、家族や支援者の視点でも、窓口、紙、Webのどれでも確認できることが大切なため、具体的な運用条件まで示してほしいです。 補足として、対象外になる人への代替策も同時に説明してほしいです。,8歳,郊外,共働き,オンラインアンケート
500,学校に行き渋る日があり、家庭だけで抱えるには負担が大きいです。相談先はありますが、どこに連絡すべきか迷うので、最初の入口を分かりやすくしてほしいです。 住宅地の母親からは、日常的に利用する人からも、実際の生活動線に合う運用でないと使い続けにくいため、地域別の影響を確認してから判断してほしいです。 補足として、対象外になる人への代替策も同時に説明してほしいです。,11歳,住宅地,母親,窓口
501,転入後、医療機関や習い事、放課後の過ごし方など生活情報を一から探す必要がありました。行政の子育てページに地域マップがあると安心して動けます。 駅周辺の父親からは、初めて制度を調べた人からも、利用する時間帯や曜日で困り方が変わるため、試行期間を設けて利用者の声を再確認してほしいです。 補足として、対象外になる人への代替策も同時に説明してほしいです。,7歳,駅周辺,父親,オンラインアンケート
502,高学年になると学童を嫌がる一方、家で一人にするのも心配です。自由に過ごせて大人の目もある放課後スペースがあれば、親子の衝突も減ると思います。 商店街周辺の共働きからは、平日昼間に動きづらい人からも、情報の届き方に個人差があるため、対象者に届く案内方法も合わせて検討してほしいです。 補足として、対象外になる人への代替策も同時に説明してほしいです。,10歳,商店街周辺,共働き,オンラインアンケート
503,子どもの友人関係の悩みは、学校に伝えるほどか判断が難しく、相談が遅れがちです。保護者が気軽に話せる定期的な相談日やオンライン窓口があると助かります。 住宅地の母親からは、地域活動に関わる人からも、費用負担と手続きの分かりやすさが利用を左右するため、必要な人が使えなくならないよう段階的に見直してほしいです。 補足として、対象外になる人への代替策も同時に説明してほしいです。,9歳,住宅地,母親,対面ヒアリング
504,地域のイベントは魅力的ですが、対象年齢や申込方法が分かりづらく、転入家庭には参加のハードルがあります。学校経由だけでなく、自治体LINEでも知らせてほしいです。 集合住宅エリアの父母からは、同じ立場の利用者からも、地区ごとの距離や交通手段の違いが大きいため、利用実績だけでなく困っている人の声も判断材料にしてほしいです。 補足として、対象外になる人への代替策も同時に説明してほしいです。,8歳,集合住宅エリア,父母,LINE
505,一時預かりを使いたい日ほど予約が埋まっていて、前月から予定を決められない家庭には使いにくいです。空き状況をまとめて見られる仕組みがあると助かります。 駅周辺の母親からは、平日昼間に動きづらい人からも、情報の届き方に個人差があるため、対象者に届く案内方法も合わせて検討してほしいです。 補足として、地域団体が周知に協力できる形にしてほしいです。,1歳,駅周辺,母親,オンラインアンケート
506,子育て支援センターの雰囲気は良いのですが、初めて行く時に何を持って行けばいいか、予約が必要かが分かりにくく、行くまでに少し勇気が要りました。 住宅地の母親からは、地域活動に関わる人からも、費用負担と手続きの分かりやすさが利用を左右するため、必要な人が使えなくならないよう段階的に見直してほしいです。 補足として、地域団体が周知に協力できる形にしてほしいです。,0歳,住宅地,母親,窓口
507,近所に頼れる親族がいないため、短時間でも見てもらえる場所があると安心です。特に通院や上の子の用事で、2時間だけ預けたい場面がよくあります。 郊外の父母からは、同じ立場の利用者からも、地区ごとの距離や交通手段の違いが大きいため、利用実績だけでなく困っている人の声も判断材料にしてほしいです。 補足として、地域団体が周知に協力できる形にしてほしいです。,2歳,郊外,父母,オンラインアンケート
508,広報紙、LINE、ホームページで情報が分かれていて、結局どこを見れば最新なのか迷います。年齢別に必要な制度やイベントがまとまっていると探しやすいです。 駅周辺の母親からは、別の地区の回答でも、急な予定変更に対応できるかが重要なため、変更後の問い合わせ先と代替手段を分かりやすく示してほしいです。 補足として、地域団体が周知に協力できる形にしてほしいです。,1歳,駅周辺,母親,LINE
509,産後しばらく外に出にくく、誰かに相談するほどではない悩みを抱えたまま過ごしていました。電話以外にチャットで軽く聞ける窓口があると利用しやすいです。 集合住宅エリアの母親からは、説明会後の意見としても、家族に頼れない場合の選択肢が必要なため、関係する部署や地域団体と連携して改善してほしいです。 補足として、地域団体が周知に協力できる形にしてほしいです。,0歳,集合住宅エリア,母親,オンラインアンケート
510,保育園に入る前の過ごし方について、園庭開放や親子教室の情報を探しましたが、開催日が施設ごとに違って見落としやすいです。月間カレンダーが欲しいです。 住宅地の父親からは、家族や支援者の視点でも、窓口、紙、Webのどれでも確認できることが大切なため、具体的な運用条件まで示してほしいです。 補足として、地域団体が周知に協力できる形にしてほしいです。,2歳,住宅地,父親,窓口
511,急な発熱後、登園できない期間に仕事ではなく家事や休息のためにも預け先が必要だと感じます。病児保育の条件や空きがもっと分かりやすいと安心です。 商店街周辺の母親からは、日常的に利用する人からも、実際の生活動線に合う運用でないと使い続けにくいため、地域別の影響を確認してから判断してほしいです。 補足として、地域団体が周知に協力できる形にしてほしいです。,3歳,商店街周辺,母親,オンラインアンケート
512,子どもが人見知りで支援センターに行ってもすぐ帰ることがあり、相談員さんと話す時間までたどり着けません。予約制の個別相談が少し増えると助かります。 郊外の母親からは、初めて制度を調べた人からも、利用する時間帯や曜日で困り方が変わるため、試行期間を設けて利用者の声を再確認してほしいです。 補足として、地域団体が周知に協力できる形にしてほしいです。,1歳,郊外,母親,対面ヒアリング
513,土日に参加できる親子イベントが少なく、平日は家族の予定と合いません。父親も行きやすい時間帯の講座や遊び場があると、家庭内で育児を共有しやすいです。 駅周辺の父親からは、平日昼間に動きづらい人からも、情報の届き方に個人差があるため、対象者に届く案内方法も合わせて検討してほしいです。 補足として、地域団体が周知に協力できる形にしてほしいです。,2歳,駅周辺,父親,オンラインアンケート
514,離乳食や発達の相談先はあると聞きますが、困った時にすぐ名前が出てきません。母子手帳アプリなどから年齢に合わせて案内が届くと心強いです。 住宅地の母親からは、地域活動に関わる人からも、費用負担と手続きの分かりやすさが利用を左右するため、必要な人が使えなくならないよう段階的に見直してほしいです。 補足として、地域団体が周知に協力できる形にしてほしいです。,0歳,住宅地,母親,アプリ
515,雨の日や暑い日に行ける屋内の遊び場が限られていて、家にこもる日が続くと親子ともに煮詰まります。予約不要で短時間利用できる場所が増えてほしいです。 郊外の祖母同居からは、同じ立場の利用者からも、地区ごとの距離や交通手段の違いが大きいため、利用実績だけでなく困っている人の声も判断材料にしてほしいです。 補足として、地域団体が周知に協力できる形にしてほしいです。,3歳,郊外,祖母同居,オンラインアンケート
516,相談会の案内は見かけますが、悩みが深刻でないと行ってはいけない気がしてしまいます。雑談から入れる場や、同じ月齢の親同士がつながる機会があると嬉しいです。 集合住宅エリアの母親からは、別の地区の回答でも、急な予定変更に対応できるかが重要なため、変更後の問い合わせ先と代替手段を分かりやすく示してほしいです。 補足として、地域団体が周知に協力できる形にしてほしいです。,1歳,集合住宅エリア,母親,対面ヒアリング
517,保育園のお迎え時間が勤務終了と合わず、延長保育を使っても毎日ぎりぎりです。駅近くに短時間だけ預けられる夕方の受け皿があると続けやすいです。 駅周辺の共働きからは、説明会後の意見としても、家族に頼れない場合の選択肢が必要なため、関係する部署や地域団体と連携して改善してほしいです。 補足として、地域団体が周知に協力できる形にしてほしいです。,4歳,駅周辺,共働き,オンラインアンケート
518,ひとり親向けの制度が複数ありますが、手当、就労支援、相談窓口が別々に載っていて全体像をつかみにくいです。状況を入力すると候補が出るページが欲しいです。 住宅地のひとり親からは、家族や支援者の視点でも、窓口、紙、Webのどれでも確認できることが大切なため、具体的な運用条件まで示してほしいです。 補足として、地域団体が周知に協力できる形にしてほしいです。,5歳,住宅地,ひとり親,窓口
519,シフト勤務なので、平日昼間の説明会や相談時間には行けません。夜間や土曜にオンラインで相談できれば、仕事を休まず必要な情報を確認できます。 商店街周辺の共働きからは、日常的に利用する人からも、実際の生活動線に合う運用でないと使い続けにくいため、地域別の影響を確認してから判断してほしいです。 補足として、地域団体が周知に協力できる形にしてほしいです。,3歳,商店街周辺,共働き,オンラインアンケート
520,子どもの体調不良で急に休むたび、職場にも家庭にも負担を感じます。病児保育の予約方法が複雑なので、当日の流れや持ち物を一枚で確認できると助かります。 郊外の共働きからは、初めて制度を調べた人からも、利用する時間帯や曜日で困り方が変わるため、試行期間を設けて利用者の声を再確認してほしいです。 補足として、地域団体が周知に協力できる形にしてほしいです。,2歳,郊外,共働き,LINE
521,ファミリーサポートはありがたい制度ですが、登録説明会に参加する時間を作るのが難しいです。オンライン登録や面談枠の拡大があれば利用し始めやすいです。 駅周辺のひとり親からは、平日昼間に動きづらい人からも、情報の届き方に個人差があるため、対象者に届く案内方法も合わせて検討してほしいです。 補足として、地域団体が周知に協力できる形にしてほしいです。,6歳,駅周辺,ひとり親,オンラインアンケート
522,仕事と育児で日々を回すだけで精一杯で、困りごとを相談する余裕がありません。保育園や学校を通じて、必要な支援につながる声かけがあると孤立しにくいです。 住宅地の共働きからは、地域活動に関わる人からも、費用負担と手続きの分かりやすさが利用を左右するため、必要な人が使えなくならないよう段階的に見直してほしいです。 補足として、地域団体が周知に協力できる形にしてほしいです。,5歳,住宅地,共働き,対面ヒアリング
523,朝の登園前に急な会議が入ることがあり、早朝の預かりが少ないのが悩みです。7時前後から使える選択肢があるだけで、仕事の調整がかなり楽になります。 駅周辺の共働きからは、同じ立場の利用者からも、地区ごとの距離や交通手段の違いが大きいため、利用実績だけでなく困っている人の声も判断材料にしてほしいです。 補足として、地域団体が周知に協力できる形にしてほしいです。,4歳,駅周辺,共働き,オンラインアンケート
524,支援情報を探す時間が取れず、知っている人だけが制度を使えている印象があります。保育料通知や児童手当の案内と一緒に、関連支援も知らせてほしいです。 集合住宅エリアのひとり親からは、別の地区の回答でも、急な予定変更に対応できるかが重要なため、変更後の問い合わせ先と代替手段を分かりやすく示してほしいです。 補足として、地域団体が周知に協力できる形にしてほしいです。,3歳,集合住宅エリア,ひとり親,郵送アンケート
525,残業が読めないため、学童や保育の締切時間に間に合うか毎日不安です。急な延長を相談できる仕組みや、近隣施設との連携があると安心して働けます。 郊外の共働きからは、説明会後の意見としても、家族に頼れない場合の選択肢が必要なため、関係する部署や地域団体と連携して改善してほしいです。 補足として、地域団体が周知に協力できる形にしてほしいです。,7歳,郊外,共働き,オンラインアンケート
526,子どもの発達について気になることがあっても、平日の専門相談は予約が先になりがちです。保護者が休みの日に相談できる枠が少しでもあると助かります。 住宅地の共働きからは、家族や支援者の視点でも、窓口、紙、Webのどれでも確認できることが大切なため、具体的な運用条件まで示してほしいです。 補足として、地域団体が周知に協力できる形にしてほしいです。,5歳,住宅地,共働き,窓口
527,ひとりで子どもを育てていると、行政の窓口に行くこと自体が大きな負担です。相談、申請、必要書類の確認を一度に進められる伴走型の窓口があると安心です。 商店街周辺のひとり親からは、日常的に利用する人からも、実際の生活動線に合う運用でないと使い続けにくいため、地域別の影響を確認してから判断してほしいです。 補足として、地域団体が周知に協力できる形にしてほしいです。,4歳,商店街周辺,ひとり親,対面ヒアリング
528,休日出勤の日に預け先を探すのが一番大変です。通常保育とは別に、土日だけでも利用できる一時預かりや地域の見守りサービスが増えると助かります。 郊外の共働きからは、初めて制度を調べた人からも、利用する時間帯や曜日で困り方が変わるため、試行期間を設けて利用者の声を再確認してほしいです。 補足として、地域団体が周知に協力できる形にしてほしいです。,6歳,郊外,共働き,オンラインアンケート
529,小学校に入ると支援情報が急に少なく感じます。未就学児向けの案内は多いのに、放課後の居場所や学習支援、相談先を探すのに時間がかかりました。 住宅地の母親からは、平日昼間に動きづらい人からも、情報の届き方に個人差があるため、対象者に届く案内方法も合わせて検討してほしいです。 補足として、地域団体が周知に協力できる形にしてほしいです。,7歳,住宅地,母親,オンラインアンケート
530,転入してきたばかりで、学童の申込時期や地域の子ども会の情報を後から知りました。転入手続きの時に、子育て関連の一覧を渡してもらえると助かります。 駅周辺の父母からは、地域活動に関わる人からも、費用負担と手続きの分かりやすさが利用を左右するため、必要な人が使えなくならないよう段階的に見直してほしいです。 補足として、地域団体が周知に協力できる形にしてほしいです。,8歳,駅周辺,父母,窓口
531,放課後に安全に過ごせる場所が限られていて、学童に入れない日は不安です。高学年でも利用しやすい居場所や、宿題を見守ってくれる場があるとありがたいです。 郊外の共働きからは、同じ立場の利用者からも、地区ごとの距離や交通手段の違いが大きいため、利用実績だけでなく困っている人の声も判断材料にしてほしいです。 補足として、地域団体が周知に協力できる形にしてほしいです。,10歳,郊外,共働き,オンラインアンケート
532,学校からのプリント、自治体サイト、地域のSNSで情報が散らばり、重要な締切を見落としそうになります。小学生向けの支援も一つのカレンダーで見たいです。 住宅地の母親からは、別の地区の回答でも、急な予定変更に対応できるかが重要なため、変更後の問い合わせ先と代替手段を分かりやすく示してほしいです。 補足として、地域団体が周知に協力できる形にしてほしいです。,9歳,住宅地,母親,LINE
533,思春期に近づくと、親の悩みも幼児期とは違ってきます。学校には相談しづらい内容を、地域の専門職に匿名で聞ける窓口があると利用しやすいです。 商店街周辺の母親からは、説明会後の意見としても、家族に頼れない場合の選択肢が必要なため、関係する部署や地域団体と連携して改善してほしいです。 補足として、地域団体が周知に協力できる形にしてほしいです。,12歳,商店街周辺,母親,オンラインアンケート
534,引っ越してきて近所に知り合いがいないため、子ども同士の遊び場や保護者のつながりを作るきっかけが欲しいです。地域別の交流会があると参加しやすいです。 集合住宅エリアの父母からは、家族や支援者の視点でも、窓口、紙、Webのどれでも確認できることが大切なため、具体的な運用条件まで示してほしいです。 補足として、地域団体が周知に協力できる形にしてほしいです。,6歳,集合住宅エリア,父母,対面ヒアリング
535,長期休みの預け先が毎年悩みです。学童だけでは時間や内容が合わない日もあるので、午前だけの体験教室や昼食付きの居場所が増えると助かります。 郊外の共働きからは、日常的に利用する人からも、実際の生活動線に合う運用でないと使い続けにくいため、地域別の影響を確認してから判断してほしいです。 補足として、地域団体が周知に協力できる形にしてほしいです。,8歳,郊外,共働き,オンラインアンケート
536,学校に行き渋る日があり、家庭だけで抱えるには負担が大きいです。相談先はありますが、どこに連絡すべきか迷うので、最初の入口を分かりやすくしてほしいです。 住宅地の母親からは、初めて制度を調べた人からも、利用する時間帯や曜日で困り方が変わるため、試行期間を設けて利用者の声を再確認してほしいです。 補足として、地域団体が周知に協力できる形にしてほしいです。,11歳,住宅地,母親,窓口
537,転入後、医療機関や習い事、放課後の過ごし方など生活情報を一から探す必要がありました。行政の子育てページに地域マップがあると安心して動けます。 駅周辺の父親からは、平日昼間に動きづらい人からも、情報の届き方に個人差があるため、対象者に届く案内方法も合わせて検討してほしいです。 補足として、地域団体が周知に協力できる形にしてほしいです。,7歳,駅周辺,父親,オンラインアンケート
538,高学年になると学童を嫌がる一方、家で一人にするのも心配です。自由に過ごせて大人の目もある放課後スペースがあれば、親子の衝突も減ると思います。 商店街周辺の共働きからは、地域活動に関わる人からも、費用負担と手続きの分かりやすさが利用を左右するため、必要な人が使えなくならないよう段階的に見直してほしいです。 補足として、地域団体が周知に協力できる形にしてほしいです。,10歳,商店街周辺,共働き,オンラインアンケート
539,子どもの友人関係の悩みは、学校に伝えるほどか判断が難しく、相談が遅れがちです。保護者が気軽に話せる定期的な相談日やオンライン窓口があると助かります。 住宅地の母親からは、同じ立場の利用者からも、地区ごとの距離や交通手段の違いが大きいため、利用実績だけでなく困っている人の声も判断材料にしてほしいです。 補足として、地域団体が周知に協力できる形にしてほしいです。,9歳,住宅地,母親,対面ヒアリング
540,地域のイベントは魅力的ですが、対象年齢や申込方法が分かりづらく、転入家庭には参加のハードルがあります。学校経由だけでなく、自治体LINEでも知らせてほしいです。 集合住宅エリアの父母からは、別の地区の回答でも、急な予定変更に対応できるかが重要なため、変更後の問い合わせ先と代替手段を分かりやすく示してほしいです。 補足として、地域団体が周知に協力できる形にしてほしいです。,8歳,集合住宅エリア,父母,LINE
541,一時預かりを使いたい日ほど予約が埋まっていて、前月から予定を決められない家庭には使いにくいです。空き状況をまとめて見られる仕組みがあると助かります。 駅周辺の母親からは、地域活動に関わる人からも、費用負担と手続きの分かりやすさが利用を左右するため、必要な人が使えなくならないよう段階的に見直してほしいです。 補足として、費用や時間の負担が増える人への配慮が必要です。,1歳,駅周辺,母親,オンラインアンケート
542,子育て支援センターの雰囲気は良いのですが、初めて行く時に何を持って行けばいいか、予約が必要かが分かりにくく、行くまでに少し勇気が要りました。 住宅地の母親からは、同じ立場の利用者からも、地区ごとの距離や交通手段の違いが大きいため、利用実績だけでなく困っている人の声も判断材料にしてほしいです。 補足として、費用や時間の負担が増える人への配慮が必要です。,0歳,住宅地,母親,窓口
543,近所に頼れる親族がいないため、短時間でも見てもらえる場所があると安心です。特に通院や上の子の用事で、2時間だけ預けたい場面がよくあります。 郊外の父母からは、別の地区の回答でも、急な予定変更に対応できるかが重要なため、変更後の問い合わせ先と代替手段を分かりやすく示してほしいです。 補足として、費用や時間の負担が増える人への配慮が必要です。,2歳,郊外,父母,オンラインアンケート
544,広報紙、LINE、ホームページで情報が分かれていて、結局どこを見れば最新なのか迷います。年齢別に必要な制度やイベントがまとまっていると探しやすいです。 駅周辺の母親からは、説明会後の意見としても、家族に頼れない場合の選択肢が必要なため、関係する部署や地域団体と連携して改善してほしいです。 補足として、費用や時間の負担が増える人への配慮が必要です。,1歳,駅周辺,母親,LINE
545,産後しばらく外に出にくく、誰かに相談するほどではない悩みを抱えたまま過ごしていました。電話以外にチャットで軽く聞ける窓口があると利用しやすいです。 集合住宅エリアの母親からは、家族や支援者の視点でも、窓口、紙、Webのどれでも確認できることが大切なため、具体的な運用条件まで示してほしいです。 補足として、費用や時間の負担が増える人への配慮が必要です。,0歳,集合住宅エリア,母親,オンラインアンケート
546,保育園に入る前の過ごし方について、園庭開放や親子教室の情報を探しましたが、開催日が施設ごとに違って見落としやすいです。月間カレンダーが欲しいです。 住宅地の父親からは、日常的に利用する人からも、実際の生活動線に合う運用でないと使い続けにくいため、地域別の影響を確認してから判断してほしいです。 補足として、費用や時間の負担が増える人への配慮が必要です。,2歳,住宅地,父親,窓口
547,急な発熱後、登園できない期間に仕事ではなく家事や休息のためにも預け先が必要だと感じます。病児保育の条件や空きがもっと分かりやすいと安心です。 商店街周辺の母親からは、初めて制度を調べた人からも、利用する時間帯や曜日で困り方が変わるため、試行期間を設けて利用者の声を再確認してほしいです。 補足として、費用や時間の負担が増える人への配慮が必要です。,3歳,商店街周辺,母親,オンラインアンケート
548,子どもが人見知りで支援センターに行ってもすぐ帰ることがあり、相談員さんと話す時間までたどり着けません。予約制の個別相談が少し増えると助かります。 郊外の母親からは、平日昼間に動きづらい人からも、情報の届き方に個人差があるため、対象者に届く案内方法も合わせて検討してほしいです。 補足として、費用や時間の負担が増える人への配慮が必要です。,1歳,郊外,母親,対面ヒアリング
549,土日に参加できる親子イベントが少なく、平日は家族の予定と合いません。父親も行きやすい時間帯の講座や遊び場があると、家庭内で育児を共有しやすいです。 駅周辺の父親からは、地域活動に関わる人からも、費用負担と手続きの分かりやすさが利用を左右するため、必要な人が使えなくならないよう段階的に見直してほしいです。 補足として、費用や時間の負担が増える人への配慮が必要です。,2歳,駅周辺,父親,オンラインアンケート
550,離乳食や発達の相談先はあると聞きますが、困った時にすぐ名前が出てきません。母子手帳アプリなどから年齢に合わせて案内が届くと心強いです。 住宅地の母親からは、同じ立場の利用者からも、地区ごとの距離や交通手段の違いが大きいため、利用実績だけでなく困っている人の声も判断材料にしてほしいです。 補足として、費用や時間の負担が増える人への配慮が必要です。,0歳,住宅地,母親,アプリ
551,雨の日や暑い日に行ける屋内の遊び場が限られていて、家にこもる日が続くと親子ともに煮詰まります。予約不要で短時間利用できる場所が増えてほしいです。 郊外の祖母同居からは、別の地区の回答でも、急な予定変更に対応できるかが重要なため、変更後の問い合わせ先と代替手段を分かりやすく示してほしいです。 補足として、費用や時間の負担が増える人への配慮が必要です。,3歳,郊外,祖母同居,オンラインアンケート
552,相談会の案内は見かけますが、悩みが深刻でないと行ってはいけない気がしてしまいます。雑談から入れる場や、同じ月齢の親同士がつながる機会があると嬉しいです。 集合住宅エリアの母親からは、説明会後の意見としても、家族に頼れない場合の選択肢が必要なため、関係する部署や地域団体と連携して改善してほしいです。 補足として、費用や時間の負担が増える人への配慮が必要です。,1歳,集合住宅エリア,母親,対面ヒアリング
553,保育園のお迎え時間が勤務終了と合わず、延長保育を使っても毎日ぎりぎりです。駅近くに短時間だけ預けられる夕方の受け皿があると続けやすいです。 駅周辺の共働きからは、家族や支援者の視点でも、窓口、紙、Webのどれでも確認できることが大切なため、具体的な運用条件まで示してほしいです。 補足として、費用や時間の負担が増える人への配慮が必要です。,4歳,駅周辺,共働き,オンラインアンケート
554,ひとり親向けの制度が複数ありますが、手当、就労支援、相談窓口が別々に載っていて全体像をつかみにくいです。状況を入力すると候補が出るページが欲しいです。 住宅地のひとり親からは、日常的に利用する人からも、実際の生活動線に合う運用でないと使い続けにくいため、地域別の影響を確認してから判断してほしいです。 補足として、費用や時間の負担が増える人への配慮が必要です。,5歳,住宅地,ひとり親,窓口
555,シフト勤務なので、平日昼間の説明会や相談時間には行けません。夜間や土曜にオンラインで相談できれば、仕事を休まず必要な情報を確認できます。 商店街周辺の共働きからは、初めて制度を調べた人からも、利用する時間帯や曜日で困り方が変わるため、試行期間を設けて利用者の声を再確認してほしいです。 補足として、費用や時間の負担が増える人への配慮が必要です。,3歳,商店街周辺,共働き,オンラインアンケート
556,子どもの体調不良で急に休むたび、職場にも家庭にも負担を感じます。病児保育の予約方法が複雑なので、当日の流れや持ち物を一枚で確認できると助かります。 郊外の共働きからは、平日昼間に動きづらい人からも、情報の届き方に個人差があるため、対象者に届く案内方法も合わせて検討してほしいです。 補足として、費用や時間の負担が増える人への配慮が必要です。,2歳,郊外,共働き,LINE
557,ファミリーサポートはありがたい制度ですが、登録説明会に参加する時間を作るのが難しいです。オンライン登録や面談枠の拡大があれば利用し始めやすいです。 駅周辺のひとり親からは、地域活動に関わる人からも、費用負担と手続きの分かりやすさが利用を左右するため、必要な人が使えなくならないよう段階的に見直してほしいです。 補足として、費用や時間の負担が増える人への配慮が必要です。,6歳,駅周辺,ひとり親,オンラインアンケート
558,仕事と育児で日々を回すだけで精一杯で、困りごとを相談する余裕がありません。保育園や学校を通じて、必要な支援につながる声かけがあると孤立しにくいです。 住宅地の共働きからは、同じ立場の利用者からも、地区ごとの距離や交通手段の違いが大きいため、利用実績だけでなく困っている人の声も判断材料にしてほしいです。 補足として、費用や時間の負担が増える人への配慮が必要です。,5歳,住宅地,共働き,対面ヒアリング
559,朝の登園前に急な会議が入ることがあり、早朝の預かりが少ないのが悩みです。7時前後から使える選択肢があるだけで、仕事の調整がかなり楽になります。 駅周辺の共働きからは、別の地区の回答でも、急な予定変更に対応できるかが重要なため、変更後の問い合わせ先と代替手段を分かりやすく示してほしいです。 補足として、費用や時間の負担が増える人への配慮が必要です。,4歳,駅周辺,共働き,オンラインアンケート
560,支援情報を探す時間が取れず、知っている人だけが制度を使えている印象があります。保育料通知や児童手当の案内と一緒に、関連支援も知らせてほしいです。 集合住宅エリアのひとり親からは、説明会後の意見としても、家族に頼れない場合の選択肢が必要なため、関係する部署や地域団体と連携して改善してほしいです。 補足として、費用や時間の負担が増える人への配慮が必要です。,3歳,集合住宅エリア,ひとり親,郵送アンケート
561,残業が読めないため、学童や保育の締切時間に間に合うか毎日不安です。急な延長を相談できる仕組みや、近隣施設との連携があると安心して働けます。 郊外の共働きからは、家族や支援者の視点でも、窓口、紙、Webのどれでも確認できることが大切なため、具体的な運用条件まで示してほしいです。 補足として、費用や時間の負担が増える人への配慮が必要です。,7歳,郊外,共働き,オンラインアンケート
562,子どもの発達について気になることがあっても、平日の専門相談は予約が先になりがちです。保護者が休みの日に相談できる枠が少しでもあると助かります。 住宅地の共働きからは、日常的に利用する人からも、実際の生活動線に合う運用でないと使い続けにくいため、地域別の影響を確認してから判断してほしいです。 補足として、費用や時間の負担が増える人への配慮が必要です。,5歳,住宅地,共働き,窓口
563,ひとりで子どもを育てていると、行政の窓口に行くこと自体が大きな負担です。相談、申請、必要書類の確認を一度に進められる伴走型の窓口があると安心です。 商店街周辺のひとり親からは、初めて制度を調べた人からも、利用する時間帯や曜日で困り方が変わるため、試行期間を設けて利用者の声を再確認してほしいです。 補足として、費用や時間の負担が増える人への配慮が必要です。,4歳,商店街周辺,ひとり親,対面ヒアリング
564,休日出勤の日に預け先を探すのが一番大変です。通常保育とは別に、土日だけでも利用できる一時預かりや地域の見守りサービスが増えると助かります。 郊外の共働きからは、平日昼間に動きづらい人からも、情報の届き方に個人差があるため、対象者に届く案内方法も合わせて検討してほしいです。 補足として、費用や時間の負担が増える人への配慮が必要です。,6歳,郊外,共働き,オンラインアンケート
565,小学校に入ると支援情報が急に少なく感じます。未就学児向けの案内は多いのに、放課後の居場所や学習支援、相談先を探すのに時間がかかりました。 住宅地の母親からは、地域活動に関わる人からも、費用負担と手続きの分かりやすさが利用を左右するため、必要な人が使えなくならないよう段階的に見直してほしいです。 補足として、費用や時間の負担が増える人への配慮が必要です。,7歳,住宅地,母親,オンラインアンケート
566,転入してきたばかりで、学童の申込時期や地域の子ども会の情報を後から知りました。転入手続きの時に、子育て関連の一覧を渡してもらえると助かります。 駅周辺の父母からは、同じ立場の利用者からも、地区ごとの距離や交通手段の違いが大きいため、利用実績だけでなく困っている人の声も判断材料にしてほしいです。 補足として、費用や時間の負担が増える人への配慮が必要です。,8歳,駅周辺,父母,窓口
567,放課後に安全に過ごせる場所が限られていて、学童に入れない日は不安です。高学年でも利用しやすい居場所や、宿題を見守ってくれる場があるとありがたいです。 郊外の共働きからは、別の地区の回答でも、急な予定変更に対応できるかが重要なため、変更後の問い合わせ先と代替手段を分かりやすく示してほしいです。 補足として、費用や時間の負担が増える人への配慮が必要です。,10歳,郊外,共働き,オンラインアンケート
568,学校からのプリント、自治体サイト、地域のSNSで情報が散らばり、重要な締切を見落としそうになります。小学生向けの支援も一つのカレンダーで見たいです。 住宅地の母親からは、説明会後の意見としても、家族に頼れない場合の選択肢が必要なため、関係する部署や地域団体と連携して改善してほしいです。 補足として、費用や時間の負担が増える人への配慮が必要です。,9歳,住宅地,母親,LINE
569,思春期に近づくと、親の悩みも幼児期とは違ってきます。学校には相談しづらい内容を、地域の専門職に匿名で聞ける窓口があると利用しやすいです。 商店街周辺の母親からは、家族や支援者の視点でも、窓口、紙、Webのどれでも確認できることが大切なため、具体的な運用条件まで示してほしいです。 補足として、費用や時間の負担が増える人への配慮が必要です。,12歳,商店街周辺,母親,オンラインアンケート
570,引っ越してきて近所に知り合いがいないため、子ども同士の遊び場や保護者のつながりを作るきっかけが欲しいです。地域別の交流会があると参加しやすいです。 集合住宅エリアの父母からは、日常的に利用する人からも、実際の生活動線に合う運用でないと使い続けにくいため、地域別の影響を確認してから判断してほしいです。 補足として、費用や時間の負担が増える人への配慮が必要です。,6歳,集合住宅エリア,父母,対面ヒアリング
571,長期休みの預け先が毎年悩みです。学童だけでは時間や内容が合わない日もあるので、午前だけの体験教室や昼食付きの居場所が増えると助かります。 郊外の共働きからは、初めて制度を調べた人からも、利用する時間帯や曜日で困り方が変わるため、試行期間を設けて利用者の声を再確認してほしいです。 補足として、費用や時間の負担が増える人への配慮が必要です。,8歳,郊外,共働き,オンラインアンケート
572,学校に行き渋る日があり、家庭だけで抱えるには負担が大きいです。相談先はありますが、どこに連絡すべきか迷うので、最初の入口を分かりやすくしてほしいです。 住宅地の母親からは、平日昼間に動きづらい人からも、情報の届き方に個人差があるため、対象者に届く案内方法も合わせて検討してほしいです。 補足として、費用や時間の負担が増える人への配慮が必要です。,11歳,住宅地,母親,窓口
573,転入後、医療機関や習い事、放課後の過ごし方など生活情報を一から探す必要がありました。行政の子育てページに地域マップがあると安心して動けます。 駅周辺の父親からは、地域活動に関わる人からも、費用負担と手続きの分かりやすさが利用を左右するため、必要な人が使えなくならないよう段階的に見直してほしいです。 補足として、費用や時間の負担が増える人への配慮が必要です。,7歳,駅周辺,父親,オンラインアンケート
574,高学年になると学童を嫌がる一方、家で一人にするのも心配です。自由に過ごせて大人の目もある放課後スペースがあれば、親子の衝突も減ると思います。 商店街周辺の共働きからは、同じ立場の利用者からも、地区ごとの距離や交通手段の違いが大きいため、利用実績だけでなく困っている人の声も判断材料にしてほしいです。 補足として、費用や時間の負担が増える人への配慮が必要です。,10歳,商店街周辺,共働き,オンラインアンケート
575,子どもの友人関係の悩みは、学校に伝えるほどか判断が難しく、相談が遅れがちです。保護者が気軽に話せる定期的な相談日やオンライン窓口があると助かります。 住宅地の母親からは、別の地区の回答でも、急な予定変更に対応できるかが重要なため、変更後の問い合わせ先と代替手段を分かりやすく示してほしいです。 補足として、費用や時間の負担が増える人への配慮が必要です。,9歳,住宅地,母親,対面ヒアリング
576,地域のイベントは魅力的ですが、対象年齢や申込方法が分かりづらく、転入家庭には参加のハードルがあります。学校経由だけでなく、自治体LINEでも知らせてほしいです。 集合住宅エリアの父母からは、説明会後の意見としても、家族に頼れない場合の選択肢が必要なため、関係する部署や地域団体と連携して改善してほしいです。 補足として、費用や時間の負担が増える人への配慮が必要です。,8歳,集合住宅エリア,父母,LINE
577,一時預かりを使いたい日ほど予約が埋まっていて、前月から予定を決められない家庭には使いにくいです。空き状況をまとめて見られる仕組みがあると助かります。 駅周辺の母親からは、同じ立場の利用者からも、地区ごとの距離や交通手段の違いが大きいため、利用実績だけでなく困っている人の声も判断材料にしてほしいです。 補足として、混雑する時期と空いている時期を分けて考えてほしいです。,1歳,駅周辺,母親,オンラインアンケート
578,子育て支援センターの雰囲気は良いのですが、初めて行く時に何を持って行けばいいか、予約が必要かが分かりにくく、行くまでに少し勇気が要りました。 住宅地の母親からは、別の地区の回答でも、急な予定変更に対応できるかが重要なため、変更後の問い合わせ先と代替手段を分かりやすく示してほしいです。 補足として、混雑する時期と空いている時期を分けて考えてほしいです。,0歳,住宅地,母親,窓口
579,近所に頼れる親族がいないため、短時間でも見てもらえる場所があると安心です。特に通院や上の子の用事で、2時間だけ預けたい場面がよくあります。 郊外の父母からは、説明会後の意見としても、家族に頼れない場合の選択肢が必要なため、関係する部署や地域団体と連携して改善してほしいです。 補足として、混雑する時期と空いている時期を分けて考えてほしいです。,2歳,郊外,父母,オンラインアンケート
580,広報紙、LINE、ホームページで情報が分かれていて、結局どこを見れば最新なのか迷います。年齢別に必要な制度やイベントがまとまっていると探しやすいです。 駅周辺の母親からは、家族や支援者の視点でも、窓口、紙、Webのどれでも確認できることが大切なため、具体的な運用条件まで示してほしいです。 補足として、混雑する時期と空いている時期を分けて考えてほしいです。,1歳,駅周辺,母親,LINE
581,産後しばらく外に出にくく、誰かに相談するほどではない悩みを抱えたまま過ごしていました。電話以外にチャットで軽く聞ける窓口があると利用しやすいです。 集合住宅エリアの母親からは、日常的に利用する人からも、実際の生活動線に合う運用でないと使い続けにくいため、地域別の影響を確認してから判断してほしいです。 補足として、混雑する時期と空いている時期を分けて考えてほしいです。,0歳,集合住宅エリア,母親,オンラインアンケート
582,保育園に入る前の過ごし方について、園庭開放や親子教室の情報を探しましたが、開催日が施設ごとに違って見落としやすいです。月間カレンダーが欲しいです。 住宅地の父親からは、初めて制度を調べた人からも、利用する時間帯や曜日で困り方が変わるため、試行期間を設けて利用者の声を再確認してほしいです。 補足として、混雑する時期と空いている時期を分けて考えてほしいです。,2歳,住宅地,父親,窓口
583,急な発熱後、登園できない期間に仕事ではなく家事や休息のためにも預け先が必要だと感じます。病児保育の条件や空きがもっと分かりやすいと安心です。 商店街周辺の母親からは、平日昼間に動きづらい人からも、情報の届き方に個人差があるため、対象者に届く案内方法も合わせて検討してほしいです。 補足として、混雑する時期と空いている時期を分けて考えてほしいです。,3歳,商店街周辺,母親,オンラインアンケート
584,子どもが人見知りで支援センターに行ってもすぐ帰ることがあり、相談員さんと話す時間までたどり着けません。予約制の個別相談が少し増えると助かります。 郊外の母親からは、地域活動に関わる人からも、費用負担と手続きの分かりやすさが利用を左右するため、必要な人が使えなくならないよう段階的に見直してほしいです。 補足として、混雑する時期と空いている時期を分けて考えてほしいです。,1歳,郊外,母親,対面ヒアリング
585,土日に参加できる親子イベントが少なく、平日は家族の予定と合いません。父親も行きやすい時間帯の講座や遊び場があると、家庭内で育児を共有しやすいです。 駅周辺の父親からは、同じ立場の利用者からも、地区ごとの距離や交通手段の違いが大きいため、利用実績だけでなく困っている人の声も判断材料にしてほしいです。 補足として、混雑する時期と空いている時期を分けて考えてほしいです。,2歳,駅周辺,父親,オンラインアンケート
586,離乳食や発達の相談先はあると聞きますが、困った時にすぐ名前が出てきません。母子手帳アプリなどから年齢に合わせて案内が届くと心強いです。 住宅地の母親からは、別の地区の回答でも、急な予定変更に対応できるかが重要なため、変更後の問い合わせ先と代替手段を分かりやすく示してほしいです。 補足として、混雑する時期と空いている時期を分けて考えてほしいです。,0歳,住宅地,母親,アプリ
587,雨の日や暑い日に行ける屋内の遊び場が限られていて、家にこもる日が続くと親子ともに煮詰まります。予約不要で短時間利用できる場所が増えてほしいです。 郊外の祖母同居からは、説明会後の意見としても、家族に頼れない場合の選択肢が必要なため、関係する部署や地域団体と連携して改善してほしいです。 補足として、混雑する時期と空いている時期を分けて考えてほしいです。,3歳,郊外,祖母同居,オンラインアンケート
588,相談会の案内は見かけますが、悩みが深刻でないと行ってはいけない気がしてしまいます。雑談から入れる場や、同じ月齢の親同士がつながる機会があると嬉しいです。 集合住宅エリアの母親からは、家族や支援者の視点でも、窓口、紙、Webのどれでも確認できることが大切なため、具体的な運用条件まで示してほしいです。 補足として、混雑する時期と空いている時期を分けて考えてほしいです。,1歳,集合住宅エリア,母親,対面ヒアリング
589,保育園のお迎え時間が勤務終了と合わず、延長保育を使っても毎日ぎりぎりです。駅近くに短時間だけ預けられる夕方の受け皿があると続けやすいです。 駅周辺の共働きからは、日常的に利用する人からも、実際の生活動線に合う運用でないと使い続けにくいため、地域別の影響を確認してから判断してほしいです。 補足として、混雑する時期と空いている時期を分けて考えてほしいです。,4歳,駅周辺,共働き,オンラインアンケート
590,ひとり親向けの制度が複数ありますが、手当、就労支援、相談窓口が別々に載っていて全体像をつかみにくいです。状況を入力すると候補が出るページが欲しいです。 住宅地のひとり親からは、初めて制度を調べた人からも、利用する時間帯や曜日で困り方が変わるため、試行期間を設けて利用者の声を再確認してほしいです。 補足として、混雑する時期と空いている時期を分けて考えてほしいです。,5歳,住宅地,ひとり親,窓口
591,シフト勤務なので、平日昼間の説明会や相談時間には行けません。夜間や土曜にオンラインで相談できれば、仕事を休まず必要な情報を確認できます。 商店街周辺の共働きからは、平日昼間に動きづらい人からも、情報の届き方に個人差があるため、対象者に届く案内方法も合わせて検討してほしいです。 補足として、混雑する時期と空いている時期を分けて考えてほしいです。,3歳,商店街周辺,共働き,オンラインアンケート
592,子どもの体調不良で急に休むたび、職場にも家庭にも負担を感じます。病児保育の予約方法が複雑なので、当日の流れや持ち物を一枚で確認できると助かります。 郊外の共働きからは、地域活動に関わる人からも、費用負担と手続きの分かりやすさが利用を左右するため、必要な人が使えなくならないよう段階的に見直してほしいです。 補足として、混雑する時期と空いている時期を分けて考えてほしいです。,2歳,郊外,共働き,LINE
593,ファミリーサポートはありがたい制度ですが、登録説明会に参加する時間を作るのが難しいです。オンライン登録や面談枠の拡大があれば利用し始めやすいです。 駅周辺のひとり親からは、同じ立場の利用者からも、地区ごとの距離や交通手段の違いが大きいため、利用実績だけでなく困っている人の声も判断材料にしてほしいです。 補足として、混雑する時期と空いている時期を分けて考えてほしいです。,6歳,駅周辺,ひとり親,オンラインアンケート
594,仕事と育児で日々を回すだけで精一杯で、困りごとを相談する余裕がありません。保育園や学校を通じて、必要な支援につながる声かけがあると孤立しにくいです。 住宅地の共働きからは、別の地区の回答でも、急な予定変更に対応できるかが重要なため、変更後の問い合わせ先と代替手段を分かりやすく示してほしいです。 補足として、混雑する時期と空いている時期を分けて考えてほしいです。,5歳,住宅地,共働き,対面ヒアリング
595,朝の登園前に急な会議が入ることがあり、早朝の預かりが少ないのが悩みです。7時前後から使える選択肢があるだけで、仕事の調整がかなり楽になります。 駅周辺の共働きからは、説明会後の意見としても、家族に頼れない場合の選択肢が必要なため、関係する部署や地域団体と連携して改善してほしいです。 補足として、混雑する時期と空いている時期を分けて考えてほしいです。,4歳,駅周辺,共働き,オンラインアンケート
596,支援情報を探す時間が取れず、知っている人だけが制度を使えている印象があります。保育料通知や児童手当の案内と一緒に、関連支援も知らせてほしいです。 集合住宅エリアのひとり親からは、家族や支援者の視点でも、窓口、紙、Webのどれでも確認できることが大切なため、具体的な運用条件まで示してほしいです。 補足として、混雑する時期と空いている時期を分けて考えてほしいです。,3歳,集合住宅エリア,ひとり親,郵送アンケート
597,残業が読めないため、学童や保育の締切時間に間に合うか毎日不安です。急な延長を相談できる仕組みや、近隣施設との連携があると安心して働けます。 郊外の共働きからは、日常的に利用する人からも、実際の生活動線に合う運用でないと使い続けにくいため、地域別の影響を確認してから判断してほしいです。 補足として、混雑する時期と空いている時期を分けて考えてほしいです。,7歳,郊外,共働き,オンラインアンケート
598,子どもの発達について気になることがあっても、平日の専門相談は予約が先になりがちです。保護者が休みの日に相談できる枠が少しでもあると助かります。 住宅地の共働きからは、初めて制度を調べた人からも、利用する時間帯や曜日で困り方が変わるため、試行期間を設けて利用者の声を再確認してほしいです。 補足として、混雑する時期と空いている時期を分けて考えてほしいです。,5歳,住宅地,共働き,窓口
599,ひとりで子どもを育てていると、行政の窓口に行くこと自体が大きな負担です。相談、申請、必要書類の確認を一度に進められる伴走型の窓口があると安心です。 商店街周辺のひとり親からは、平日昼間に動きづらい人からも、情報の届き方に個人差があるため、対象者に届く案内方法も合わせて検討してほしいです。 補足として、混雑する時期と空いている時期を分けて考えてほしいです。,4歳,商店街周辺,ひとり親,対面ヒアリング
600,休日出勤の日に預け先を探すのが一番大変です。通常保育とは別に、土日だけでも利用できる一時預かりや地域の見守りサービスが増えると助かります。 郊外の共働きからは、地域活動に関わる人からも、費用負担と手続きの分かりやすさが利用を左右するため、必要な人が使えなくならないよう段階的に見直してほしいです。 補足として、混雑する時期と空いている時期を分けて考えてほしいです。,6歳,郊外,共働き,オンラインアンケート
601,小学校に入ると支援情報が急に少なく感じます。未就学児向けの案内は多いのに、放課後の居場所や学習支援、相談先を探すのに時間がかかりました。 住宅地の母親からは、同じ立場の利用者からも、地区ごとの距離や交通手段の違いが大きいため、利用実績だけでなく困っている人の声も判断材料にしてほしいです。 補足として、混雑する時期と空いている時期を分けて考えてほしいです。,7歳,住宅地,母親,オンラインアンケート
602,転入してきたばかりで、学童の申込時期や地域の子ども会の情報を後から知りました。転入手続きの時に、子育て関連の一覧を渡してもらえると助かります。 駅周辺の父母からは、別の地区の回答でも、急な予定変更に対応できるかが重要なため、変更後の問い合わせ先と代替手段を分かりやすく示してほしいです。 補足として、混雑する時期と空いている時期を分けて考えてほしいです。,8歳,駅周辺,父母,窓口
603,放課後に安全に過ごせる場所が限られていて、学童に入れない日は不安です。高学年でも利用しやすい居場所や、宿題を見守ってくれる場があるとありがたいです。 郊外の共働きからは、説明会後の意見としても、家族に頼れない場合の選択肢が必要なため、関係する部署や地域団体と連携して改善してほしいです。 補足として、混雑する時期と空いている時期を分けて考えてほしいです。,10歳,郊外,共働き,オンラインアンケート
604,学校からのプリント、自治体サイト、地域のSNSで情報が散らばり、重要な締切を見落としそうになります。小学生向けの支援も一つのカレンダーで見たいです。 住宅地の母親からは、家族や支援者の視点でも、窓口、紙、Webのどれでも確認できることが大切なため、具体的な運用条件まで示してほしいです。 補足として、混雑する時期と空いている時期を分けて考えてほしいです。,9歳,住宅地,母親,LINE
605,思春期に近づくと、親の悩みも幼児期とは違ってきます。学校には相談しづらい内容を、地域の専門職に匿名で聞ける窓口があると利用しやすいです。 商店街周辺の母親からは、日常的に利用する人からも、実際の生活動線に合う運用でないと使い続けにくいため、地域別の影響を確認してから判断してほしいです。 補足として、混雑する時期と空いている時期を分けて考えてほしいです。,12歳,商店街周辺,母親,オンラインアンケート
606,引っ越してきて近所に知り合いがいないため、子ども同士の遊び場や保護者のつながりを作るきっかけが欲しいです。地域別の交流会があると参加しやすいです。 集合住宅エリアの父母からは、初めて制度を調べた人からも、利用する時間帯や曜日で困り方が変わるため、試行期間を設けて利用者の声を再確認してほしいです。 補足として、混雑する時期と空いている時期を分けて考えてほしいです。,6歳,集合住宅エリア,父母,対面ヒアリング
607,長期休みの預け先が毎年悩みです。学童だけでは時間や内容が合わない日もあるので、午前だけの体験教室や昼食付きの居場所が増えると助かります。 郊外の共働きからは、平日昼間に動きづらい人からも、情報の届き方に個人差があるため、対象者に届く案内方法も合わせて検討してほしいです。 補足として、混雑する時期と空いている時期を分けて考えてほしいです。,8歳,郊外,共働き,オンラインアンケート
608,学校に行き渋る日があり、家庭だけで抱えるには負担が大きいです。相談先はありますが、どこに連絡すべきか迷うので、最初の入口を分かりやすくしてほしいです。 住宅地の母親からは、地域活動に関わる人からも、費用負担と手続きの分かりやすさが利用を左右するため、必要な人が使えなくならないよう段階的に見直してほしいです。 補足として、混雑する時期と空いている時期を分けて考えてほしいです。,11歳,住宅地,母親,窓口
609,転入後、医療機関や習い事、放課後の過ごし方など生活情報を一から探す必要がありました。行政の子育てページに地域マップがあると安心して動けます。 駅周辺の父親からは、同じ立場の利用者からも、地区ごとの距離や交通手段の違いが大きいため、利用実績だけでなく困っている人の声も判断材料にしてほしいです。 補足として、混雑する時期と空いている時期を分けて考えてほしいです。,7歳,駅周辺,父親,オンラインアンケート
610,高学年になると学童を嫌がる一方、家で一人にするのも心配です。自由に過ごせて大人の目もある放課後スペースがあれば、親子の衝突も減ると思います。 商店街周辺の共働きからは、別の地区の回答でも、急な予定変更に対応できるかが重要なため、変更後の問い合わせ先と代替手段を分かりやすく示してほしいです。 補足として、混雑する時期と空いている時期を分けて考えてほしいです。,10歳,商店街周辺,共働き,オンラインアンケート
611,子どもの友人関係の悩みは、学校に伝えるほどか判断が難しく、相談が遅れがちです。保護者が気軽に話せる定期的な相談日やオンライン窓口があると助かります。 住宅地の母親からは、説明会後の意見としても、家族に頼れない場合の選択肢が必要なため、関係する部署や地域団体と連携して改善してほしいです。 補足として、混雑する時期と空いている時期を分けて考えてほしいです。,9歳,住宅地,母親,対面ヒアリング
612,地域のイベントは魅力的ですが、対象年齢や申込方法が分かりづらく、転入家庭には参加のハードルがあります。学校経由だけでなく、自治体LINEでも知らせてほしいです。 集合住宅エリアの父母からは、家族や支援者の視点でも、窓口、紙、Webのどれでも確認できることが大切なため、具体的な運用条件まで示してほしいです。 補足として、混雑する時期と空いている時期を分けて考えてほしいです。,8歳,集合住宅エリア,父母,LINE
613,一時預かりを使いたい日ほど予約が埋まっていて、前月から予定を決められない家庭には使いにくいです。空き状況をまとめて見られる仕組みがあると助かります。 駅周辺の母親からは、別の地区の回答でも、急な予定変更に対応できるかが重要なため、変更後の問い合わせ先と代替手段を分かりやすく示してほしいです。 補足として、高齢者や子ども連れなど移動しにくい人の動線も見てほしいです。,1歳,駅周辺,母親,オンラインアンケート
614,子育て支援センターの雰囲気は良いのですが、初めて行く時に何を持って行けばいいか、予約が必要かが分かりにくく、行くまでに少し勇気が要りました。 住宅地の母親からは、説明会後の意見としても、家族に頼れない場合の選択肢が必要なため、関係する部署や地域団体と連携して改善してほしいです。 補足として、高齢者や子ども連れなど移動しにくい人の動線も見てほしいです。,0歳,住宅地,母親,窓口
615,近所に頼れる親族がいないため、短時間でも見てもらえる場所があると安心です。特に通院や上の子の用事で、2時間だけ預けたい場面がよくあります。 郊外の父母からは、家族や支援者の視点でも、窓口、紙、Webのどれでも確認できることが大切なため、具体的な運用条件まで示してほしいです。 補足として、高齢者や子ども連れなど移動しにくい人の動線も見てほしいです。,2歳,郊外,父母,オンラインアンケート
616,広報紙、LINE、ホームページで情報が分かれていて、結局どこを見れば最新なのか迷います。年齢別に必要な制度やイベントがまとまっていると探しやすいです。 駅周辺の母親からは、日常的に利用する人からも、実際の生活動線に合う運用でないと使い続けにくいため、地域別の影響を確認してから判断してほしいです。 補足として、高齢者や子ども連れなど移動しにくい人の動線も見てほしいです。,1歳,駅周辺,母親,LINE
617,産後しばらく外に出にくく、誰かに相談するほどではない悩みを抱えたまま過ごしていました。電話以外にチャットで軽く聞ける窓口があると利用しやすいです。 集合住宅エリアの母親からは、初めて制度を調べた人からも、利用する時間帯や曜日で困り方が変わるため、試行期間を設けて利用者の声を再確認してほしいです。 補足として、高齢者や子ども連れなど移動しにくい人の動線も見てほしいです。,0歳,集合住宅エリア,母親,オンラインアンケート
618,保育園に入る前の過ごし方について、園庭開放や親子教室の情報を探しましたが、開催日が施設ごとに違って見落としやすいです。月間カレンダーが欲しいです。 住宅地の父親からは、平日昼間に動きづらい人からも、情報の届き方に個人差があるため、対象者に届く案内方法も合わせて検討してほしいです。 補足として、高齢者や子ども連れなど移動しにくい人の動線も見てほしいです。,2歳,住宅地,父親,窓口
619,急な発熱後、登園できない期間に仕事ではなく家事や休息のためにも預け先が必要だと感じます。病児保育の条件や空きがもっと分かりやすいと安心です。 商店街周辺の母親からは、地域活動に関わる人からも、費用負担と手続きの分かりやすさが利用を左右するため、必要な人が使えなくならないよう段階的に見直してほしいです。 補足として、高齢者や子ども連れなど移動しにくい人の動線も見てほしいです。,3歳,商店街周辺,母親,オンラインアンケート
620,子どもが人見知りで支援センターに行ってもすぐ帰ることがあり、相談員さんと話す時間までたどり着けません。予約制の個別相談が少し増えると助かります。 郊外の母親からは、同じ立場の利用者からも、地区ごとの距離や交通手段の違いが大きいため、利用実績だけでなく困っている人の声も判断材料にしてほしいです。 補足として、高齢者や子ども連れなど移動しにくい人の動線も見てほしいです。,1歳,郊外,母親,対面ヒアリング
621,土日に参加できる親子イベントが少なく、平日は家族の予定と合いません。父親も行きやすい時間帯の講座や遊び場があると、家庭内で育児を共有しやすいです。 駅周辺の父親からは、別の地区の回答でも、急な予定変更に対応できるかが重要なため、変更後の問い合わせ先と代替手段を分かりやすく示してほしいです。 補足として、高齢者や子ども連れなど移動しにくい人の動線も見てほしいです。,2歳,駅周辺,父親,オンラインアンケート
622,離乳食や発達の相談先はあると聞きますが、困った時にすぐ名前が出てきません。母子手帳アプリなどから年齢に合わせて案内が届くと心強いです。 住宅地の母親からは、説明会後の意見としても、家族に頼れない場合の選択肢が必要なため、関係する部署や地域団体と連携して改善してほしいです。 補足として、高齢者や子ども連れなど移動しにくい人の動線も見てほしいです。,0歳,住宅地,母親,アプリ
623,雨の日や暑い日に行ける屋内の遊び場が限られていて、家にこもる日が続くと親子ともに煮詰まります。予約不要で短時間利用できる場所が増えてほしいです。 郊外の祖母同居からは、家族や支援者の視点でも、窓口、紙、Webのどれでも確認できることが大切なため、具体的な運用条件まで示してほしいです。 補足として、高齢者や子ども連れなど移動しにくい人の動線も見てほしいです。,3歳,郊外,祖母同居,オンラインアンケート
624,相談会の案内は見かけますが、悩みが深刻でないと行ってはいけない気がしてしまいます。雑談から入れる場や、同じ月齢の親同士がつながる機会があると嬉しいです。 集合住宅エリアの母親からは、日常的に利用する人からも、実際の生活動線に合う運用でないと使い続けにくいため、地域別の影響を確認してから判断してほしいです。 補足として、高齢者や子ども連れなど移動しにくい人の動線も見てほしいです。,1歳,集合住宅エリア,母親,対面ヒアリング
625,保育園のお迎え時間が勤務終了と合わず、延長保育を使っても毎日ぎりぎりです。駅近くに短時間だけ預けられる夕方の受け皿があると続けやすいです。 駅周辺の共働きからは、初めて制度を調べた人からも、利用する時間帯や曜日で困り方が変わるため、試行期間を設けて利用者の声を再確認してほしいです。 補足として、高齢者や子ども連れなど移動しにくい人の動線も見てほしいです。,4歳,駅周辺,共働き,オンラインアンケート
626,ひとり親向けの制度が複数ありますが、手当、就労支援、相談窓口が別々に載っていて全体像をつかみにくいです。状況を入力すると候補が出るページが欲しいです。 住宅地のひとり親からは、平日昼間に動きづらい人からも、情報の届き方に個人差があるため、対象者に届く案内方法も合わせて検討してほしいです。 補足として、高齢者や子ども連れなど移動しにくい人の動線も見てほしいです。,5歳,住宅地,ひとり親,窓口
627,シフト勤務なので、平日昼間の説明会や相談時間には行けません。夜間や土曜にオンラインで相談できれば、仕事を休まず必要な情報を確認できます。 商店街周辺の共働きからは、地域活動に関わる人からも、費用負担と手続きの分かりやすさが利用を左右するため、必要な人が使えなくならないよう段階的に見直してほしいです。 補足として、高齢者や子ども連れなど移動しにくい人の動線も見てほしいです。,3歳,商店街周辺,共働き,オンラインアンケート
628,子どもの体調不良で急に休むたび、職場にも家庭にも負担を感じます。病児保育の予約方法が複雑なので、当日の流れや持ち物を一枚で確認できると助かります。 郊外の共働きからは、同じ立場の利用者からも、地区ごとの距離や交通手段の違いが大きいため、利用実績だけでなく困っている人の声も判断材料にしてほしいです。 補足として、高齢者や子ども連れなど移動しにくい人の動線も見てほしいです。,2歳,郊外,共働き,LINE
629,ファミリーサポートはありがたい制度ですが、登録説明会に参加する時間を作るのが難しいです。オンライン登録や面談枠の拡大があれば利用し始めやすいです。 駅周辺のひとり親からは、別の地区の回答でも、急な予定変更に対応できるかが重要なため、変更後の問い合わせ先と代替手段を分かりやすく示してほしいです。 補足として、高齢者や子ども連れなど移動しにくい人の動線も見てほしいです。,6歳,駅周辺,ひとり親,オンラインアンケート
630,仕事と育児で日々を回すだけで精一杯で、困りごとを相談する余裕がありません。保育園や学校を通じて、必要な支援につながる声かけがあると孤立しにくいです。 住宅地の共働きからは、説明会後の意見としても、家族に頼れない場合の選択肢が必要なため、関係する部署や地域団体と連携して改善してほしいです。 補足として、高齢者や子ども連れなど移動しにくい人の動線も見てほしいです。,5歳,住宅地,共働き,対面ヒアリング
631,朝の登園前に急な会議が入ることがあり、早朝の預かりが少ないのが悩みです。7時前後から使える選択肢があるだけで、仕事の調整がかなり楽になります。 駅周辺の共働きからは、家族や支援者の視点でも、窓口、紙、Webのどれでも確認できることが大切なため、具体的な運用条件まで示してほしいです。 補足として、高齢者や子ども連れなど移動しにくい人の動線も見てほしいです。,4歳,駅周辺,共働き,オンラインアンケート
632,支援情報を探す時間が取れず、知っている人だけが制度を使えている印象があります。保育料通知や児童手当の案内と一緒に、関連支援も知らせてほしいです。 集合住宅エリアのひとり親からは、日常的に利用する人からも、実際の生活動線に合う運用でないと使い続けにくいため、地域別の影響を確認してから判断してほしいです。 補足として、高齢者や子ども連れなど移動しにくい人の動線も見てほしいです。,3歳,集合住宅エリア,ひとり親,郵送アンケート
633,残業が読めないため、学童や保育の締切時間に間に合うか毎日不安です。急な延長を相談できる仕組みや、近隣施設との連携があると安心して働けます。 郊外の共働きからは、初めて制度を調べた人からも、利用する時間帯や曜日で困り方が変わるため、試行期間を設けて利用者の声を再確認してほしいです。 補足として、高齢者や子ども連れなど移動しにくい人の動線も見てほしいです。,7歳,郊外,共働き,オンラインアンケート
634,子どもの発達について気になることがあっても、平日の専門相談は予約が先になりがちです。保護者が休みの日に相談できる枠が少しでもあると助かります。 住宅地の共働きからは、平日昼間に動きづらい人からも、情報の届き方に個人差があるため、対象者に届く案内方法も合わせて検討してほしいです。 補足として、高齢者や子ども連れなど移動しにくい人の動線も見てほしいです。,5歳,住宅地,共働き,窓口
635,ひとりで子どもを育てていると、行政の窓口に行くこと自体が大きな負担です。相談、申請、必要書類の確認を一度に進められる伴走型の窓口があると安心です。 商店街周辺のひとり親からは、地域活動に関わる人からも、費用負担と手続きの分かりやすさが利用を左右するため、必要な人が使えなくならないよう段階的に見直してほしいです。 補足として、高齢者や子ども連れなど移動しにくい人の動線も見てほしいです。,4歳,商店街周辺,ひとり親,対面ヒアリング
636,休日出勤の日に預け先を探すのが一番大変です。通常保育とは別に、土日だけでも利用できる一時預かりや地域の見守りサービスが増えると助かります。 郊外の共働きからは、同じ立場の利用者からも、地区ごとの距離や交通手段の違いが大きいため、利用実績だけでなく困っている人の声も判断材料にしてほしいです。 補足として、高齢者や子ども連れなど移動しにくい人の動線も見てほしいです。,6歳,郊外,共働き,オンラインアンケート
637,小学校に入ると支援情報が急に少なく感じます。未就学児向けの案内は多いのに、放課後の居場所や学習支援、相談先を探すのに時間がかかりました。 住宅地の母親からは、別の地区の回答でも、急な予定変更に対応できるかが重要なため、変更後の問い合わせ先と代替手段を分かりやすく示してほしいです。 補足として、高齢者や子ども連れなど移動しにくい人の動線も見てほしいです。,7歳,住宅地,母親,オンラインアンケート
638,転入してきたばかりで、学童の申込時期や地域の子ども会の情報を後から知りました。転入手続きの時に、子育て関連の一覧を渡してもらえると助かります。 駅周辺の父母からは、説明会後の意見としても、家族に頼れない場合の選択肢が必要なため、関係する部署や地域団体と連携して改善してほしいです。 補足として、高齢者や子ども連れなど移動しにくい人の動線も見てほしいです。,8歳,駅周辺,父母,窓口
639,放課後に安全に過ごせる場所が限られていて、学童に入れない日は不安です。高学年でも利用しやすい居場所や、宿題を見守ってくれる場があるとありがたいです。 郊外の共働きからは、家族や支援者の視点でも、窓口、紙、Webのどれでも確認できることが大切なため、具体的な運用条件まで示してほしいです。 補足として、高齢者や子ども連れなど移動しにくい人の動線も見てほしいです。,10歳,郊外,共働き,オンラインアンケート
640,学校からのプリント、自治体サイト、地域のSNSで情報が散らばり、重要な締切を見落としそうになります。小学生向けの支援も一つのカレンダーで見たいです。 住宅地の母親からは、日常的に利用する人からも、実際の生活動線に合う運用でないと使い続けにくいため、地域別の影響を確認してから判断してほしいです。 補足として、高齢者や子ども連れなど移動しにくい人の動線も見てほしいです。,9歳,住宅地,母親,LINE
641,思春期に近づくと、親の悩みも幼児期とは違ってきます。学校には相談しづらい内容を、地域の専門職に匿名で聞ける窓口があると利用しやすいです。 商店街周辺の母親からは、初めて制度を調べた人からも、利用する時間帯や曜日で困り方が変わるため、試行期間を設けて利用者の声を再確認してほしいです。 補足として、高齢者や子ども連れなど移動しにくい人の動線も見てほしいです。,12歳,商店街周辺,母親,オンラインアンケート
642,引っ越してきて近所に知り合いがいないため、子ども同士の遊び場や保護者のつながりを作るきっかけが欲しいです。地域別の交流会があると参加しやすいです。 集合住宅エリアの父母からは、平日昼間に動きづらい人からも、情報の届き方に個人差があるため、対象者に届く案内方法も合わせて検討してほしいです。 補足として、高齢者や子ども連れなど移動しにくい人の動線も見てほしいです。,6歳,集合住宅エリア,父母,対面ヒアリング
643,長期休みの預け先が毎年悩みです。学童だけでは時間や内容が合わない日もあるので、午前だけの体験教室や昼食付きの居場所が増えると助かります。 郊外の共働きからは、地域活動に関わる人からも、費用負担と手続きの分かりやすさが利用を左右するため、必要な人が使えなくならないよう段階的に見直してほしいです。 補足として、高齢者や子ども連れなど移動しにくい人の動線も見てほしいです。,8歳,郊外,共働き,オンラインアンケート
644,学校に行き渋る日があり、家庭だけで抱えるには負担が大きいです。相談先はありますが、どこに連絡すべきか迷うので、最初の入口を分かりやすくしてほしいです。 住宅地の母親からは、同じ立場の利用者からも、地区ごとの距離や交通手段の違いが大きいため、利用実績だけでなく困っている人の声も判断材料にしてほしいです。 補足として、高齢者や子ども連れなど移動しにくい人の動線も見てほしいです。,11歳,住宅地,母親,窓口
645,転入後、医療機関や習い事、放課後の過ごし方など生活情報を一から探す必要がありました。行政の子育てページに地域マップがあると安心して動けます。 駅周辺の父親からは、別の地区の回答でも、急な予定変更に対応できるかが重要なため、変更後の問い合わせ先と代替手段を分かりやすく示してほしいです。 補足として、高齢者や子ども連れなど移動しにくい人の動線も見てほしいです。,7歳,駅周辺,父親,オンラインアンケート
646,高学年になると学童を嫌がる一方、家で一人にするのも心配です。自由に過ごせて大人の目もある放課後スペースがあれば、親子の衝突も減ると思います。 商店街周辺の共働きからは、説明会後の意見としても、家族に頼れない場合の選択肢が必要なため、関係する部署や地域団体と連携して改善してほしいです。 補足として、高齢者や子ども連れなど移動しにくい人の動線も見てほしいです。,10歳,商店街周辺,共働き,オンラインアンケート
647,子どもの友人関係の悩みは、学校に伝えるほどか判断が難しく、相談が遅れがちです。保護者が気軽に話せる定期的な相談日やオンライン窓口があると助かります。 住宅地の母親からは、家族や支援者の視点でも、窓口、紙、Webのどれでも確認できることが大切なため、具体的な運用条件まで示してほしいです。 補足として、高齢者や子ども連れなど移動しにくい人の動線も見てほしいです。,9歳,住宅地,母親,対面ヒアリング
648,地域のイベントは魅力的ですが、対象年齢や申込方法が分かりづらく、転入家庭には参加のハードルがあります。学校経由だけでなく、自治体LINEでも知らせてほしいです。 集合住宅エリアの父母からは、日常的に利用する人からも、実際の生活動線に合う運用でないと使い続けにくいため、地域別の影響を確認してから判断してほしいです。 補足として、高齢者や子ども連れなど移動しにくい人の動線も見てほしいです。,8歳,集合住宅エリア,父母,LINE
649,一時預かりを使いたい日ほど予約が埋まっていて、前月から予定を決められない家庭には使いにくいです。空き状況をまとめて見られる仕組みがあると助かります。 駅周辺の母親からは、説明会後の意見としても、家族に頼れない場合の選択肢が必要なため、関係する部署や地域団体と連携して改善してほしいです。 補足として、問い合わせへの回答を後から確認できるようにしてほしいです。,1歳,駅周辺,母親,オンラインアンケート
650,子育て支援センターの雰囲気は良いのですが、初めて行く時に何を持って行けばいいか、予約が必要かが分かりにくく、行くまでに少し勇気が要りました。 住宅地の母親からは、家族や支援者の視点でも、窓口、紙、Webのどれでも確認できることが大切なため、具体的な運用条件まで示してほしいです。 補足として、問い合わせへの回答を後から確認できるようにしてほしいです。,0歳,住宅地,母親,窓口
651,近所に頼れる親族がいないため、短時間でも見てもらえる場所があると安心です。特に通院や上の子の用事で、2時間だけ預けたい場面がよくあります。 郊外の父母からは、日常的に利用する人からも、実際の生活動線に合う運用でないと使い続けにくいため、地域別の影響を確認してから判断してほしいです。 補足として、問い合わせへの回答を後から確認できるようにしてほしいです。,2歳,郊外,父母,オンラインアンケート
652,広報紙、LINE、ホームページで情報が分かれていて、結局どこを見れば最新なのか迷います。年齢別に必要な制度やイベントがまとまっていると探しやすいです。 駅周辺の母親からは、初めて制度を調べた人からも、利用する時間帯や曜日で困り方が変わるため、試行期間を設けて利用者の声を再確認してほしいです。 補足として、問い合わせへの回答を後から確認できるようにしてほしいです。,1歳,駅周辺,母親,LINE
653,産後しばらく外に出にくく、誰かに相談するほどではない悩みを抱えたまま過ごしていました。電話以外にチャットで軽く聞ける窓口があると利用しやすいです。 集合住宅エリアの母親からは、平日昼間に動きづらい人からも、情報の届き方に個人差があるため、対象者に届く案内方法も合わせて検討してほしいです。 補足として、問い合わせへの回答を後から確認できるようにしてほしいです。,0歳,集合住宅エリア,母親,オンラインアンケート
654,保育園に入る前の過ごし方について、園庭開放や親子教室の情報を探しましたが、開催日が施設ごとに違って見落としやすいです。月間カレンダーが欲しいです。 住宅地の父親からは、地域活動に関わる人からも、費用負担と手続きの分かりやすさが利用を左右するため、必要な人が使えなくならないよう段階的に見直してほしいです。 補足として、問い合わせへの回答を後から確認できるようにしてほしいです。,2歳,住宅地,父親,窓口
655,急な発熱後、登園できない期間に仕事ではなく家事や休息のためにも預け先が必要だと感じます。病児保育の条件や空きがもっと分かりやすいと安心です。 商店街周辺の母親からは、同じ立場の利用者からも、地区ごとの距離や交通手段の違いが大きいため、利用実績だけでなく困っている人の声も判断材料にしてほしいです。 補足として、問い合わせへの回答を後から確認できるようにしてほしいです。,3歳,商店街周辺,母親,オンラインアンケート
656,子どもが人見知りで支援センターに行ってもすぐ帰ることがあり、相談員さんと話す時間までたどり着けません。予約制の個別相談が少し増えると助かります。 郊外の母親からは、別の地区の回答でも、急な予定変更に対応できるかが重要なため、変更後の問い合わせ先と代替手段を分かりやすく示してほしいです。 補足として、問い合わせへの回答を後から確認できるようにしてほしいです。,1歳,郊外,母親,対面ヒアリング
657,土日に参加できる親子イベントが少なく、平日は家族の予定と合いません。父親も行きやすい時間帯の講座や遊び場があると、家庭内で育児を共有しやすいです。 駅周辺の父親からは、説明会後の意見としても、家族に頼れない場合の選択肢が必要なため、関係する部署や地域団体と連携して改善してほしいです。 補足として、問い合わせへの回答を後から確認できるようにしてほしいです。,2歳,駅周辺,父親,オンラインアンケート
658,離乳食や発達の相談先はあると聞きますが、困った時にすぐ名前が出てきません。母子手帳アプリなどから年齢に合わせて案内が届くと心強いです。 住宅地の母親からは、家族や支援者の視点でも、窓口、紙、Webのどれでも確認できることが大切なため、具体的な運用条件まで示してほしいです。 補足として、問い合わせへの回答を後から確認できるようにしてほしいです。,0歳,住宅地,母親,アプリ
659,雨の日や暑い日に行ける屋内の遊び場が限られていて、家にこもる日が続くと親子ともに煮詰まります。予約不要で短時間利用できる場所が増えてほしいです。 郊外の祖母同居からは、日常的に利用する人からも、実際の生活動線に合う運用でないと使い続けにくいため、地域別の影響を確認してから判断してほしいです。 補足として、問い合わせへの回答を後から確認できるようにしてほしいです。,3歳,郊外,祖母同居,オンラインアンケート
660,相談会の案内は見かけますが、悩みが深刻でないと行ってはいけない気がしてしまいます。雑談から入れる場や、同じ月齢の親同士がつながる機会があると嬉しいです。 集合住宅エリアの母親からは、初めて制度を調べた人からも、利用する時間帯や曜日で困り方が変わるため、試行期間を設けて利用者の声を再確認してほしいです。 補足として、問い合わせへの回答を後から確認できるようにしてほしいです。,1歳,集合住宅エリア,母親,対面ヒアリング
661,保育園のお迎え時間が勤務終了と合わず、延長保育を使っても毎日ぎりぎりです。駅近くに短時間だけ預けられる夕方の受け皿があると続けやすいです。 駅周辺の共働きからは、平日昼間に動きづらい人からも、情報の届き方に個人差があるため、対象者に届く案内方法も合わせて検討してほしいです。 補足として、問い合わせへの回答を後から確認できるようにしてほしいです。,4歳,駅周辺,共働き,オンラインアンケート
662,ひとり親向けの制度が複数ありますが、手当、就労支援、相談窓口が別々に載っていて全体像をつかみにくいです。状況を入力すると候補が出るページが欲しいです。 住宅地のひとり親からは、地域活動に関わる人からも、費用負担と手続きの分かりやすさが利用を左右するため、必要な人が使えなくならないよう段階的に見直してほしいです。 補足として、問い合わせへの回答を後から確認できるようにしてほしいです。,5歳,住宅地,ひとり親,窓口
663,シフト勤務なので、平日昼間の説明会や相談時間には行けません。夜間や土曜にオンラインで相談できれば、仕事を休まず必要な情報を確認できます。 商店街周辺の共働きからは、同じ立場の利用者からも、地区ごとの距離や交通手段の違いが大きいため、利用実績だけでなく困っている人の声も判断材料にしてほしいです。 補足として、問い合わせへの回答を後から確認できるようにしてほしいです。,3歳,商店街周辺,共働き,オンラインアンケート
664,子どもの体調不良で急に休むたび、職場にも家庭にも負担を感じます。病児保育の予約方法が複雑なので、当日の流れや持ち物を一枚で確認できると助かります。 郊外の共働きからは、別の地区の回答でも、急な予定変更に対応できるかが重要なため、変更後の問い合わせ先と代替手段を分かりやすく示してほしいです。 補足として、問い合わせへの回答を後から確認できるようにしてほしいです。,2歳,郊外,共働き,LINE
665,ファミリーサポートはありがたい制度ですが、登録説明会に参加する時間を作るのが難しいです。オンライン登録や面談枠の拡大があれば利用し始めやすいです。 駅周辺のひとり親からは、説明会後の意見としても、家族に頼れない場合の選択肢が必要なため、関係する部署や地域団体と連携して改善してほしいです。 補足として、問い合わせへの回答を後から確認できるようにしてほしいです。,6歳,駅周辺,ひとり親,オンラインアンケート
666,仕事と育児で日々を回すだけで精一杯で、困りごとを相談する余裕がありません。保育園や学校を通じて、必要な支援につながる声かけがあると孤立しにくいです。 住宅地の共働きからは、家族や支援者の視点でも、窓口、紙、Webのどれでも確認できることが大切なため、具体的な運用条件まで示してほしいです。 補足として、問い合わせへの回答を後から確認できるようにしてほしいです。,5歳,住宅地,共働き,対面ヒアリング
667,朝の登園前に急な会議が入ることがあり、早朝の預かりが少ないのが悩みです。7時前後から使える選択肢があるだけで、仕事の調整がかなり楽になります。 駅周辺の共働きからは、日常的に利用する人からも、実際の生活動線に合う運用でないと使い続けにくいため、地域別の影響を確認してから判断してほしいです。 補足として、問い合わせへの回答を後から確認できるようにしてほしいです。,4歳,駅周辺,共働き,オンラインアンケート
668,支援情報を探す時間が取れず、知っている人だけが制度を使えている印象があります。保育料通知や児童手当の案内と一緒に、関連支援も知らせてほしいです。 集合住宅エリアのひとり親からは、初めて制度を調べた人からも、利用する時間帯や曜日で困り方が変わるため、試行期間を設けて利用者の声を再確認してほしいです。 補足として、問い合わせへの回答を後から確認できるようにしてほしいです。,3歳,集合住宅エリア,ひとり親,郵送アンケート
669,残業が読めないため、学童や保育の締切時間に間に合うか毎日不安です。急な延長を相談できる仕組みや、近隣施設との連携があると安心して働けます。 郊外の共働きからは、平日昼間に動きづらい人からも、情報の届き方に個人差があるため、対象者に届く案内方法も合わせて検討してほしいです。 補足として、問い合わせへの回答を後から確認できるようにしてほしいです。,7歳,郊外,共働き,オンラインアンケート
670,子どもの発達について気になることがあっても、平日の専門相談は予約が先になりがちです。保護者が休みの日に相談できる枠が少しでもあると助かります。 住宅地の共働きからは、地域活動に関わる人からも、費用負担と手続きの分かりやすさが利用を左右するため、必要な人が使えなくならないよう段階的に見直してほしいです。 補足として、問い合わせへの回答を後から確認できるようにしてほしいです。,5歳,住宅地,共働き,窓口
671,ひとりで子どもを育てていると、行政の窓口に行くこと自体が大きな負担です。相談、申請、必要書類の確認を一度に進められる伴走型の窓口があると安心です。 商店街周辺のひとり親からは、同じ立場の利用者からも、地区ごとの距離や交通手段の違いが大きいため、利用実績だけでなく困っている人の声も判断材料にしてほしいです。 補足として、問い合わせへの回答を後から確認できるようにしてほしいです。,4歳,商店街周辺,ひとり親,対面ヒアリング
672,休日出勤の日に預け先を探すのが一番大変です。通常保育とは別に、土日だけでも利用できる一時預かりや地域の見守りサービスが増えると助かります。 郊外の共働きからは、別の地区の回答でも、急な予定変更に対応できるかが重要なため、変更後の問い合わせ先と代替手段を分かりやすく示してほしいです。 補足として、問い合わせへの回答を後から確認できるようにしてほしいです。,6歳,郊外,共働き,オンラインアンケート
673,小学校に入ると支援情報が急に少なく感じます。未就学児向けの案内は多いのに、放課後の居場所や学習支援、相談先を探すのに時間がかかりました。 住宅地の母親からは、説明会後の意見としても、家族に頼れない場合の選択肢が必要なため、関係する部署や地域団体と連携して改善してほしいです。 補足として、問い合わせへの回答を後から確認できるようにしてほしいです。,7歳,住宅地,母親,オンラインアンケート
674,転入してきたばかりで、学童の申込時期や地域の子ども会の情報を後から知りました。転入手続きの時に、子育て関連の一覧を渡してもらえると助かります。 駅周辺の父母からは、家族や支援者の視点でも、窓口、紙、Webのどれでも確認できることが大切なため、具体的な運用条件まで示してほしいです。 補足として、問い合わせへの回答を後から確認できるようにしてほしいです。,8歳,駅周辺,父母,窓口
675,放課後に安全に過ごせる場所が限られていて、学童に入れない日は不安です。高学年でも利用しやすい居場所や、宿題を見守ってくれる場があるとありがたいです。 郊外の共働きからは、日常的に利用する人からも、実際の生活動線に合う運用でないと使い続けにくいため、地域別の影響を確認してから判断してほしいです。 補足として、問い合わせへの回答を後から確認できるようにしてほしいです。,10歳,郊外,共働き,オンラインアンケート
676,学校からのプリント、自治体サイト、地域のSNSで情報が散らばり、重要な締切を見落としそうになります。小学生向けの支援も一つのカレンダーで見たいです。 住宅地の母親からは、初めて制度を調べた人からも、利用する時間帯や曜日で困り方が変わるため、試行期間を設けて利用者の声を再確認してほしいです。 補足として、問い合わせへの回答を後から確認できるようにしてほしいです。,9歳,住宅地,母親,LINE
677,思春期に近づくと、親の悩みも幼児期とは違ってきます。学校には相談しづらい内容を、地域の専門職に匿名で聞ける窓口があると利用しやすいです。 商店街周辺の母親からは、平日昼間に動きづらい人からも、情報の届き方に個人差があるため、対象者に届く案内方法も合わせて検討してほしいです。 補足として、問い合わせへの回答を後から確認できるようにしてほしいです。,12歳,商店街周辺,母親,オンラインアンケート
678,引っ越してきて近所に知り合いがいないため、子ども同士の遊び場や保護者のつながりを作るきっかけが欲しいです。地域別の交流会があると参加しやすいです。 集合住宅エリアの父母からは、地域活動に関わる人からも、費用負担と手続きの分かりやすさが利用を左右するため、必要な人が使えなくならないよう段階的に見直してほしいです。 補足として、問い合わせへの回答を後から確認できるようにしてほしいです。,6歳,集合住宅エリア,父母,対面ヒアリング
679,長期休みの預け先が毎年悩みです。学童だけでは時間や内容が合わない日もあるので、午前だけの体験教室や昼食付きの居場所が増えると助かります。 郊外の共働きからは、同じ立場の利用者からも、地区ごとの距離や交通手段の違いが大きいため、利用実績だけでなく困っている人の声も判断材料にしてほしいです。 補足として、問い合わせへの回答を後から確認できるようにしてほしいです。,8歳,郊外,共働き,オンラインアンケート
680,学校に行き渋る日があり、家庭だけで抱えるには負担が大きいです。相談先はありますが、どこに連絡すべきか迷うので、最初の入口を分かりやすくしてほしいです。 住宅地の母親からは、別の地区の回答でも、急な予定変更に対応できるかが重要なため、変更後の問い合わせ先と代替手段を分かりやすく示してほしいです。 補足として、問い合わせへの回答を後から確認できるようにしてほしいです。,11歳,住宅地,母親,窓口
681,転入後、医療機関や習い事、放課後の過ごし方など生活情報を一から探す必要がありました。行政の子育てページに地域マップがあると安心して動けます。 駅周辺の父親からは、説明会後の意見としても、家族に頼れない場合の選択肢が必要なため、関係する部署や地域団体と連携して改善してほしいです。 補足として、問い合わせへの回答を後から確認できるようにしてほしいです。,7歳,駅周辺,父親,オンラインアンケート
682,高学年になると学童を嫌がる一方、家で一人にするのも心配です。自由に過ごせて大人の目もある放課後スペースがあれば、親子の衝突も減ると思います。 商店街周辺の共働きからは、家族や支援者の視点でも、窓口、紙、Webのどれでも確認できることが大切なため、具体的な運用条件まで示してほしいです。 補足として、問い合わせへの回答を後から確認できるようにしてほしいです。,10歳,商店街周辺,共働き,オンラインアンケート
683,子どもの友人関係の悩みは、学校に伝えるほどか判断が難しく、相談が遅れがちです。保護者が気軽に話せる定期的な相談日やオンライン窓口があると助かります。 住宅地の母親からは、日常的に利用する人からも、実際の生活動線に合う運用でないと使い続けにくいため、地域別の影響を確認してから判断してほしいです。 補足として、問い合わせへの回答を後から確認できるようにしてほしいです。,9歳,住宅地,母親,対面ヒアリング
684,地域のイベントは魅力的ですが、対象年齢や申込方法が分かりづらく、転入家庭には参加のハードルがあります。学校経由だけでなく、自治体LINEでも知らせてほしいです。 集合住宅エリアの父母からは、初めて制度を調べた人からも、利用する時間帯や曜日で困り方が変わるため、試行期間を設けて利用者の声を再確認してほしいです。 補足として、問い合わせへの回答を後から確認できるようにしてほしいです。,8歳,集合住宅エリア,父母,LINE
685,一時預かりを使いたい日ほど予約が埋まっていて、前月から予定を決められない家庭には使いにくいです。空き状況をまとめて見られる仕組みがあると助かります。 駅周辺の母親からは、家族や支援者の視点でも、窓口、紙、Webのどれでも確認できることが大切なため、具体的な運用条件まで示してほしいです。 補足として、試行後に見直す基準をあらかじめ示してほしいです。,1歳,駅周辺,母親,オンラインアンケート
686,子育て支援センターの雰囲気は良いのですが、初めて行く時に何を持って行けばいいか、予約が必要かが分かりにくく、行くまでに少し勇気が要りました。 住宅地の母親からは、日常的に利用する人からも、実際の生活動線に合う運用でないと使い続けにくいため、地域別の影響を確認してから判断してほしいです。 補足として、試行後に見直す基準をあらかじめ示してほしいです。,0歳,住宅地,母親,窓口
687,近所に頼れる親族がいないため、短時間でも見てもらえる場所があると安心です。特に通院や上の子の用事で、2時間だけ預けたい場面がよくあります。 郊外の父母からは、初めて制度を調べた人からも、利用する時間帯や曜日で困り方が変わるため、試行期間を設けて利用者の声を再確認してほしいです。 補足として、試行後に見直す基準をあらかじめ示してほしいです。,2歳,郊外,父母,オンラインアンケート
688,広報紙、LINE、ホームページで情報が分かれていて、結局どこを見れば最新なのか迷います。年齢別に必要な制度やイベントがまとまっていると探しやすいです。 駅周辺の母親からは、平日昼間に動きづらい人からも、情報の届き方に個人差があるため、対象者に届く案内方法も合わせて検討してほしいです。 補足として、試行後に見直す基準をあらかじめ示してほしいです。,1歳,駅周辺,母親,LINE
689,産後しばらく外に出にくく、誰かに相談するほどではない悩みを抱えたまま過ごしていました。電話以外にチャットで軽く聞ける窓口があると利用しやすいです。 集合住宅エリアの母親からは、地域活動に関わる人からも、費用負担と手続きの分かりやすさが利用を左右するため、必要な人が使えなくならないよう段階的に見直してほしいです。 補足として、試行後に見直す基準をあらかじめ示してほしいです。,0歳,集合住宅エリア,母親,オンラインアンケート
690,保育園に入る前の過ごし方について、園庭開放や親子教室の情報を探しましたが、開催日が施設ごとに違って見落としやすいです。月間カレンダーが欲しいです。 住宅地の父親からは、同じ立場の利用者からも、地区ごとの距離や交通手段の違いが大きいため、利用実績だけでなく困っている人の声も判断材料にしてほしいです。 補足として、試行後に見直す基準をあらかじめ示してほしいです。,2歳,住宅地,父親,窓口
691,急な発熱後、登園できない期間に仕事ではなく家事や休息のためにも預け先が必要だと感じます。病児保育の条件や空きがもっと分かりやすいと安心です。 商店街周辺の母親からは、別の地区の回答でも、急な予定変更に対応できるかが重要なため、変更後の問い合わせ先と代替手段を分かりやすく示してほしいです。 補足として、試行後に見直す基準をあらかじめ示してほしいです。,3歳,商店街周辺,母親,オンラインアンケート
692,子どもが人見知りで支援センターに行ってもすぐ帰ることがあり、相談員さんと話す時間までたどり着けません。予約制の個別相談が少し増えると助かります。 郊外の母親からは、説明会後の意見としても、家族に頼れない場合の選択肢が必要なため、関係する部署や地域団体と連携して改善してほしいです。 補足として、試行後に見直す基準をあらかじめ示してほしいです。,1歳,郊外,母親,対面ヒアリング
693,土日に参加できる親子イベントが少なく、平日は家族の予定と合いません。父親も行きやすい時間帯の講座や遊び場があると、家庭内で育児を共有しやすいです。 駅周辺の父親からは、家族や支援者の視点でも、窓口、紙、Webのどれでも確認できることが大切なため、具体的な運用条件まで示してほしいです。 補足として、試行後に見直す基準をあらかじめ示してほしいです。,2歳,駅周辺,父親,オンラインアンケート
694,離乳食や発達の相談先はあると聞きますが、困った時にすぐ名前が出てきません。母子手帳アプリなどから年齢に合わせて案内が届くと心強いです。 住宅地の母親からは、日常的に利用する人からも、実際の生活動線に合う運用でないと使い続けにくいため、地域別の影響を確認してから判断してほしいです。 補足として、試行後に見直す基準をあらかじめ示してほしいです。,0歳,住宅地,母親,アプリ
695,雨の日や暑い日に行ける屋内の遊び場が限られていて、家にこもる日が続くと親子ともに煮詰まります。予約不要で短時間利用できる場所が増えてほしいです。 郊外の祖母同居からは、初めて制度を調べた人からも、利用する時間帯や曜日で困り方が変わるため、試行期間を設けて利用者の声を再確認してほしいです。 補足として、試行後に見直す基準をあらかじめ示してほしいです。,3歳,郊外,祖母同居,オンラインアンケート
696,相談会の案内は見かけますが、悩みが深刻でないと行ってはいけない気がしてしまいます。雑談から入れる場や、同じ月齢の親同士がつながる機会があると嬉しいです。 集合住宅エリアの母親からは、平日昼間に動きづらい人からも、情報の届き方に個人差があるため、対象者に届く案内方法も合わせて検討してほしいです。 補足として、試行後に見直す基準をあらかじめ示してほしいです。,1歳,集合住宅エリア,母親,対面ヒアリング
697,保育園のお迎え時間が勤務終了と合わず、延長保育を使っても毎日ぎりぎりです。駅近くに短時間だけ預けられる夕方の受け皿があると続けやすいです。 駅周辺の共働きからは、地域活動に関わる人からも、費用負担と手続きの分かりやすさが利用を左右するため、必要な人が使えなくならないよう段階的に見直してほしいです。 補足として、試行後に見直す基準をあらかじめ示してほしいです。,4歳,駅周辺,共働き,オンラインアンケート
698,ひとり親向けの制度が複数ありますが、手当、就労支援、相談窓口が別々に載っていて全体像をつかみにくいです。状況を入力すると候補が出るページが欲しいです。 住宅地のひとり親からは、同じ立場の利用者からも、地区ごとの距離や交通手段の違いが大きいため、利用実績だけでなく困っている人の声も判断材料にしてほしいです。 補足として、試行後に見直す基準をあらかじめ示してほしいです。,5歳,住宅地,ひとり親,窓口
699,シフト勤務なので、平日昼間の説明会や相談時間には行けません。夜間や土曜にオンラインで相談できれば、仕事を休まず必要な情報を確認できます。 商店街周辺の共働きからは、別の地区の回答でも、急な予定変更に対応できるかが重要なため、変更後の問い合わせ先と代替手段を分かりやすく示してほしいです。 補足として、試行後に見直す基準をあらかじめ示してほしいです。,3歳,商店街周辺,共働き,オンラインアンケート
700,子どもの体調不良で急に休むたび、職場にも家庭にも負担を感じます。病児保育の予約方法が複雑なので、当日の流れや持ち物を一枚で確認できると助かります。 郊外の共働きからは、説明会後の意見としても、家族に頼れない場合の選択肢が必要なため、関係する部署や地域団体と連携して改善してほしいです。 補足として、試行後に見直す基準をあらかじめ示してほしいです。,2歳,郊外,共働き,LINE
701,ファミリーサポートはありがたい制度ですが、登録説明会に参加する時間を作るのが難しいです。オンライン登録や面談枠の拡大があれば利用し始めやすいです。 駅周辺のひとり親からは、家族や支援者の視点でも、窓口、紙、Webのどれでも確認できることが大切なため、具体的な運用条件まで示してほしいです。 補足として、試行後に見直す基準をあらかじめ示してほしいです。,6歳,駅周辺,ひとり親,オンラインアンケート
702,仕事と育児で日々を回すだけで精一杯で、困りごとを相談する余裕がありません。保育園や学校を通じて、必要な支援につながる声かけがあると孤立しにくいです。 住宅地の共働きからは、日常的に利用する人からも、実際の生活動線に合う運用でないと使い続けにくいため、地域別の影響を確認してから判断してほしいです。 補足として、試行後に見直す基準をあらかじめ示してほしいです。,5歳,住宅地,共働き,対面ヒアリング
703,朝の登園前に急な会議が入ることがあり、早朝の預かりが少ないのが悩みです。7時前後から使える選択肢があるだけで、仕事の調整がかなり楽になります。 駅周辺の共働きからは、初めて制度を調べた人からも、利用する時間帯や曜日で困り方が変わるため、試行期間を設けて利用者の声を再確認してほしいです。 補足として、試行後に見直す基準をあらかじめ示してほしいです。,4歳,駅周辺,共働き,オンラインアンケート
704,支援情報を探す時間が取れず、知っている人だけが制度を使えている印象があります。保育料通知や児童手当の案内と一緒に、関連支援も知らせてほしいです。 集合住宅エリアのひとり親からは、平日昼間に動きづらい人からも、情報の届き方に個人差があるため、対象者に届く案内方法も合わせて検討してほしいです。 補足として、試行後に見直す基準をあらかじめ示してほしいです。,3歳,集合住宅エリア,ひとり親,郵送アンケート
705,残業が読めないため、学童や保育の締切時間に間に合うか毎日不安です。急な延長を相談できる仕組みや、近隣施設との連携があると安心して働けます。 郊外の共働きからは、地域活動に関わる人からも、費用負担と手続きの分かりやすさが利用を左右するため、必要な人が使えなくならないよう段階的に見直してほしいです。 補足として、試行後に見直す基準をあらかじめ示してほしいです。,7歳,郊外,共働き,オンラインアンケート
706,子どもの発達について気になることがあっても、平日の専門相談は予約が先になりがちです。保護者が休みの日に相談できる枠が少しでもあると助かります。 住宅地の共働きからは、同じ立場の利用者からも、地区ごとの距離や交通手段の違いが大きいため、利用実績だけでなく困っている人の声も判断材料にしてほしいです。 補足として、試行後に見直す基準をあらかじめ示してほしいです。,5歳,住宅地,共働き,窓口
707,ひとりで子どもを育てていると、行政の窓口に行くこと自体が大きな負担です。相談、申請、必要書類の確認を一度に進められる伴走型の窓口があると安心です。 商店街周辺のひとり親からは、別の地区の回答でも、急な予定変更に対応できるかが重要なため、変更後の問い合わせ先と代替手段を分かりやすく示してほしいです。 補足として、試行後に見直す基準をあらかじめ示してほしいです。,4歳,商店街周辺,ひとり親,対面ヒアリング
708,休日出勤の日に預け先を探すのが一番大変です。通常保育とは別に、土日だけでも利用できる一時預かりや地域の見守りサービスが増えると助かります。 郊外の共働きからは、説明会後の意見としても、家族に頼れない場合の選択肢が必要なため、関係する部署や地域団体と連携して改善してほしいです。 補足として、試行後に見直す基準をあらかじめ示してほしいです。,6歳,郊外,共働き,オンラインアンケート
709,小学校に入ると支援情報が急に少なく感じます。未就学児向けの案内は多いのに、放課後の居場所や学習支援、相談先を探すのに時間がかかりました。 住宅地の母親からは、家族や支援者の視点でも、窓口、紙、Webのどれでも確認できることが大切なため、具体的な運用条件まで示してほしいです。 補足として、試行後に見直す基準をあらかじめ示してほしいです。,7歳,住宅地,母親,オンラインアンケート
710,転入してきたばかりで、学童の申込時期や地域の子ども会の情報を後から知りました。転入手続きの時に、子育て関連の一覧を渡してもらえると助かります。 駅周辺の父母からは、日常的に利用する人からも、実際の生活動線に合う運用でないと使い続けにくいため、地域別の影響を確認してから判断してほしいです。 補足として、試行後に見直す基準をあらかじめ示してほしいです。,8歳,駅周辺,父母,窓口
711,放課後に安全に過ごせる場所が限られていて、学童に入れない日は不安です。高学年でも利用しやすい居場所や、宿題を見守ってくれる場があるとありがたいです。 郊外の共働きからは、初めて制度を調べた人からも、利用する時間帯や曜日で困り方が変わるため、試行期間を設けて利用者の声を再確認してほしいです。 補足として、試行後に見直す基準をあらかじめ示してほしいです。,10歳,郊外,共働き,オンラインアンケート
712,学校からのプリント、自治体サイト、地域のSNSで情報が散らばり、重要な締切を見落としそうになります。小学生向けの支援も一つのカレンダーで見たいです。 住宅地の母親からは、平日昼間に動きづらい人からも、情報の届き方に個人差があるため、対象者に届く案内方法も合わせて検討してほしいです。 補足として、試行後に見直す基準をあらかじめ示してほしいです。,9歳,住宅地,母親,LINE
713,思春期に近づくと、親の悩みも幼児期とは違ってきます。学校には相談しづらい内容を、地域の専門職に匿名で聞ける窓口があると利用しやすいです。 商店街周辺の母親からは、地域活動に関わる人からも、費用負担と手続きの分かりやすさが利用を左右するため、必要な人が使えなくならないよう段階的に見直してほしいです。 補足として、試行後に見直す基準をあらかじめ示してほしいです。,12歳,商店街周辺,母親,オンラインアンケート
714,引っ越してきて近所に知り合いがいないため、子ども同士の遊び場や保護者のつながりを作るきっかけが欲しいです。地域別の交流会があると参加しやすいです。 集合住宅エリアの父母からは、同じ立場の利用者からも、地区ごとの距離や交通手段の違いが大きいため、利用実績だけでなく困っている人の声も判断材料にしてほしいです。 補足として、試行後に見直す基準をあらかじめ示してほしいです。,6歳,集合住宅エリア,父母,対面ヒアリング
715,長期休みの預け先が毎年悩みです。学童だけでは時間や内容が合わない日もあるので、午前だけの体験教室や昼食付きの居場所が増えると助かります。 郊外の共働きからは、別の地区の回答でも、急な予定変更に対応できるかが重要なため、変更後の問い合わせ先と代替手段を分かりやすく示してほしいです。 補足として、試行後に見直す基準をあらかじめ示してほしいです。,8歳,郊外,共働き,オンラインアンケート
716,学校に行き渋る日があり、家庭だけで抱えるには負担が大きいです。相談先はありますが、どこに連絡すべきか迷うので、最初の入口を分かりやすくしてほしいです。 住宅地の母親からは、説明会後の意見としても、家族に頼れない場合の選択肢が必要なため、関係する部署や地域団体と連携して改善してほしいです。 補足として、試行後に見直す基準をあらかじめ示してほしいです。,11歳,住宅地,母親,窓口
717,転入後、医療機関や習い事、放課後の過ごし方など生活情報を一から探す必要がありました。行政の子育てページに地域マップがあると安心して動けます。 駅周辺の父親からは、家族や支援者の視点でも、窓口、紙、Webのどれでも確認できることが大切なため、具体的な運用条件まで示してほしいです。 補足として、試行後に見直す基準をあらかじめ示してほしいです。,7歳,駅周辺,父親,オンラインアンケート
718,高学年になると学童を嫌がる一方、家で一人にするのも心配です。自由に過ごせて大人の目もある放課後スペースがあれば、親子の衝突も減ると思います。 商店街周辺の共働きからは、日常的に利用する人からも、実際の生活動線に合う運用でないと使い続けにくいため、地域別の影響を確認してから判断してほしいです。 補足として、試行後に見直す基準をあらかじめ示してほしいです。,10歳,商店街周辺,共働き,オンラインアンケート
719,子どもの友人関係の悩みは、学校に伝えるほどか判断が難しく、相談が遅れがちです。保護者が気軽に話せる定期的な相談日やオンライン窓口があると助かります。 住宅地の母親からは、初めて制度を調べた人からも、利用する時間帯や曜日で困り方が変わるため、試行期間を設けて利用者の声を再確認してほしいです。 補足として、試行後に見直す基準をあらかじめ示してほしいです。,9歳,住宅地,母親,対面ヒアリング
720,地域のイベントは魅力的ですが、対象年齢や申込方法が分かりづらく、転入家庭には参加のハードルがあります。学校経由だけでなく、自治体LINEでも知らせてほしいです。 集合住宅エリアの父母からは、平日昼間に動きづらい人からも、情報の届き方に個人差があるため、対象者に届く案内方法も合わせて検討してほしいです。 補足として、試行後に見直す基準をあらかじめ示してほしいです。,8歳,集合住宅エリア,父母,LINE
721,一時預かりを使いたい日ほど予約が埋まっていて、前月から予定を決められない家庭には使いにくいです。空き状況をまとめて見られる仕組みがあると助かります。 駅周辺の母親からは、日常的に利用する人からも、実際の生活動線に合う運用でないと使い続けにくいため、地域別の影響を確認してから判断してほしいです。 補足として、利用条件が変わる場合は十分な周知期間を取ってほしいです。,1歳,駅周辺,母親,オンラインアンケート
722,子育て支援センターの雰囲気は良いのですが、初めて行く時に何を持って行けばいいか、予約が必要かが分かりにくく、行くまでに少し勇気が要りました。 住宅地の母親からは、初めて制度を調べた人からも、利用する時間帯や曜日で困り方が変わるため、試行期間を設けて利用者の声を再確認してほしいです。 補足として、利用条件が変わる場合は十分な周知期間を取ってほしいです。,0歳,住宅地,母親,窓口
723,近所に頼れる親族がいないため、短時間でも見てもらえる場所があると安心です。特に通院や上の子の用事で、2時間だけ預けたい場面がよくあります。 郊外の父母からは、平日昼間に動きづらい人からも、情報の届き方に個人差があるため、対象者に届く案内方法も合わせて検討してほしいです。 補足として、利用条件が変わる場合は十分な周知期間を取ってほしいです。,2歳,郊外,父母,オンラインアンケート
724,広報紙、LINE、ホームページで情報が分かれていて、結局どこを見れば最新なのか迷います。年齢別に必要な制度やイベントがまとまっていると探しやすいです。 駅周辺の母親からは、地域活動に関わる人からも、費用負担と手続きの分かりやすさが利用を左右するため、必要な人が使えなくならないよう段階的に見直してほしいです。 補足として、利用条件が変わる場合は十分な周知期間を取ってほしいです。,1歳,駅周辺,母親,LINE
725,産後しばらく外に出にくく、誰かに相談するほどではない悩みを抱えたまま過ごしていました。電話以外にチャットで軽く聞ける窓口があると利用しやすいです。 集合住宅エリアの母親からは、同じ立場の利用者からも、地区ごとの距離や交通手段の違いが大きいため、利用実績だけでなく困っている人の声も判断材料にしてほしいです。 補足として、利用条件が変わる場合は十分な周知期間を取ってほしいです。,0歳,集合住宅エリア,母親,オンラインアンケート
726,保育園に入る前の過ごし方について、園庭開放や親子教室の情報を探しましたが、開催日が施設ごとに違って見落としやすいです。月間カレンダーが欲しいです。 住宅地の父親からは、別の地区の回答でも、急な予定変更に対応できるかが重要なため、変更後の問い合わせ先と代替手段を分かりやすく示してほしいです。 補足として、利用条件が変わる場合は十分な周知期間を取ってほしいです。,2歳,住宅地,父親,窓口
727,急な発熱後、登園できない期間に仕事ではなく家事や休息のためにも預け先が必要だと感じます。病児保育の条件や空きがもっと分かりやすいと安心です。 商店街周辺の母親からは、説明会後の意見としても、家族に頼れない場合の選択肢が必要なため、関係する部署や地域団体と連携して改善してほしいです。 補足として、利用条件が変わる場合は十分な周知期間を取ってほしいです。,3歳,商店街周辺,母親,オンラインアンケート
728,子どもが人見知りで支援センターに行ってもすぐ帰ることがあり、相談員さんと話す時間までたどり着けません。予約制の個別相談が少し増えると助かります。 郊外の母親からは、家族や支援者の視点でも、窓口、紙、Webのどれでも確認できることが大切なため、具体的な運用条件まで示してほしいです。 補足として、利用条件が変わる場合は十分な周知期間を取ってほしいです。,1歳,郊外,母親,対面ヒアリング
729,土日に参加できる親子イベントが少なく、平日は家族の予定と合いません。父親も行きやすい時間帯の講座や遊び場があると、家庭内で育児を共有しやすいです。 駅周辺の父親からは、日常的に利用する人からも、実際の生活動線に合う運用でないと使い続けにくいため、地域別の影響を確認してから判断してほしいです。 補足として、利用条件が変わる場合は十分な周知期間を取ってほしいです。,2歳,駅周辺,父親,オンラインアンケート
730,離乳食や発達の相談先はあると聞きますが、困った時にすぐ名前が出てきません。母子手帳アプリなどから年齢に合わせて案内が届くと心強いです。 住宅地の母親からは、初めて制度を調べた人からも、利用する時間帯や曜日で困り方が変わるため、試行期間を設けて利用者の声を再確認してほしいです。 補足として、利用条件が変わる場合は十分な周知期間を取ってほしいです。,0歳,住宅地,母親,アプリ
731,雨の日や暑い日に行ける屋内の遊び場が限られていて、家にこもる日が続くと親子ともに煮詰まります。予約不要で短時間利用できる場所が増えてほしいです。 郊外の祖母同居からは、平日昼間に動きづらい人からも、情報の届き方に個人差があるため、対象者に届く案内方法も合わせて検討してほしいです。 補足として、利用条件が変わる場合は十分な周知期間を取ってほしいです。,3歳,郊外,祖母同居,オンラインアンケート
732,相談会の案内は見かけますが、悩みが深刻でないと行ってはいけない気がしてしまいます。雑談から入れる場や、同じ月齢の親同士がつながる機会があると嬉しいです。 集合住宅エリアの母親からは、地域活動に関わる人からも、費用負担と手続きの分かりやすさが利用を左右するため、必要な人が使えなくならないよう段階的に見直してほしいです。 補足として、利用条件が変わる場合は十分な周知期間を取ってほしいです。,1歳,集合住宅エリア,母親,対面ヒアリング
733,保育園のお迎え時間が勤務終了と合わず、延長保育を使っても毎日ぎりぎりです。駅近くに短時間だけ預けられる夕方の受け皿があると続けやすいです。 駅周辺の共働きからは、同じ立場の利用者からも、地区ごとの距離や交通手段の違いが大きいため、利用実績だけでなく困っている人の声も判断材料にしてほしいです。 補足として、利用条件が変わる場合は十分な周知期間を取ってほしいです。,4歳,駅周辺,共働き,オンラインアンケート
734,ひとり親向けの制度が複数ありますが、手当、就労支援、相談窓口が別々に載っていて全体像をつかみにくいです。状況を入力すると候補が出るページが欲しいです。 住宅地のひとり親からは、別の地区の回答でも、急な予定変更に対応できるかが重要なため、変更後の問い合わせ先と代替手段を分かりやすく示してほしいです。 補足として、利用条件が変わる場合は十分な周知期間を取ってほしいです。,5歳,住宅地,ひとり親,窓口
735,シフト勤務なので、平日昼間の説明会や相談時間には行けません。夜間や土曜にオンラインで相談できれば、仕事を休まず必要な情報を確認できます。 商店街周辺の共働きからは、説明会後の意見としても、家族に頼れない場合の選択肢が必要なため、関係する部署や地域団体と連携して改善してほしいです。 補足として、利用条件が変わる場合は十分な周知期間を取ってほしいです。,3歳,商店街周辺,共働き,オンラインアンケート
736,子どもの体調不良で急に休むたび、職場にも家庭にも負担を感じます。病児保育の予約方法が複雑なので、当日の流れや持ち物を一枚で確認できると助かります。 郊外の共働きからは、家族や支援者の視点でも、窓口、紙、Webのどれでも確認できることが大切なため、具体的な運用条件まで示してほしいです。 補足として、利用条件が変わる場合は十分な周知期間を取ってほしいです。,2歳,郊外,共働き,LINE
737,ファミリーサポートはありがたい制度ですが、登録説明会に参加する時間を作るのが難しいです。オンライン登録や面談枠の拡大があれば利用し始めやすいです。 駅周辺のひとり親からは、日常的に利用する人からも、実際の生活動線に合う運用でないと使い続けにくいため、地域別の影響を確認してから判断してほしいです。 補足として、利用条件が変わる場合は十分な周知期間を取ってほしいです。,6歳,駅周辺,ひとり親,オンラインアンケート
738,仕事と育児で日々を回すだけで精一杯で、困りごとを相談する余裕がありません。保育園や学校を通じて、必要な支援につながる声かけがあると孤立しにくいです。 住宅地の共働きからは、初めて制度を調べた人からも、利用する時間帯や曜日で困り方が変わるため、試行期間を設けて利用者の声を再確認してほしいです。 補足として、利用条件が変わる場合は十分な周知期間を取ってほしいです。,5歳,住宅地,共働き,対面ヒアリング
739,朝の登園前に急な会議が入ることがあり、早朝の預かりが少ないのが悩みです。7時前後から使える選択肢があるだけで、仕事の調整がかなり楽になります。 駅周辺の共働きからは、平日昼間に動きづらい人からも、情報の届き方に個人差があるため、対象者に届く案内方法も合わせて検討してほしいです。 補足として、利用条件が変わる場合は十分な周知期間を取ってほしいです。,4歳,駅周辺,共働き,オンラインアンケート
740,支援情報を探す時間が取れず、知っている人だけが制度を使えている印象があります。保育料通知や児童手当の案内と一緒に、関連支援も知らせてほしいです。 集合住宅エリアのひとり親からは、地域活動に関わる人からも、費用負担と手続きの分かりやすさが利用を左右するため、必要な人が使えなくならないよう段階的に見直してほしいです。 補足として、利用条件が変わる場合は十分な周知期間を取ってほしいです。,3歳,集合住宅エリア,ひとり親,郵送アンケート
741,残業が読めないため、学童や保育の締切時間に間に合うか毎日不安です。急な延長を相談できる仕組みや、近隣施設との連携があると安心して働けます。 郊外の共働きからは、同じ立場の利用者からも、地区ごとの距離や交通手段の違いが大きいため、利用実績だけでなく困っている人の声も判断材料にしてほしいです。 補足として、利用条件が変わる場合は十分な周知期間を取ってほしいです。,7歳,郊外,共働き,オンラインアンケート
742,子どもの発達について気になることがあっても、平日の専門相談は予約が先になりがちです。保護者が休みの日に相談できる枠が少しでもあると助かります。 住宅地の共働きからは、別の地区の回答でも、急な予定変更に対応できるかが重要なため、変更後の問い合わせ先と代替手段を分かりやすく示してほしいです。 補足として、利用条件が変わる場合は十分な周知期間を取ってほしいです。,5歳,住宅地,共働き,窓口
743,ひとりで子どもを育てていると、行政の窓口に行くこと自体が大きな負担です。相談、申請、必要書類の確認を一度に進められる伴走型の窓口があると安心です。 商店街周辺のひとり親からは、説明会後の意見としても、家族に頼れない場合の選択肢が必要なため、関係する部署や地域団体と連携して改善してほしいです。 補足として、利用条件が変わる場合は十分な周知期間を取ってほしいです。,4歳,商店街周辺,ひとり親,対面ヒアリング
744,休日出勤の日に預け先を探すのが一番大変です。通常保育とは別に、土日だけでも利用できる一時預かりや地域の見守りサービスが増えると助かります。 郊外の共働きからは、家族や支援者の視点でも、窓口、紙、Webのどれでも確認できることが大切なため、具体的な運用条件まで示してほしいです。 補足として、利用条件が変わる場合は十分な周知期間を取ってほしいです。,6歳,郊外,共働き,オンラインアンケート
745,小学校に入ると支援情報が急に少なく感じます。未就学児向けの案内は多いのに、放課後の居場所や学習支援、相談先を探すのに時間がかかりました。 住宅地の母親からは、日常的に利用する人からも、実際の生活動線に合う運用でないと使い続けにくいため、地域別の影響を確認してから判断してほしいです。 補足として、利用条件が変わる場合は十分な周知期間を取ってほしいです。,7歳,住宅地,母親,オンラインアンケート
746,転入してきたばかりで、学童の申込時期や地域の子ども会の情報を後から知りました。転入手続きの時に、子育て関連の一覧を渡してもらえると助かります。 駅周辺の父母からは、初めて制度を調べた人からも、利用する時間帯や曜日で困り方が変わるため、試行期間を設けて利用者の声を再確認してほしいです。 補足として、利用条件が変わる場合は十分な周知期間を取ってほしいです。,8歳,駅周辺,父母,窓口
747,放課後に安全に過ごせる場所が限られていて、学童に入れない日は不安です。高学年でも利用しやすい居場所や、宿題を見守ってくれる場があるとありがたいです。 郊外の共働きからは、平日昼間に動きづらい人からも、情報の届き方に個人差があるため、対象者に届く案内方法も合わせて検討してほしいです。 補足として、利用条件が変わる場合は十分な周知期間を取ってほしいです。,10歳,郊外,共働き,オンラインアンケート
748,学校からのプリント、自治体サイト、地域のSNSで情報が散らばり、重要な締切を見落としそうになります。小学生向けの支援も一つのカレンダーで見たいです。 住宅地の母親からは、地域活動に関わる人からも、費用負担と手続きの分かりやすさが利用を左右するため、必要な人が使えなくならないよう段階的に見直してほしいです。 補足として、利用条件が変わる場合は十分な周知期間を取ってほしいです。,9歳,住宅地,母親,LINE
749,思春期に近づくと、親の悩みも幼児期とは違ってきます。学校には相談しづらい内容を、地域の専門職に匿名で聞ける窓口があると利用しやすいです。 商店街周辺の母親からは、同じ立場の利用者からも、地区ごとの距離や交通手段の違いが大きいため、利用実績だけでなく困っている人の声も判断材料にしてほしいです。 補足として、利用条件が変わる場合は十分な周知期間を取ってほしいです。,12歳,商店街周辺,母親,オンラインアンケート
750,引っ越してきて近所に知り合いがいないため、子ども同士の遊び場や保護者のつながりを作るきっかけが欲しいです。地域別の交流会があると参加しやすいです。 集合住宅エリアの父母からは、別の地区の回答でも、急な予定変更に対応できるかが重要なため、変更後の問い合わせ先と代替手段を分かりやすく示してほしいです。 補足として、利用条件が変わる場合は十分な周知期間を取ってほしいです。,6歳,集合住宅エリア,父母,対面ヒアリング
751,長期休みの預け先が毎年悩みです。学童だけでは時間や内容が合わない日もあるので、午前だけの体験教室や昼食付きの居場所が増えると助かります。 郊外の共働きからは、説明会後の意見としても、家族に頼れない場合の選択肢が必要なため、関係する部署や地域団体と連携して改善してほしいです。 補足として、利用条件が変わる場合は十分な周知期間を取ってほしいです。,8歳,郊外,共働き,オンラインアンケート
752,学校に行き渋る日があり、家庭だけで抱えるには負担が大きいです。相談先はありますが、どこに連絡すべきか迷うので、最初の入口を分かりやすくしてほしいです。 住宅地の母親からは、家族や支援者の視点でも、窓口、紙、Webのどれでも確認できることが大切なため、具体的な運用条件まで示してほしいです。 補足として、利用条件が変わる場合は十分な周知期間を取ってほしいです。,11歳,住宅地,母親,窓口
753,転入後、医療機関や習い事、放課後の過ごし方など生活情報を一から探す必要がありました。行政の子育てページに地域マップがあると安心して動けます。 駅周辺の父親からは、日常的に利用する人からも、実際の生活動線に合う運用でないと使い続けにくいため、地域別の影響を確認してから判断してほしいです。 補足として、利用条件が変わる場合は十分な周知期間を取ってほしいです。,7歳,駅周辺,父親,オンラインアンケート
754,高学年になると学童を嫌がる一方、家で一人にするのも心配です。自由に過ごせて大人の目もある放課後スペースがあれば、親子の衝突も減ると思います。 商店街周辺の共働きからは、初めて制度を調べた人からも、利用する時間帯や曜日で困り方が変わるため、試行期間を設けて利用者の声を再確認してほしいです。 補足として、利用条件が変わる場合は十分な周知期間を取ってほしいです。,10歳,商店街周辺,共働き,オンラインアンケート
755,子どもの友人関係の悩みは、学校に伝えるほどか判断が難しく、相談が遅れがちです。保護者が気軽に話せる定期的な相談日やオンライン窓口があると助かります。 住宅地の母親からは、平日昼間に動きづらい人からも、情報の届き方に個人差があるため、対象者に届く案内方法も合わせて検討してほしいです。 補足として、利用条件が変わる場合は十分な周知期間を取ってほしいです。,9歳,住宅地,母親,対面ヒアリング
756,地域のイベントは魅力的ですが、対象年齢や申込方法が分かりづらく、転入家庭には参加のハードルがあります。学校経由だけでなく、自治体LINEでも知らせてほしいです。 集合住宅エリアの父母からは、地域活動に関わる人からも、費用負担と手続きの分かりやすさが利用を左右するため、必要な人が使えなくならないよう段階的に見直してほしいです。 補足として、利用条件が変わる場合は十分な周知期間を取ってほしいです。,8歳,集合住宅エリア,父母,LINE
757,一時預かりを使いたい日ほど予約が埋まっていて、前月から予定を決められない家庭には使いにくいです。空き状況をまとめて見られる仕組みがあると助かります。 駅周辺の母親からは、初めて制度を調べた人からも、利用する時間帯や曜日で困り方が変わるため、試行期間を設けて利用者の声を再確認してほしいです。 補足として、申請や予約の締切が生活実態に合っているか確認してほしいです。,1歳,駅周辺,母親,オンラインアンケート
758,子育て支援センターの雰囲気は良いのですが、初めて行く時に何を持って行けばいいか、予約が必要かが分かりにくく、行くまでに少し勇気が要りました。 住宅地の母親からは、平日昼間に動きづらい人からも、情報の届き方に個人差があるため、対象者に届く案内方法も合わせて検討してほしいです。 補足として、申請や予約の締切が生活実態に合っているか確認してほしいです。,0歳,住宅地,母親,窓口
759,近所に頼れる親族がいないため、短時間でも見てもらえる場所があると安心です。特に通院や上の子の用事で、2時間だけ預けたい場面がよくあります。 郊外の父母からは、地域活動に関わる人からも、費用負担と手続きの分かりやすさが利用を左右するため、必要な人が使えなくならないよう段階的に見直してほしいです。 補足として、申請や予約の締切が生活実態に合っているか確認してほしいです。,2歳,郊外,父母,オンラインアンケート
760,広報紙、LINE、ホームページで情報が分かれていて、結局どこを見れば最新なのか迷います。年齢別に必要な制度やイベントがまとまっていると探しやすいです。 駅周辺の母親からは、同じ立場の利用者からも、地区ごとの距離や交通手段の違いが大きいため、利用実績だけでなく困っている人の声も判断材料にしてほしいです。 補足として、申請や予約の締切が生活実態に合っているか確認してほしいです。,1歳,駅周辺,母親,LINE
761,産後しばらく外に出にくく、誰かに相談するほどではない悩みを抱えたまま過ごしていました。電話以外にチャットで軽く聞ける窓口があると利用しやすいです。 集合住宅エリアの母親からは、別の地区の回答でも、急な予定変更に対応できるかが重要なため、変更後の問い合わせ先と代替手段を分かりやすく示してほしいです。 補足として、申請や予約の締切が生活実態に合っているか確認してほしいです。,0歳,集合住宅エリア,母親,オンラインアンケート
762,保育園に入る前の過ごし方について、園庭開放や親子教室の情報を探しましたが、開催日が施設ごとに違って見落としやすいです。月間カレンダーが欲しいです。 住宅地の父親からは、説明会後の意見としても、家族に頼れない場合の選択肢が必要なため、関係する部署や地域団体と連携して改善してほしいです。 補足として、申請や予約の締切が生活実態に合っているか確認してほしいです。,2歳,住宅地,父親,窓口
763,急な発熱後、登園できない期間に仕事ではなく家事や休息のためにも預け先が必要だと感じます。病児保育の条件や空きがもっと分かりやすいと安心です。 商店街周辺の母親からは、家族や支援者の視点でも、窓口、紙、Webのどれでも確認できることが大切なため、具体的な運用条件まで示してほしいです。 補足として、申請や予約の締切が生活実態に合っているか確認してほしいです。,3歳,商店街周辺,母親,オンラインアンケート
764,子どもが人見知りで支援センターに行ってもすぐ帰ることがあり、相談員さんと話す時間までたどり着けません。予約制の個別相談が少し増えると助かります。 郊外の母親からは、日常的に利用する人からも、実際の生活動線に合う運用でないと使い続けにくいため、地域別の影響を確認してから判断してほしいです。 補足として、申請や予約の締切が生活実態に合っているか確認してほしいです。,1歳,郊外,母親,対面ヒアリング
765,土日に参加できる親子イベントが少なく、平日は家族の予定と合いません。父親も行きやすい時間帯の講座や遊び場があると、家庭内で育児を共有しやすいです。 駅周辺の父親からは、初めて制度を調べた人からも、利用する時間帯や曜日で困り方が変わるため、試行期間を設けて利用者の声を再確認してほしいです。 補足として、申請や予約の締切が生活実態に合っているか確認してほしいです。,2歳,駅周辺,父親,オンラインアンケート
766,離乳食や発達の相談先はあると聞きますが、困った時にすぐ名前が出てきません。母子手帳アプリなどから年齢に合わせて案内が届くと心強いです。 住宅地の母親からは、平日昼間に動きづらい人からも、情報の届き方に個人差があるため、対象者に届く案内方法も合わせて検討してほしいです。 補足として、申請や予約の締切が生活実態に合っているか確認してほしいです。,0歳,住宅地,母親,アプリ
767,雨の日や暑い日に行ける屋内の遊び場が限られていて、家にこもる日が続くと親子ともに煮詰まります。予約不要で短時間利用できる場所が増えてほしいです。 郊外の祖母同居からは、地域活動に関わる人からも、費用負担と手続きの分かりやすさが利用を左右するため、必要な人が使えなくならないよう段階的に見直してほしいです。 補足として、申請や予約の締切が生活実態に合っているか確認してほしいです。,3歳,郊外,祖母同居,オンラインアンケート
768,相談会の案内は見かけますが、悩みが深刻でないと行ってはいけない気がしてしまいます。雑談から入れる場や、同じ月齢の親同士がつながる機会があると嬉しいです。 集合住宅エリアの母親からは、同じ立場の利用者からも、地区ごとの距離や交通手段の違いが大きいため、利用実績だけでなく困っている人の声も判断材料にしてほしいです。 補足として、申請や予約の締切が生活実態に合っているか確認してほしいです。,1歳,集合住宅エリア,母親,対面ヒアリング
769,保育園のお迎え時間が勤務終了と合わず、延長保育を使っても毎日ぎりぎりです。駅近くに短時間だけ預けられる夕方の受け皿があると続けやすいです。 駅周辺の共働きからは、別の地区の回答でも、急な予定変更に対応できるかが重要なため、変更後の問い合わせ先と代替手段を分かりやすく示してほしいです。 補足として、申請や予約の締切が生活実態に合っているか確認してほしいです。,4歳,駅周辺,共働き,オンラインアンケート
770,ひとり親向けの制度が複数ありますが、手当、就労支援、相談窓口が別々に載っていて全体像をつかみにくいです。状況を入力すると候補が出るページが欲しいです。 住宅地のひとり親からは、説明会後の意見としても、家族に頼れない場合の選択肢が必要なため、関係する部署や地域団体と連携して改善してほしいです。 補足として、申請や予約の締切が生活実態に合っているか確認してほしいです。,5歳,住宅地,ひとり親,窓口
771,シフト勤務なので、平日昼間の説明会や相談時間には行けません。夜間や土曜にオンラインで相談できれば、仕事を休まず必要な情報を確認できます。 商店街周辺の共働きからは、家族や支援者の視点でも、窓口、紙、Webのどれでも確認できることが大切なため、具体的な運用条件まで示してほしいです。 補足として、申請や予約の締切が生活実態に合っているか確認してほしいです。,3歳,商店街周辺,共働き,オンラインアンケート
772,子どもの体調不良で急に休むたび、職場にも家庭にも負担を感じます。病児保育の予約方法が複雑なので、当日の流れや持ち物を一枚で確認できると助かります。 郊外の共働きからは、日常的に利用する人からも、実際の生活動線に合う運用でないと使い続けにくいため、地域別の影響を確認してから判断してほしいです。 補足として、申請や予約の締切が生活実態に合っているか確認してほしいです。,2歳,郊外,共働き,LINE
773,ファミリーサポートはありがたい制度ですが、登録説明会に参加する時間を作るのが難しいです。オンライン登録や面談枠の拡大があれば利用し始めやすいです。 駅周辺のひとり親からは、初めて制度を調べた人からも、利用する時間帯や曜日で困り方が変わるため、試行期間を設けて利用者の声を再確認してほしいです。 補足として、申請や予約の締切が生活実態に合っているか確認してほしいです。,6歳,駅周辺,ひとり親,オンラインアンケート
774,仕事と育児で日々を回すだけで精一杯で、困りごとを相談する余裕がありません。保育園や学校を通じて、必要な支援につながる声かけがあると孤立しにくいです。 住宅地の共働きからは、平日昼間に動きづらい人からも、情報の届き方に個人差があるため、対象者に届く案内方法も合わせて検討してほしいです。 補足として、申請や予約の締切が生活実態に合っているか確認してほしいです。,5歳,住宅地,共働き,対面ヒアリング
775,朝の登園前に急な会議が入ることがあり、早朝の預かりが少ないのが悩みです。7時前後から使える選択肢があるだけで、仕事の調整がかなり楽になります。 駅周辺の共働きからは、地域活動に関わる人からも、費用負担と手続きの分かりやすさが利用を左右するため、必要な人が使えなくならないよう段階的に見直してほしいです。 補足として、申請や予約の締切が生活実態に合っているか確認してほしいです。,4歳,駅周辺,共働き,オンラインアンケート
776,支援情報を探す時間が取れず、知っている人だけが制度を使えている印象があります。保育料通知や児童手当の案内と一緒に、関連支援も知らせてほしいです。 集合住宅エリアのひとり親からは、同じ立場の利用者からも、地区ごとの距離や交通手段の違いが大きいため、利用実績だけでなく困っている人の声も判断材料にしてほしいです。 補足として、申請や予約の締切が生活実態に合っているか確認してほしいです。,3歳,集合住宅エリア,ひとり親,郵送アンケート
777,残業が読めないため、学童や保育の締切時間に間に合うか毎日不安です。急な延長を相談できる仕組みや、近隣施設との連携があると安心して働けます。 郊外の共働きからは、別の地区の回答でも、急な予定変更に対応できるかが重要なため、変更後の問い合わせ先と代替手段を分かりやすく示してほしいです。 補足として、申請や予約の締切が生活実態に合っているか確認してほしいです。,7歳,郊外,共働き,オンラインアンケート
778,子どもの発達について気になることがあっても、平日の専門相談は予約が先になりがちです。保護者が休みの日に相談できる枠が少しでもあると助かります。 住宅地の共働きからは、説明会後の意見としても、家族に頼れない場合の選択肢が必要なため、関係する部署や地域団体と連携して改善してほしいです。 補足として、申請や予約の締切が生活実態に合っているか確認してほしいです。,5歳,住宅地,共働き,窓口
779,ひとりで子どもを育てていると、行政の窓口に行くこと自体が大きな負担です。相談、申請、必要書類の確認を一度に進められる伴走型の窓口があると安心です。 商店街周辺のひとり親からは、家族や支援者の視点でも、窓口、紙、Webのどれでも確認できることが大切なため、具体的な運用条件まで示してほしいです。 補足として、申請や予約の締切が生活実態に合っているか確認してほしいです。,4歳,商店街周辺,ひとり親,対面ヒアリング
780,休日出勤の日に預け先を探すのが一番大変です。通常保育とは別に、土日だけでも利用できる一時預かりや地域の見守りサービスが増えると助かります。 郊外の共働きからは、日常的に利用する人からも、実際の生活動線に合う運用でないと使い続けにくいため、地域別の影響を確認してから判断してほしいです。 補足として、申請や予約の締切が生活実態に合っているか確認してほしいです。,6歳,郊外,共働き,オンラインアンケート
781,小学校に入ると支援情報が急に少なく感じます。未就学児向けの案内は多いのに、放課後の居場所や学習支援、相談先を探すのに時間がかかりました。 住宅地の母親からは、初めて制度を調べた人からも、利用する時間帯や曜日で困り方が変わるため、試行期間を設けて利用者の声を再確認してほしいです。 補足として、申請や予約の締切が生活実態に合っているか確認してほしいです。,7歳,住宅地,母親,オンラインアンケート
782,転入してきたばかりで、学童の申込時期や地域の子ども会の情報を後から知りました。転入手続きの時に、子育て関連の一覧を渡してもらえると助かります。 駅周辺の父母からは、平日昼間に動きづらい人からも、情報の届き方に個人差があるため、対象者に届く案内方法も合わせて検討してほしいです。 補足として、申請や予約の締切が生活実態に合っているか確認してほしいです。,8歳,駅周辺,父母,窓口
783,放課後に安全に過ごせる場所が限られていて、学童に入れない日は不安です。高学年でも利用しやすい居場所や、宿題を見守ってくれる場があるとありがたいです。 郊外の共働きからは、地域活動に関わる人からも、費用負担と手続きの分かりやすさが利用を左右するため、必要な人が使えなくならないよう段階的に見直してほしいです。 補足として、申請や予約の締切が生活実態に合っているか確認してほしいです。,10歳,郊外,共働き,オンラインアンケート
784,学校からのプリント、自治体サイト、地域のSNSで情報が散らばり、重要な締切を見落としそうになります。小学生向けの支援も一つのカレンダーで見たいです。 住宅地の母親からは、同じ立場の利用者からも、地区ごとの距離や交通手段の違いが大きいため、利用実績だけでなく困っている人の声も判断材料にしてほしいです。 補足として、申請や予約の締切が生活実態に合っているか確認してほしいです。,9歳,住宅地,母親,LINE
785,思春期に近づくと、親の悩みも幼児期とは違ってきます。学校には相談しづらい内容を、地域の専門職に匿名で聞ける窓口があると利用しやすいです。 商店街周辺の母親からは、別の地区の回答でも、急な予定変更に対応できるかが重要なため、変更後の問い合わせ先と代替手段を分かりやすく示してほしいです。 補足として、申請や予約の締切が生活実態に合っているか確認してほしいです。,12歳,商店街周辺,母親,オンラインアンケート
786,引っ越してきて近所に知り合いがいないため、子ども同士の遊び場や保護者のつながりを作るきっかけが欲しいです。地域別の交流会があると参加しやすいです。 集合住宅エリアの父母からは、説明会後の意見としても、家族に頼れない場合の選択肢が必要なため、関係する部署や地域団体と連携して改善してほしいです。 補足として、申請や予約の締切が生活実態に合っているか確認してほしいです。,6歳,集合住宅エリア,父母,対面ヒアリング
787,長期休みの預け先が毎年悩みです。学童だけでは時間や内容が合わない日もあるので、午前だけの体験教室や昼食付きの居場所が増えると助かります。 郊外の共働きからは、家族や支援者の視点でも、窓口、紙、Webのどれでも確認できることが大切なため、具体的な運用条件まで示してほしいです。 補足として、申請や予約の締切が生活実態に合っているか確認してほしいです。,8歳,郊外,共働き,オンラインアンケート
788,学校に行き渋る日があり、家庭だけで抱えるには負担が大きいです。相談先はありますが、どこに連絡すべきか迷うので、最初の入口を分かりやすくしてほしいです。 住宅地の母親からは、日常的に利用する人からも、実際の生活動線に合う運用でないと使い続けにくいため、地域別の影響を確認してから判断してほしいです。 補足として、申請や予約の締切が生活実態に合っているか確認してほしいです。,11歳,住宅地,母親,窓口
789,転入後、医療機関や習い事、放課後の過ごし方など生活情報を一から探す必要がありました。行政の子育てページに地域マップがあると安心して動けます。 駅周辺の父親からは、初めて制度を調べた人からも、利用する時間帯や曜日で困り方が変わるため、試行期間を設けて利用者の声を再確認してほしいです。 補足として、申請や予約の締切が生活実態に合っているか確認してほしいです。,7歳,駅周辺,父親,オンラインアンケート
790,高学年になると学童を嫌がる一方、家で一人にするのも心配です。自由に過ごせて大人の目もある放課後スペースがあれば、親子の衝突も減ると思います。 商店街周辺の共働きからは、平日昼間に動きづらい人からも、情報の届き方に個人差があるため、対象者に届く案内方法も合わせて検討してほしいです。 補足として、申請や予約の締切が生活実態に合っているか確認してほしいです。,10歳,商店街周辺,共働き,オンラインアンケート
791,子どもの友人関係の悩みは、学校に伝えるほどか判断が難しく、相談が遅れがちです。保護者が気軽に話せる定期的な相談日やオンライン窓口があると助かります。 住宅地の母親からは、地域活動に関わる人からも、費用負担と手続きの分かりやすさが利用を左右するため、必要な人が使えなくならないよう段階的に見直してほしいです。 補足として、申請や予約の締切が生活実態に合っているか確認してほしいです。,9歳,住宅地,母親,対面ヒアリング
792,地域のイベントは魅力的ですが、対象年齢や申込方法が分かりづらく、転入家庭には参加のハードルがあります。学校経由だけでなく、自治体LINEでも知らせてほしいです。 集合住宅エリアの父母からは、同じ立場の利用者からも、地区ごとの距離や交通手段の違いが大きいため、利用実績だけでなく困っている人の声も判断材料にしてほしいです。 補足として、申請や予約の締切が生活実態に合っているか確認してほしいです。,8歳,集合住宅エリア,父母,LINE
793,一時預かりを使いたい日ほど予約が埋まっていて、前月から予定を決められない家庭には使いにくいです。空き状況をまとめて見られる仕組みがあると助かります。 駅周辺の母親からは、平日昼間に動きづらい人からも、情報の届き方に個人差があるため、対象者に届く案内方法も合わせて検討してほしいです。 補足として、関係する施設や事業者にも同じ情報が届くようにしてほしいです。,1歳,駅周辺,母親,オンラインアンケート
794,子育て支援センターの雰囲気は良いのですが、初めて行く時に何を持って行けばいいか、予約が必要かが分かりにくく、行くまでに少し勇気が要りました。 住宅地の母親からは、地域活動に関わる人からも、費用負担と手続きの分かりやすさが利用を左右するため、必要な人が使えなくならないよう段階的に見直してほしいです。 補足として、関係する施設や事業者にも同じ情報が届くようにしてほしいです。,0歳,住宅地,母親,窓口
795,近所に頼れる親族がいないため、短時間でも見てもらえる場所があると安心です。特に通院や上の子の用事で、2時間だけ預けたい場面がよくあります。 郊外の父母からは、同じ立場の利用者からも、地区ごとの距離や交通手段の違いが大きいため、利用実績だけでなく困っている人の声も判断材料にしてほしいです。 補足として、関係する施設や事業者にも同じ情報が届くようにしてほしいです。,2歳,郊外,父母,オンラインアンケート
796,広報紙、LINE、ホームページで情報が分かれていて、結局どこを見れば最新なのか迷います。年齢別に必要な制度やイベントがまとまっていると探しやすいです。 駅周辺の母親からは、別の地区の回答でも、急な予定変更に対応できるかが重要なため、変更後の問い合わせ先と代替手段を分かりやすく示してほしいです。 補足として、関係する施設や事業者にも同じ情報が届くようにしてほしいです。,1歳,駅周辺,母親,LINE
797,産後しばらく外に出にくく、誰かに相談するほどではない悩みを抱えたまま過ごしていました。電話以外にチャットで軽く聞ける窓口があると利用しやすいです。 集合住宅エリアの母親からは、説明会後の意見としても、家族に頼れない場合の選択肢が必要なため、関係する部署や地域団体と連携して改善してほしいです。 補足として、関係する施設や事業者にも同じ情報が届くようにしてほしいです。,0歳,集合住宅エリア,母親,オンラインアンケート
798,保育園に入る前の過ごし方について、園庭開放や親子教室の情報を探しましたが、開催日が施設ごとに違って見落としやすいです。月間カレンダーが欲しいです。 住宅地の父親からは、家族や支援者の視点でも、窓口、紙、Webのどれでも確認できることが大切なため、具体的な運用条件まで示してほしいです。 補足として、関係する施設や事業者にも同じ情報が届くようにしてほしいです。,2歳,住宅地,父親,窓口
799,急な発熱後、登園できない期間に仕事ではなく家事や休息のためにも預け先が必要だと感じます。病児保育の条件や空きがもっと分かりやすいと安心です。 商店街周辺の母親からは、日常的に利用する人からも、実際の生活動線に合う運用でないと使い続けにくいため、地域別の影響を確認してから判断してほしいです。 補足として、関係する施設や事業者にも同じ情報が届くようにしてほしいです。,3歳,商店街周辺,母親,オンラインアンケート
800,子どもが人見知りで支援センターに行ってもすぐ帰ることがあり、相談員さんと話す時間までたどり着けません。予約制の個別相談が少し増えると助かります。 郊外の母親からは、初めて制度を調べた人からも、利用する時間帯や曜日で困り方が変わるため、試行期間を設けて利用者の声を再確認してほしいです。 補足として、関係する施設や事業者にも同じ情報が届くようにしてほしいです。,1歳,郊外,母親,対面ヒアリング
801,土日に参加できる親子イベントが少なく、平日は家族の予定と合いません。父親も行きやすい時間帯の講座や遊び場があると、家庭内で育児を共有しやすいです。 駅周辺の父親からは、平日昼間に動きづらい人からも、情報の届き方に個人差があるため、対象者に届く案内方法も合わせて検討してほしいです。 補足として、関係する施設や事業者にも同じ情報が届くようにしてほしいです。,2歳,駅周辺,父親,オンラインアンケート
802,離乳食や発達の相談先はあると聞きますが、困った時にすぐ名前が出てきません。母子手帳アプリなどから年齢に合わせて案内が届くと心強いです。 住宅地の母親からは、地域活動に関わる人からも、費用負担と手続きの分かりやすさが利用を左右するため、必要な人が使えなくならないよう段階的に見直してほしいです。 補足として、関係する施設や事業者にも同じ情報が届くようにしてほしいです。,0歳,住宅地,母親,アプリ
803,雨の日や暑い日に行ける屋内の遊び場が限られていて、家にこもる日が続くと親子ともに煮詰まります。予約不要で短時間利用できる場所が増えてほしいです。 郊外の祖母同居からは、同じ立場の利用者からも、地区ごとの距離や交通手段の違いが大きいため、利用実績だけでなく困っている人の声も判断材料にしてほしいです。 補足として、関係する施設や事業者にも同じ情報が届くようにしてほしいです。,3歳,郊外,祖母同居,オンラインアンケート
804,相談会の案内は見かけますが、悩みが深刻でないと行ってはいけない気がしてしまいます。雑談から入れる場や、同じ月齢の親同士がつながる機会があると嬉しいです。 集合住宅エリアの母親からは、別の地区の回答でも、急な予定変更に対応できるかが重要なため、変更後の問い合わせ先と代替手段を分かりやすく示してほしいです。 補足として、関係する施設や事業者にも同じ情報が届くようにしてほしいです。,1歳,集合住宅エリア,母親,対面ヒアリング
805,保育園のお迎え時間が勤務終了と合わず、延長保育を使っても毎日ぎりぎりです。駅近くに短時間だけ預けられる夕方の受け皿があると続けやすいです。 駅周辺の共働きからは、説明会後の意見としても、家族に頼れない場合の選択肢が必要なため、関係する部署や地域団体と連携して改善してほしいです。 補足として、関係する施設や事業者にも同じ情報が届くようにしてほしいです。,4歳,駅周辺,共働き,オンラインアンケート
806,ひとり親向けの制度が複数ありますが、手当、就労支援、相談窓口が別々に載っていて全体像をつかみにくいです。状況を入力すると候補が出るページが欲しいです。 住宅地のひとり親からは、家族や支援者の視点でも、窓口、紙、Webのどれでも確認できることが大切なため、具体的な運用条件まで示してほしいです。 補足として、関係する施設や事業者にも同じ情報が届くようにしてほしいです。,5歳,住宅地,ひとり親,窓口
807,シフト勤務なので、平日昼間の説明会や相談時間には行けません。夜間や土曜にオンラインで相談できれば、仕事を休まず必要な情報を確認できます。 商店街周辺の共働きからは、日常的に利用する人からも、実際の生活動線に合う運用でないと使い続けにくいため、地域別の影響を確認してから判断してほしいです。 補足として、関係する施設や事業者にも同じ情報が届くようにしてほしいです。,3歳,商店街周辺,共働き,オンラインアンケート
808,子どもの体調不良で急に休むたび、職場にも家庭にも負担を感じます。病児保育の予約方法が複雑なので、当日の流れや持ち物を一枚で確認できると助かります。 郊外の共働きからは、初めて制度を調べた人からも、利用する時間帯や曜日で困り方が変わるため、試行期間を設けて利用者の声を再確認してほしいです。 補足として、関係する施設や事業者にも同じ情報が届くようにしてほしいです。,2歳,郊外,共働き,LINE
809,ファミリーサポートはありがたい制度ですが、登録説明会に参加する時間を作るのが難しいです。オンライン登録や面談枠の拡大があれば利用し始めやすいです。 駅周辺のひとり親からは、平日昼間に動きづらい人からも、情報の届き方に個人差があるため、対象者に届く案内方法も合わせて検討してほしいです。 補足として、関係する施設や事業者にも同じ情報が届くようにしてほしいです。,6歳,駅周辺,ひとり親,オンラインアンケート
810,仕事と育児で日々を回すだけで精一杯で、困りごとを相談する余裕がありません。保育園や学校を通じて、必要な支援につながる声かけがあると孤立しにくいです。 住宅地の共働きからは、地域活動に関わる人からも、費用負担と手続きの分かりやすさが利用を左右するため、必要な人が使えなくならないよう段階的に見直してほしいです。 補足として、関係する施設や事業者にも同じ情報が届くようにしてほしいです。,5歳,住宅地,共働き,対面ヒアリング
811,朝の登園前に急な会議が入ることがあり、早朝の預かりが少ないのが悩みです。7時前後から使える選択肢があるだけで、仕事の調整がかなり楽になります。 駅周辺の共働きからは、同じ立場の利用者からも、地区ごとの距離や交通手段の違いが大きいため、利用実績だけでなく困っている人の声も判断材料にしてほしいです。 補足として、関係する施設や事業者にも同じ情報が届くようにしてほしいです。,4歳,駅周辺,共働き,オンラインアンケート
812,支援情報を探す時間が取れず、知っている人だけが制度を使えている印象があります。保育料通知や児童手当の案内と一緒に、関連支援も知らせてほしいです。 集合住宅エリアのひとり親からは、別の地区の回答でも、急な予定変更に対応できるかが重要なため、変更後の問い合わせ先と代替手段を分かりやすく示してほしいです。 補足として、関係する施設や事業者にも同じ情報が届くようにしてほしいです。,3歳,集合住宅エリア,ひとり親,郵送アンケート
813,残業が読めないため、学童や保育の締切時間に間に合うか毎日不安です。急な延長を相談できる仕組みや、近隣施設との連携があると安心して働けます。 郊外の共働きからは、説明会後の意見としても、家族に頼れない場合の選択肢が必要なため、関係する部署や地域団体と連携して改善してほしいです。 補足として、関係する施設や事業者にも同じ情報が届くようにしてほしいです。,7歳,郊外,共働き,オンラインアンケート
814,子どもの発達について気になることがあっても、平日の専門相談は予約が先になりがちです。保護者が休みの日に相談できる枠が少しでもあると助かります。 住宅地の共働きからは、家族や支援者の視点でも、窓口、紙、Webのどれでも確認できることが大切なため、具体的な運用条件まで示してほしいです。 補足として、関係する施設や事業者にも同じ情報が届くようにしてほしいです。,5歳,住宅地,共働き,窓口
815,ひとりで子どもを育てていると、行政の窓口に行くこと自体が大きな負担です。相談、申請、必要書類の確認を一度に進められる伴走型の窓口があると安心です。 商店街周辺のひとり親からは、日常的に利用する人からも、実際の生活動線に合う運用でないと使い続けにくいため、地域別の影響を確認してから判断してほしいです。 補足として、関係する施設や事業者にも同じ情報が届くようにしてほしいです。,4歳,商店街周辺,ひとり親,対面ヒアリング
816,休日出勤の日に預け先を探すのが一番大変です。通常保育とは別に、土日だけでも利用できる一時預かりや地域の見守りサービスが増えると助かります。 郊外の共働きからは、初めて制度を調べた人からも、利用する時間帯や曜日で困り方が変わるため、試行期間を設けて利用者の声を再確認してほしいです。 補足として、関係する施設や事業者にも同じ情報が届くようにしてほしいです。,6歳,郊外,共働き,オンラインアンケート
817,小学校に入ると支援情報が急に少なく感じます。未就学児向けの案内は多いのに、放課後の居場所や学習支援、相談先を探すのに時間がかかりました。 住宅地の母親からは、平日昼間に動きづらい人からも、情報の届き方に個人差があるため、対象者に届く案内方法も合わせて検討してほしいです。 補足として、関係する施設や事業者にも同じ情報が届くようにしてほしいです。,7歳,住宅地,母親,オンラインアンケート
818,転入してきたばかりで、学童の申込時期や地域の子ども会の情報を後から知りました。転入手続きの時に、子育て関連の一覧を渡してもらえると助かります。 駅周辺の父母からは、地域活動に関わる人からも、費用負担と手続きの分かりやすさが利用を左右するため、必要な人が使えなくならないよう段階的に見直してほしいです。 補足として、関係する施設や事業者にも同じ情報が届くようにしてほしいです。,8歳,駅周辺,父母,窓口
819,放課後に安全に過ごせる場所が限られていて、学童に入れない日は不安です。高学年でも利用しやすい居場所や、宿題を見守ってくれる場があるとありがたいです。 郊外の共働きからは、同じ立場の利用者からも、地区ごとの距離や交通手段の違いが大きいため、利用実績だけでなく困っている人の声も判断材料にしてほしいです。 補足として、関係する施設や事業者にも同じ情報が届くようにしてほしいです。,10歳,郊外,共働き,オンラインアンケート
820,学校からのプリント、自治体サイト、地域のSNSで情報が散らばり、重要な締切を見落としそうになります。小学生向けの支援も一つのカレンダーで見たいです。 住宅地の母親からは、別の地区の回答でも、急な予定変更に対応できるかが重要なため、変更後の問い合わせ先と代替手段を分かりやすく示してほしいです。 補足として、関係する施設や事業者にも同じ情報が届くようにしてほしいです。,9歳,住宅地,母親,LINE
821,思春期に近づくと、親の悩みも幼児期とは違ってきます。学校には相談しづらい内容を、地域の専門職に匿名で聞ける窓口があると利用しやすいです。 商店街周辺の母親からは、説明会後の意見としても、家族に頼れない場合の選択肢が必要なため、関係する部署や地域団体と連携して改善してほしいです。 補足として、関係する施設や事業者にも同じ情報が届くようにしてほしいです。,12歳,商店街周辺,母親,オンラインアンケート
822,引っ越してきて近所に知り合いがいないため、子ども同士の遊び場や保護者のつながりを作るきっかけが欲しいです。地域別の交流会があると参加しやすいです。 集合住宅エリアの父母からは、家族や支援者の視点でも、窓口、紙、Webのどれでも確認できることが大切なため、具体的な運用条件まで示してほしいです。 補足として、関係する施設や事業者にも同じ情報が届くようにしてほしいです。,6歳,集合住宅エリア,父母,対面ヒアリング
823,長期休みの預け先が毎年悩みです。学童だけでは時間や内容が合わない日もあるので、午前だけの体験教室や昼食付きの居場所が増えると助かります。 郊外の共働きからは、日常的に利用する人からも、実際の生活動線に合う運用でないと使い続けにくいため、地域別の影響を確認してから判断してほしいです。 補足として、関係する施設や事業者にも同じ情報が届くようにしてほしいです。,8歳,郊外,共働き,オンラインアンケート
824,学校に行き渋る日があり、家庭だけで抱えるには負担が大きいです。相談先はありますが、どこに連絡すべきか迷うので、最初の入口を分かりやすくしてほしいです。 住宅地の母親からは、初めて制度を調べた人からも、利用する時間帯や曜日で困り方が変わるため、試行期間を設けて利用者の声を再確認してほしいです。 補足として、関係する施設や事業者にも同じ情報が届くようにしてほしいです。,11歳,住宅地,母親,窓口
825,転入後、医療機関や習い事、放課後の過ごし方など生活情報を一から探す必要がありました。行政の子育てページに地域マップがあると安心して動けます。 駅周辺の父親からは、平日昼間に動きづらい人からも、情報の届き方に個人差があるため、対象者に届く案内方法も合わせて検討してほしいです。 補足として、関係する施設や事業者にも同じ情報が届くようにしてほしいです。,7歳,駅周辺,父親,オンラインアンケート
826,高学年になると学童を嫌がる一方、家で一人にするのも心配です。自由に過ごせて大人の目もある放課後スペースがあれば、親子の衝突も減ると思います。 商店街周辺の共働きからは、地域活動に関わる人からも、費用負担と手続きの分かりやすさが利用を左右するため、必要な人が使えなくならないよう段階的に見直してほしいです。 補足として、関係する施設や事業者にも同じ情報が届くようにしてほしいです。,10歳,商店街周辺,共働き,オンラインアンケート
827,子どもの友人関係の悩みは、学校に伝えるほどか判断が難しく、相談が遅れがちです。保護者が気軽に話せる定期的な相談日やオンライン窓口があると助かります。 住宅地の母親からは、同じ立場の利用者からも、地区ごとの距離や交通手段の違いが大きいため、利用実績だけでなく困っている人の声も判断材料にしてほしいです。 補足として、関係する施設や事業者にも同じ情報が届くようにしてほしいです。,9歳,住宅地,母親,対面ヒアリング
828,地域のイベントは魅力的ですが、対象年齢や申込方法が分かりづらく、転入家庭には参加のハードルがあります。学校経由だけでなく、自治体LINEでも知らせてほしいです。 集合住宅エリアの父母からは、別の地区の回答でも、急な予定変更に対応できるかが重要なため、変更後の問い合わせ先と代替手段を分かりやすく示してほしいです。 補足として、関係する施設や事業者にも同じ情報が届くようにしてほしいです。,8歳,集合住宅エリア,父母,LINE
829,一時預かりを使いたい日ほど予約が埋まっていて、前月から予定を決められない家庭には使いにくいです。空き状況をまとめて見られる仕組みがあると助かります。 駅周辺の母親からは、地域活動に関わる人からも、費用負担と手続きの分かりやすさが利用を左右するため、必要な人が使えなくならないよう段階的に見直してほしいです。 補足として、小さな困りごとでも投稿しやすい仕組みがあると改善につながります。,1歳,駅周辺,母親,オンラインアンケート
830,子育て支援センターの雰囲気は良いのですが、初めて行く時に何を持って行けばいいか、予約が必要かが分かりにくく、行くまでに少し勇気が要りました。 住宅地の母親からは、同じ立場の利用者からも、地区ごとの距離や交通手段の違いが大きいため、利用実績だけでなく困っている人の声も判断材料にしてほしいです。 補足として、小さな困りごとでも投稿しやすい仕組みがあると改善につながります。,0歳,住宅地,母親,窓口
831,近所に頼れる親族がいないため、短時間でも見てもらえる場所があると安心です。特に通院や上の子の用事で、2時間だけ預けたい場面がよくあります。 郊外の父母からは、別の地区の回答でも、急な予定変更に対応できるかが重要なため、変更後の問い合わせ先と代替手段を分かりやすく示してほしいです。 補足として、小さな困りごとでも投稿しやすい仕組みがあると改善につながります。,2歳,郊外,父母,オンラインアンケート
832,広報紙、LINE、ホームページで情報が分かれていて、結局どこを見れば最新なのか迷います。年齢別に必要な制度やイベントがまとまっていると探しやすいです。 駅周辺の母親からは、説明会後の意見としても、家族に頼れない場合の選択肢が必要なため、関係する部署や地域団体と連携して改善してほしいです。 補足として、小さな困りごとでも投稿しやすい仕組みがあると改善につながります。,1歳,駅周辺,母親,LINE
833,産後しばらく外に出にくく、誰かに相談するほどではない悩みを抱えたまま過ごしていました。電話以外にチャットで軽く聞ける窓口があると利用しやすいです。 集合住宅エリアの母親からは、家族や支援者の視点でも、窓口、紙、Webのどれでも確認できることが大切なため、具体的な運用条件まで示してほしいです。 補足として、小さな困りごとでも投稿しやすい仕組みがあると改善につながります。,0歳,集合住宅エリア,母親,オンラインアンケート
834,保育園に入る前の過ごし方について、園庭開放や親子教室の情報を探しましたが、開催日が施設ごとに違って見落としやすいです。月間カレンダーが欲しいです。 住宅地の父親からは、日常的に利用する人からも、実際の生活動線に合う運用でないと使い続けにくいため、地域別の影響を確認してから判断してほしいです。 補足として、小さな困りごとでも投稿しやすい仕組みがあると改善につながります。,2歳,住宅地,父親,窓口
835,急な発熱後、登園できない期間に仕事ではなく家事や休息のためにも預け先が必要だと感じます。病児保育の条件や空きがもっと分かりやすいと安心です。 商店街周辺の母親からは、初めて制度を調べた人からも、利用する時間帯や曜日で困り方が変わるため、試行期間を設けて利用者の声を再確認してほしいです。 補足として、小さな困りごとでも投稿しやすい仕組みがあると改善につながります。,3歳,商店街周辺,母親,オンラインアンケート
836,子どもが人見知りで支援センターに行ってもすぐ帰ることがあり、相談員さんと話す時間までたどり着けません。予約制の個別相談が少し増えると助かります。 郊外の母親からは、平日昼間に動きづらい人からも、情報の届き方に個人差があるため、対象者に届く案内方法も合わせて検討してほしいです。 補足として、小さな困りごとでも投稿しやすい仕組みがあると改善につながります。,1歳,郊外,母親,対面ヒアリング
837,土日に参加できる親子イベントが少なく、平日は家族の予定と合いません。父親も行きやすい時間帯の講座や遊び場があると、家庭内で育児を共有しやすいです。 駅周辺の父親からは、地域活動に関わる人からも、費用負担と手続きの分かりやすさが利用を左右するため、必要な人が使えなくならないよう段階的に見直してほしいです。 補足として、小さな困りごとでも投稿しやすい仕組みがあると改善につながります。,2歳,駅周辺,父親,オンラインアンケート
838,離乳食や発達の相談先はあると聞きますが、困った時にすぐ名前が出てきません。母子手帳アプリなどから年齢に合わせて案内が届くと心強いです。 住宅地の母親からは、同じ立場の利用者からも、地区ごとの距離や交通手段の違いが大きいため、利用実績だけでなく困っている人の声も判断材料にしてほしいです。 補足として、小さな困りごとでも投稿しやすい仕組みがあると改善につながります。,0歳,住宅地,母親,アプリ
839,雨の日や暑い日に行ける屋内の遊び場が限られていて、家にこもる日が続くと親子ともに煮詰まります。予約不要で短時間利用できる場所が増えてほしいです。 郊外の祖母同居からは、別の地区の回答でも、急な予定変更に対応できるかが重要なため、変更後の問い合わせ先と代替手段を分かりやすく示してほしいです。 補足として、小さな困りごとでも投稿しやすい仕組みがあると改善につながります。,3歳,郊外,祖母同居,オンラインアンケート
840,相談会の案内は見かけますが、悩みが深刻でないと行ってはいけない気がしてしまいます。雑談から入れる場や、同じ月齢の親同士がつながる機会があると嬉しいです。 集合住宅エリアの母親からは、説明会後の意見としても、家族に頼れない場合の選択肢が必要なため、関係する部署や地域団体と連携して改善してほしいです。 補足として、小さな困りごとでも投稿しやすい仕組みがあると改善につながります。,1歳,集合住宅エリア,母親,対面ヒアリング
841,保育園のお迎え時間が勤務終了と合わず、延長保育を使っても毎日ぎりぎりです。駅近くに短時間だけ預けられる夕方の受け皿があると続けやすいです。 駅周辺の共働きからは、家族や支援者の視点でも、窓口、紙、Webのどれでも確認できることが大切なため、具体的な運用条件まで示してほしいです。 補足として、小さな困りごとでも投稿しやすい仕組みがあると改善につながります。,4歳,駅周辺,共働き,オンラインアンケート
842,ひとり親向けの制度が複数ありますが、手当、就労支援、相談窓口が別々に載っていて全体像をつかみにくいです。状況を入力すると候補が出るページが欲しいです。 住宅地のひとり親からは、日常的に利用する人からも、実際の生活動線に合う運用でないと使い続けにくいため、地域別の影響を確認してから判断してほしいです。 補足として、小さな困りごとでも投稿しやすい仕組みがあると改善につながります。,5歳,住宅地,ひとり親,窓口
843,シフト勤務なので、平日昼間の説明会や相談時間には行けません。夜間や土曜にオンラインで相談できれば、仕事を休まず必要な情報を確認できます。 商店街周辺の共働きからは、初めて制度を調べた人からも、利用する時間帯や曜日で困り方が変わるため、試行期間を設けて利用者の声を再確認してほしいです。 補足として、小さな困りごとでも投稿しやすい仕組みがあると改善につながります。,3歳,商店街周辺,共働き,オンラインアンケート
844,子どもの体調不良で急に休むたび、職場にも家庭にも負担を感じます。病児保育の予約方法が複雑なので、当日の流れや持ち物を一枚で確認できると助かります。 郊外の共働きからは、平日昼間に動きづらい人からも、情報の届き方に個人差があるため、対象者に届く案内方法も合わせて検討してほしいです。 補足として、小さな困りごとでも投稿しやすい仕組みがあると改善につながります。,2歳,郊外,共働き,LINE
845,ファミリーサポートはありがたい制度ですが、登録説明会に参加する時間を作るのが難しいです。オンライン登録や面談枠の拡大があれば利用し始めやすいです。 駅周辺のひとり親からは、地域活動に関わる人からも、費用負担と手続きの分かりやすさが利用を左右するため、必要な人が使えなくならないよう段階的に見直してほしいです。 補足として、小さな困りごとでも投稿しやすい仕組みがあると改善につながります。,6歳,駅周辺,ひとり親,オンラインアンケート
846,仕事と育児で日々を回すだけで精一杯で、困りごとを相談する余裕がありません。保育園や学校を通じて、必要な支援につながる声かけがあると孤立しにくいです。 住宅地の共働きからは、同じ立場の利用者からも、地区ごとの距離や交通手段の違いが大きいため、利用実績だけでなく困っている人の声も判断材料にしてほしいです。 補足として、小さな困りごとでも投稿しやすい仕組みがあると改善につながります。,5歳,住宅地,共働き,対面ヒアリング
847,朝の登園前に急な会議が入ることがあり、早朝の預かりが少ないのが悩みです。7時前後から使える選択肢があるだけで、仕事の調整がかなり楽になります。 駅周辺の共働きからは、別の地区の回答でも、急な予定変更に対応できるかが重要なため、変更後の問い合わせ先と代替手段を分かりやすく示してほしいです。 補足として、小さな困りごとでも投稿しやすい仕組みがあると改善につながります。,4歳,駅周辺,共働き,オンラインアンケート
848,支援情報を探す時間が取れず、知っている人だけが制度を使えている印象があります。保育料通知や児童手当の案内と一緒に、関連支援も知らせてほしいです。 集合住宅エリアのひとり親からは、説明会後の意見としても、家族に頼れない場合の選択肢が必要なため、関係する部署や地域団体と連携して改善してほしいです。 補足として、小さな困りごとでも投稿しやすい仕組みがあると改善につながります。,3歳,集合住宅エリア,ひとり親,郵送アンケート
849,残業が読めないため、学童や保育の締切時間に間に合うか毎日不安です。急な延長を相談できる仕組みや、近隣施設との連携があると安心して働けます。 郊外の共働きからは、家族や支援者の視点でも、窓口、紙、Webのどれでも確認できることが大切なため、具体的な運用条件まで示してほしいです。 補足として、小さな困りごとでも投稿しやすい仕組みがあると改善につながります。,7歳,郊外,共働き,オンラインアンケート
850,子どもの発達について気になることがあっても、平日の専門相談は予約が先になりがちです。保護者が休みの日に相談できる枠が少しでもあると助かります。 住宅地の共働きからは、日常的に利用する人からも、実際の生活動線に合う運用でないと使い続けにくいため、地域別の影響を確認してから判断してほしいです。 補足として、小さな困りごとでも投稿しやすい仕組みがあると改善につながります。,5歳,住宅地,共働き,窓口
851,ひとりで子どもを育てていると、行政の窓口に行くこと自体が大きな負担です。相談、申請、必要書類の確認を一度に進められる伴走型の窓口があると安心です。 商店街周辺のひとり親からは、初めて制度を調べた人からも、利用する時間帯や曜日で困り方が変わるため、試行期間を設けて利用者の声を再確認してほしいです。 補足として、小さな困りごとでも投稿しやすい仕組みがあると改善につながります。,4歳,商店街周辺,ひとり親,対面ヒアリング
852,休日出勤の日に預け先を探すのが一番大変です。通常保育とは別に、土日だけでも利用できる一時預かりや地域の見守りサービスが増えると助かります。 郊外の共働きからは、平日昼間に動きづらい人からも、情報の届き方に個人差があるため、対象者に届く案内方法も合わせて検討してほしいです。 補足として、小さな困りごとでも投稿しやすい仕組みがあると改善につながります。,6歳,郊外,共働き,オンラインアンケート
853,小学校に入ると支援情報が急に少なく感じます。未就学児向けの案内は多いのに、放課後の居場所や学習支援、相談先を探すのに時間がかかりました。 住宅地の母親からは、地域活動に関わる人からも、費用負担と手続きの分かりやすさが利用を左右するため、必要な人が使えなくならないよう段階的に見直してほしいです。 補足として、小さな困りごとでも投稿しやすい仕組みがあると改善につながります。,7歳,住宅地,母親,オンラインアンケート
854,転入してきたばかりで、学童の申込時期や地域の子ども会の情報を後から知りました。転入手続きの時に、子育て関連の一覧を渡してもらえると助かります。 駅周辺の父母からは、同じ立場の利用者からも、地区ごとの距離や交通手段の違いが大きいため、利用実績だけでなく困っている人の声も判断材料にしてほしいです。 補足として、小さな困りごとでも投稿しやすい仕組みがあると改善につながります。,8歳,駅周辺,父母,窓口
855,放課後に安全に過ごせる場所が限られていて、学童に入れない日は不安です。高学年でも利用しやすい居場所や、宿題を見守ってくれる場があるとありがたいです。 郊外の共働きからは、別の地区の回答でも、急な予定変更に対応できるかが重要なため、変更後の問い合わせ先と代替手段を分かりやすく示してほしいです。 補足として、小さな困りごとでも投稿しやすい仕組みがあると改善につながります。,10歳,郊外,共働き,オンラインアンケート
856,学校からのプリント、自治体サイト、地域のSNSで情報が散らばり、重要な締切を見落としそうになります。小学生向けの支援も一つのカレンダーで見たいです。 住宅地の母親からは、説明会後の意見としても、家族に頼れない場合の選択肢が必要なため、関係する部署や地域団体と連携して改善してほしいです。 補足として、小さな困りごとでも投稿しやすい仕組みがあると改善につながります。,9歳,住宅地,母親,LINE
857,思春期に近づくと、親の悩みも幼児期とは違ってきます。学校には相談しづらい内容を、地域の専門職に匿名で聞ける窓口があると利用しやすいです。 商店街周辺の母親からは、家族や支援者の視点でも、窓口、紙、Webのどれでも確認できることが大切なため、具体的な運用条件まで示してほしいです。 補足として、小さな困りごとでも投稿しやすい仕組みがあると改善につながります。,12歳,商店街周辺,母親,オンラインアンケート
858,引っ越してきて近所に知り合いがいないため、子ども同士の遊び場や保護者のつながりを作るきっかけが欲しいです。地域別の交流会があると参加しやすいです。 集合住宅エリアの父母からは、日常的に利用する人からも、実際の生活動線に合う運用でないと使い続けにくいため、地域別の影響を確認してから判断してほしいです。 補足として、小さな困りごとでも投稿しやすい仕組みがあると改善につながります。,6歳,集合住宅エリア,父母,対面ヒアリング
859,長期休みの預け先が毎年悩みです。学童だけでは時間や内容が合わない日もあるので、午前だけの体験教室や昼食付きの居場所が増えると助かります。 郊外の共働きからは、初めて制度を調べた人からも、利用する時間帯や曜日で困り方が変わるため、試行期間を設けて利用者の声を再確認してほしいです。 補足として、小さな困りごとでも投稿しやすい仕組みがあると改善につながります。,8歳,郊外,共働き,オンラインアンケート
860,学校に行き渋る日があり、家庭だけで抱えるには負担が大きいです。相談先はありますが、どこに連絡すべきか迷うので、最初の入口を分かりやすくしてほしいです。 住宅地の母親からは、平日昼間に動きづらい人からも、情報の届き方に個人差があるため、対象者に届く案内方法も合わせて検討してほしいです。 補足として、小さな困りごとでも投稿しやすい仕組みがあると改善につながります。,11歳,住宅地,母親,窓口
861,転入後、医療機関や習い事、放課後の過ごし方など生活情報を一から探す必要がありました。行政の子育てページに地域マップがあると安心して動けます。 駅周辺の父親からは、地域活動に関わる人からも、費用負担と手続きの分かりやすさが利用を左右するため、必要な人が使えなくならないよう段階的に見直してほしいです。 補足として、小さな困りごとでも投稿しやすい仕組みがあると改善につながります。,7歳,駅周辺,父親,オンラインアンケート
862,高学年になると学童を嫌がる一方、家で一人にするのも心配です。自由に過ごせて大人の目もある放課後スペースがあれば、親子の衝突も減ると思います。 商店街周辺の共働きからは、同じ立場の利用者からも、地区ごとの距離や交通手段の違いが大きいため、利用実績だけでなく困っている人の声も判断材料にしてほしいです。 補足として、小さな困りごとでも投稿しやすい仕組みがあると改善につながります。,10歳,商店街周辺,共働き,オンラインアンケート
863,子どもの友人関係の悩みは、学校に伝えるほどか判断が難しく、相談が遅れがちです。保護者が気軽に話せる定期的な相談日やオンライン窓口があると助かります。 住宅地の母親からは、別の地区の回答でも、急な予定変更に対応できるかが重要なため、変更後の問い合わせ先と代替手段を分かりやすく示してほしいです。 補足として、小さな困りごとでも投稿しやすい仕組みがあると改善につながります。,9歳,住宅地,母親,対面ヒアリング
864,地域のイベントは魅力的ですが、対象年齢や申込方法が分かりづらく、転入家庭には参加のハードルがあります。学校経由だけでなく、自治体LINEでも知らせてほしいです。 集合住宅エリアの父母からは、説明会後の意見としても、家族に頼れない場合の選択肢が必要なため、関係する部署や地域団体と連携して改善してほしいです。 補足として、小さな困りごとでも投稿しやすい仕組みがあると改善につながります。,8歳,集合住宅エリア,父母,LINE
865,一時預かりを使いたい日ほど予約が埋まっていて、前月から予定を決められない家庭には使いにくいです。空き状況をまとめて見られる仕組みがあると助かります。 駅周辺の母親からは、同じ立場の利用者からも、地区ごとの距離や交通手段の違いが大きいため、利用実績だけでなく困っている人の声も判断材料にしてほしいです。 補足として、地区別の集計結果を住民にも分かる形で返してほしいです。,1歳,駅周辺,母親,オンラインアンケート
866,子育て支援センターの雰囲気は良いのですが、初めて行く時に何を持って行けばいいか、予約が必要かが分かりにくく、行くまでに少し勇気が要りました。 住宅地の母親からは、別の地区の回答でも、急な予定変更に対応できるかが重要なため、変更後の問い合わせ先と代替手段を分かりやすく示してほしいです。 補足として、地区別の集計結果を住民にも分かる形で返してほしいです。,0歳,住宅地,母親,窓口
867,近所に頼れる親族がいないため、短時間でも見てもらえる場所があると安心です。特に通院や上の子の用事で、2時間だけ預けたい場面がよくあります。 郊外の父母からは、説明会後の意見としても、家族に頼れない場合の選択肢が必要なため、関係する部署や地域団体と連携して改善してほしいです。 補足として、地区別の集計結果を住民にも分かる形で返してほしいです。,2歳,郊外,父母,オンラインアンケート
868,広報紙、LINE、ホームページで情報が分かれていて、結局どこを見れば最新なのか迷います。年齢別に必要な制度やイベントがまとまっていると探しやすいです。 駅周辺の母親からは、家族や支援者の視点でも、窓口、紙、Webのどれでも確認できることが大切なため、具体的な運用条件まで示してほしいです。 補足として、地区別の集計結果を住民にも分かる形で返してほしいです。,1歳,駅周辺,母親,LINE
869,産後しばらく外に出にくく、誰かに相談するほどではない悩みを抱えたまま過ごしていました。電話以外にチャットで軽く聞ける窓口があると利用しやすいです。 集合住宅エリアの母親からは、日常的に利用する人からも、実際の生活動線に合う運用でないと使い続けにくいため、地域別の影響を確認してから判断してほしいです。 補足として、地区別の集計結果を住民にも分かる形で返してほしいです。,0歳,集合住宅エリア,母親,オンラインアンケート
870,保育園に入る前の過ごし方について、園庭開放や親子教室の情報を探しましたが、開催日が施設ごとに違って見落としやすいです。月間カレンダーが欲しいです。 住宅地の父親からは、初めて制度を調べた人からも、利用する時間帯や曜日で困り方が変わるため、試行期間を設けて利用者の声を再確認してほしいです。 補足として、地区別の集計結果を住民にも分かる形で返してほしいです。,2歳,住宅地,父親,窓口
871,急な発熱後、登園できない期間に仕事ではなく家事や休息のためにも預け先が必要だと感じます。病児保育の条件や空きがもっと分かりやすいと安心です。 商店街周辺の母親からは、平日昼間に動きづらい人からも、情報の届き方に個人差があるため、対象者に届く案内方法も合わせて検討してほしいです。 補足として、地区別の集計結果を住民にも分かる形で返してほしいです。,3歳,商店街周辺,母親,オンラインアンケート
872,子どもが人見知りで支援センターに行ってもすぐ帰ることがあり、相談員さんと話す時間までたどり着けません。予約制の個別相談が少し増えると助かります。 郊外の母親からは、地域活動に関わる人からも、費用負担と手続きの分かりやすさが利用を左右するため、必要な人が使えなくならないよう段階的に見直してほしいです。 補足として、地区別の集計結果を住民にも分かる形で返してほしいです。,1歳,郊外,母親,対面ヒアリング
873,土日に参加できる親子イベントが少なく、平日は家族の予定と合いません。父親も行きやすい時間帯の講座や遊び場があると、家庭内で育児を共有しやすいです。 駅周辺の父親からは、同じ立場の利用者からも、地区ごとの距離や交通手段の違いが大きいため、利用実績だけでなく困っている人の声も判断材料にしてほしいです。 補足として、地区別の集計結果を住民にも分かる形で返してほしいです。,2歳,駅周辺,父親,オンラインアンケート
874,離乳食や発達の相談先はあると聞きますが、困った時にすぐ名前が出てきません。母子手帳アプリなどから年齢に合わせて案内が届くと心強いです。 住宅地の母親からは、別の地区の回答でも、急な予定変更に対応できるかが重要なため、変更後の問い合わせ先と代替手段を分かりやすく示してほしいです。 補足として、地区別の集計結果を住民にも分かる形で返してほしいです。,0歳,住宅地,母親,アプリ
875,雨の日や暑い日に行ける屋内の遊び場が限られていて、家にこもる日が続くと親子ともに煮詰まります。予約不要で短時間利用できる場所が増えてほしいです。 郊外の祖母同居からは、説明会後の意見としても、家族に頼れない場合の選択肢が必要なため、関係する部署や地域団体と連携して改善してほしいです。 補足として、地区別の集計結果を住民にも分かる形で返してほしいです。,3歳,郊外,祖母同居,オンラインアンケート
876,相談会の案内は見かけますが、悩みが深刻でないと行ってはいけない気がしてしまいます。雑談から入れる場や、同じ月齢の親同士がつながる機会があると嬉しいです。 集合住宅エリアの母親からは、家族や支援者の視点でも、窓口、紙、Webのどれでも確認できることが大切なため、具体的な運用条件まで示してほしいです。 補足として、地区別の集計結果を住民にも分かる形で返してほしいです。,1歳,集合住宅エリア,母親,対面ヒアリング
877,保育園のお迎え時間が勤務終了と合わず、延長保育を使っても毎日ぎりぎりです。駅近くに短時間だけ預けられる夕方の受け皿があると続けやすいです。 駅周辺の共働きからは、日常的に利用する人からも、実際の生活動線に合う運用でないと使い続けにくいため、地域別の影響を確認してから判断してほしいです。 補足として、地区別の集計結果を住民にも分かる形で返してほしいです。,4歳,駅周辺,共働き,オンラインアンケート
878,ひとり親向けの制度が複数ありますが、手当、就労支援、相談窓口が別々に載っていて全体像をつかみにくいです。状況を入力すると候補が出るページが欲しいです。 住宅地のひとり親からは、初めて制度を調べた人からも、利用する時間帯や曜日で困り方が変わるため、試行期間を設けて利用者の声を再確認してほしいです。 補足として、地区別の集計結果を住民にも分かる形で返してほしいです。,5歳,住宅地,ひとり親,窓口
879,シフト勤務なので、平日昼間の説明会や相談時間には行けません。夜間や土曜にオンラインで相談できれば、仕事を休まず必要な情報を確認できます。 商店街周辺の共働きからは、平日昼間に動きづらい人からも、情報の届き方に個人差があるため、対象者に届く案内方法も合わせて検討してほしいです。 補足として、地区別の集計結果を住民にも分かる形で返してほしいです。,3歳,商店街周辺,共働き,オンラインアンケート
880,子どもの体調不良で急に休むたび、職場にも家庭にも負担を感じます。病児保育の予約方法が複雑なので、当日の流れや持ち物を一枚で確認できると助かります。 郊外の共働きからは、地域活動に関わる人からも、費用負担と手続きの分かりやすさが利用を左右するため、必要な人が使えなくならないよう段階的に見直してほしいです。 補足として、地区別の集計結果を住民にも分かる形で返してほしいです。,2歳,郊外,共働き,LINE
881,ファミリーサポートはありがたい制度ですが、登録説明会に参加する時間を作るのが難しいです。オンライン登録や面談枠の拡大があれば利用し始めやすいです。 駅周辺のひとり親からは、同じ立場の利用者からも、地区ごとの距離や交通手段の違いが大きいため、利用実績だけでなく困っている人の声も判断材料にしてほしいです。 補足として、地区別の集計結果を住民にも分かる形で返してほしいです。,6歳,駅周辺,ひとり親,オンラインアンケート
882,仕事と育児で日々を回すだけで精一杯で、困りごとを相談する余裕がありません。保育園や学校を通じて、必要な支援につながる声かけがあると孤立しにくいです。 住宅地の共働きからは、別の地区の回答でも、急な予定変更に対応できるかが重要なため、変更後の問い合わせ先と代替手段を分かりやすく示してほしいです。 補足として、地区別の集計結果を住民にも分かる形で返してほしいです。,5歳,住宅地,共働き,対面ヒアリング
883,朝の登園前に急な会議が入ることがあり、早朝の預かりが少ないのが悩みです。7時前後から使える選択肢があるだけで、仕事の調整がかなり楽になります。 駅周辺の共働きからは、説明会後の意見としても、家族に頼れない場合の選択肢が必要なため、関係する部署や地域団体と連携して改善してほしいです。 補足として、地区別の集計結果を住民にも分かる形で返してほしいです。,4歳,駅周辺,共働き,オンラインアンケート
884,支援情報を探す時間が取れず、知っている人だけが制度を使えている印象があります。保育料通知や児童手当の案内と一緒に、関連支援も知らせてほしいです。 集合住宅エリアのひとり親からは、家族や支援者の視点でも、窓口、紙、Webのどれでも確認できることが大切なため、具体的な運用条件まで示してほしいです。 補足として、地区別の集計結果を住民にも分かる形で返してほしいです。,3歳,集合住宅エリア,ひとり親,郵送アンケート
885,残業が読めないため、学童や保育の締切時間に間に合うか毎日不安です。急な延長を相談できる仕組みや、近隣施設との連携があると安心して働けます。 郊外の共働きからは、日常的に利用する人からも、実際の生活動線に合う運用でないと使い続けにくいため、地域別の影響を確認してから判断してほしいです。 補足として、地区別の集計結果を住民にも分かる形で返してほしいです。,7歳,郊外,共働き,オンラインアンケート
886,子どもの発達について気になることがあっても、平日の専門相談は予約が先になりがちです。保護者が休みの日に相談できる枠が少しでもあると助かります。 住宅地の共働きからは、初めて制度を調べた人からも、利用する時間帯や曜日で困り方が変わるため、試行期間を設けて利用者の声を再確認してほしいです。 補足として、地区別の集計結果を住民にも分かる形で返してほしいです。,5歳,住宅地,共働き,窓口
887,ひとりで子どもを育てていると、行政の窓口に行くこと自体が大きな負担です。相談、申請、必要書類の確認を一度に進められる伴走型の窓口があると安心です。 商店街周辺のひとり親からは、平日昼間に動きづらい人からも、情報の届き方に個人差があるため、対象者に届く案内方法も合わせて検討してほしいです。 補足として、地区別の集計結果を住民にも分かる形で返してほしいです。,4歳,商店街周辺,ひとり親,対面ヒアリング
888,休日出勤の日に預け先を探すのが一番大変です。通常保育とは別に、土日だけでも利用できる一時預かりや地域の見守りサービスが増えると助かります。 郊外の共働きからは、地域活動に関わる人からも、費用負担と手続きの分かりやすさが利用を左右するため、必要な人が使えなくならないよう段階的に見直してほしいです。 補足として、地区別の集計結果を住民にも分かる形で返してほしいです。,6歳,郊外,共働き,オンラインアンケート
889,小学校に入ると支援情報が急に少なく感じます。未就学児向けの案内は多いのに、放課後の居場所や学習支援、相談先を探すのに時間がかかりました。 住宅地の母親からは、同じ立場の利用者からも、地区ごとの距離や交通手段の違いが大きいため、利用実績だけでなく困っている人の声も判断材料にしてほしいです。 補足として、地区別の集計結果を住民にも分かる形で返してほしいです。,7歳,住宅地,母親,オンラインアンケート
890,転入してきたばかりで、学童の申込時期や地域の子ども会の情報を後から知りました。転入手続きの時に、子育て関連の一覧を渡してもらえると助かります。 駅周辺の父母からは、別の地区の回答でも、急な予定変更に対応できるかが重要なため、変更後の問い合わせ先と代替手段を分かりやすく示してほしいです。 補足として、地区別の集計結果を住民にも分かる形で返してほしいです。,8歳,駅周辺,父母,窓口
891,放課後に安全に過ごせる場所が限られていて、学童に入れない日は不安です。高学年でも利用しやすい居場所や、宿題を見守ってくれる場があるとありがたいです。 郊外の共働きからは、説明会後の意見としても、家族に頼れない場合の選択肢が必要なため、関係する部署や地域団体と連携して改善してほしいです。 補足として、地区別の集計結果を住民にも分かる形で返してほしいです。,10歳,郊外,共働き,オンラインアンケート
892,学校からのプリント、自治体サイト、地域のSNSで情報が散らばり、重要な締切を見落としそうになります。小学生向けの支援も一つのカレンダーで見たいです。 住宅地の母親からは、家族や支援者の視点でも、窓口、紙、Webのどれでも確認できることが大切なため、具体的な運用条件まで示してほしいです。 補足として、地区別の集計結果を住民にも分かる形で返してほしいです。,9歳,住宅地,母親,LINE
893,思春期に近づくと、親の悩みも幼児期とは違ってきます。学校には相談しづらい内容を、地域の専門職に匿名で聞ける窓口があると利用しやすいです。 商店街周辺の母親からは、日常的に利用する人からも、実際の生活動線に合う運用でないと使い続けにくいため、地域別の影響を確認してから判断してほしいです。 補足として、地区別の集計結果を住民にも分かる形で返してほしいです。,12歳,商店街周辺,母親,オンラインアンケート
894,引っ越してきて近所に知り合いがいないため、子ども同士の遊び場や保護者のつながりを作るきっかけが欲しいです。地域別の交流会があると参加しやすいです。 集合住宅エリアの父母からは、初めて制度を調べた人からも、利用する時間帯や曜日で困り方が変わるため、試行期間を設けて利用者の声を再確認してほしいです。 補足として、地区別の集計結果を住民にも分かる形で返してほしいです。,6歳,集合住宅エリア,父母,対面ヒアリング
895,長期休みの預け先が毎年悩みです。学童だけでは時間や内容が合わない日もあるので、午前だけの体験教室や昼食付きの居場所が増えると助かります。 郊外の共働きからは、平日昼間に動きづらい人からも、情報の届き方に個人差があるため、対象者に届く案内方法も合わせて検討してほしいです。 補足として、地区別の集計結果を住民にも分かる形で返してほしいです。,8歳,郊外,共働き,オンラインアンケート
896,学校に行き渋る日があり、家庭だけで抱えるには負担が大きいです。相談先はありますが、どこに連絡すべきか迷うので、最初の入口を分かりやすくしてほしいです。 住宅地の母親からは、地域活動に関わる人からも、費用負担と手続きの分かりやすさが利用を左右するため、必要な人が使えなくならないよう段階的に見直してほしいです。 補足として、地区別の集計結果を住民にも分かる形で返してほしいです。,11歳,住宅地,母親,窓口
897,転入後、医療機関や習い事、放課後の過ごし方など生活情報を一から探す必要がありました。行政の子育てページに地域マップがあると安心して動けます。 駅周辺の父親からは、同じ立場の利用者からも、地区ごとの距離や交通手段の違いが大きいため、利用実績だけでなく困っている人の声も判断材料にしてほしいです。 補足として、地区別の集計結果を住民にも分かる形で返してほしいです。,7歳,駅周辺,父親,オンラインアンケート
898,高学年になると学童を嫌がる一方、家で一人にするのも心配です。自由に過ごせて大人の目もある放課後スペースがあれば、親子の衝突も減ると思います。 商店街周辺の共働きからは、別の地区の回答でも、急な予定変更に対応できるかが重要なため、変更後の問い合わせ先と代替手段を分かりやすく示してほしいです。 補足として、地区別の集計結果を住民にも分かる形で返してほしいです。,10歳,商店街周辺,共働き,オンラインアンケート
899,子どもの友人関係の悩みは、学校に伝えるほどか判断が難しく、相談が遅れがちです。保護者が気軽に話せる定期的な相談日やオンライン窓口があると助かります。 住宅地の母親からは、説明会後の意見としても、家族に頼れない場合の選択肢が必要なため、関係する部署や地域団体と連携して改善してほしいです。 補足として、地区別の集計結果を住民にも分かる形で返してほしいです。,9歳,住宅地,母親,対面ヒアリング
900,地域のイベントは魅力的ですが、対象年齢や申込方法が分かりづらく、転入家庭には参加のハードルがあります。学校経由だけでなく、自治体LINEでも知らせてほしいです。 集合住宅エリアの父母からは、家族や支援者の視点でも、窓口、紙、Webのどれでも確認できることが大切なため、具体的な運用条件まで示してほしいです。 補足として、地区別の集計結果を住民にも分かる形で返してほしいです。,8歳,集合住宅エリア,父母,LINE
901,一時預かりを使いたい日ほど予約が埋まっていて、前月から予定を決められない家庭には使いにくいです。空き状況をまとめて見られる仕組みがあると助かります。 駅周辺の母親からは、別の地区の回答でも、急な予定変更に対応できるかが重要なため、変更後の問い合わせ先と代替手段を分かりやすく示してほしいです。 補足として、利用できる人とできない人の差が広がらないようにしてほしいです。,1歳,駅周辺,母親,オンラインアンケート
902,子育て支援センターの雰囲気は良いのですが、初めて行く時に何を持って行けばいいか、予約が必要かが分かりにくく、行くまでに少し勇気が要りました。 住宅地の母親からは、説明会後の意見としても、家族に頼れない場合の選択肢が必要なため、関係する部署や地域団体と連携して改善してほしいです。 補足として、利用できる人とできない人の差が広がらないようにしてほしいです。,0歳,住宅地,母親,窓口
903,近所に頼れる親族がいないため、短時間でも見てもらえる場所があると安心です。特に通院や上の子の用事で、2時間だけ預けたい場面がよくあります。 郊外の父母からは、家族や支援者の視点でも、窓口、紙、Webのどれでも確認できることが大切なため、具体的な運用条件まで示してほしいです。 補足として、利用できる人とできない人の差が広がらないようにしてほしいです。,2歳,郊外,父母,オンラインアンケート
904,広報紙、LINE、ホームページで情報が分かれていて、結局どこを見れば最新なのか迷います。年齢別に必要な制度やイベントがまとまっていると探しやすいです。 駅周辺の母親からは、日常的に利用する人からも、実際の生活動線に合う運用でないと使い続けにくいため、地域別の影響を確認してから判断してほしいです。 補足として、利用できる人とできない人の差が広がらないようにしてほしいです。,1歳,駅周辺,母親,LINE
905,産後しばらく外に出にくく、誰かに相談するほどではない悩みを抱えたまま過ごしていました。電話以外にチャットで軽く聞ける窓口があると利用しやすいです。 集合住宅エリアの母親からは、初めて制度を調べた人からも、利用する時間帯や曜日で困り方が変わるため、試行期間を設けて利用者の声を再確認してほしいです。 補足として、利用できる人とできない人の差が広がらないようにしてほしいです。,0歳,集合住宅エリア,母親,オンラインアンケート
906,保育園に入る前の過ごし方について、園庭開放や親子教室の情報を探しましたが、開催日が施設ごとに違って見落としやすいです。月間カレンダーが欲しいです。 住宅地の父親からは、平日昼間に動きづらい人からも、情報の届き方に個人差があるため、対象者に届く案内方法も合わせて検討してほしいです。 補足として、利用できる人とできない人の差が広がらないようにしてほしいです。,2歳,住宅地,父親,窓口
907,急な発熱後、登園できない期間に仕事ではなく家事や休息のためにも預け先が必要だと感じます。病児保育の条件や空きがもっと分かりやすいと安心です。 商店街周辺の母親からは、地域活動に関わる人からも、費用負担と手続きの分かりやすさが利用を左右するため、必要な人が使えなくならないよう段階的に見直してほしいです。 補足として、利用できる人とできない人の差が広がらないようにしてほしいです。,3歳,商店街周辺,母親,オンラインアンケート
908,子どもが人見知りで支援センターに行ってもすぐ帰ることがあり、相談員さんと話す時間までたどり着けません。予約制の個別相談が少し増えると助かります。 郊外の母親からは、同じ立場の利用者からも、地区ごとの距離や交通手段の違いが大きいため、利用実績だけでなく困っている人の声も判断材料にしてほしいです。 補足として、利用できる人とできない人の差が広がらないようにしてほしいです。,1歳,郊外,母親,対面ヒアリング
909,土日に参加できる親子イベントが少なく、平日は家族の予定と合いません。父親も行きやすい時間帯の講座や遊び場があると、家庭内で育児を共有しやすいです。 駅周辺の父親からは、別の地区の回答でも、急な予定変更に対応できるかが重要なため、変更後の問い合わせ先と代替手段を分かりやすく示してほしいです。 補足として、利用できる人とできない人の差が広がらないようにしてほしいです。,2歳,駅周辺,父親,オンラインアンケート
910,離乳食や発達の相談先はあると聞きますが、困った時にすぐ名前が出てきません。母子手帳アプリなどから年齢に合わせて案内が届くと心強いです。 住宅地の母親からは、説明会後の意見としても、家族に頼れない場合の選択肢が必要なため、関係する部署や地域団体と連携して改善してほしいです。 補足として、利用できる人とできない人の差が広がらないようにしてほしいです。,0歳,住宅地,母親,アプリ
911,雨の日や暑い日に行ける屋内の遊び場が限られていて、家にこもる日が続くと親子ともに煮詰まります。予約不要で短時間利用できる場所が増えてほしいです。 郊外の祖母同居からは、家族や支援者の視点でも、窓口、紙、Webのどれでも確認できることが大切なため、具体的な運用条件まで示してほしいです。 補足として、利用できる人とできない人の差が広がらないようにしてほしいです。,3歳,郊外,祖母同居,オンラインアンケート
912,相談会の案内は見かけますが、悩みが深刻でないと行ってはいけない気がしてしまいます。雑談から入れる場や、同じ月齢の親同士がつながる機会があると嬉しいです。 集合住宅エリアの母親からは、日常的に利用する人からも、実際の生活動線に合う運用でないと使い続けにくいため、地域別の影響を確認してから判断してほしいです。 補足として、利用できる人とできない人の差が広がらないようにしてほしいです。,1歳,集合住宅エリア,母親,対面ヒアリング
913,保育園のお迎え時間が勤務終了と合わず、延長保育を使っても毎日ぎりぎりです。駅近くに短時間だけ預けられる夕方の受け皿があると続けやすいです。 駅周辺の共働きからは、初めて制度を調べた人からも、利用する時間帯や曜日で困り方が変わるため、試行期間を設けて利用者の声を再確認してほしいです。 補足として、利用できる人とできない人の差が広がらないようにしてほしいです。,4歳,駅周辺,共働き,オンラインアンケート
914,ひとり親向けの制度が複数ありますが、手当、就労支援、相談窓口が別々に載っていて全体像をつかみにくいです。状況を入力すると候補が出るページが欲しいです。 住宅地のひとり親からは、平日昼間に動きづらい人からも、情報の届き方に個人差があるため、対象者に届く案内方法も合わせて検討してほしいです。 補足として、利用できる人とできない人の差が広がらないようにしてほしいです。,5歳,住宅地,ひとり親,窓口
915,シフト勤務なので、平日昼間の説明会や相談時間には行けません。夜間や土曜にオンラインで相談できれば、仕事を休まず必要な情報を確認できます。 商店街周辺の共働きからは、地域活動に関わる人からも、費用負担と手続きの分かりやすさが利用を左右するため、必要な人が使えなくならないよう段階的に見直してほしいです。 補足として、利用できる人とできない人の差が広がらないようにしてほしいです。,3歳,商店街周辺,共働き,オンラインアンケート
916,子どもの体調不良で急に休むたび、職場にも家庭にも負担を感じます。病児保育の予約方法が複雑なので、当日の流れや持ち物を一枚で確認できると助かります。 郊外の共働きからは、同じ立場の利用者からも、地区ごとの距離や交通手段の違いが大きいため、利用実績だけでなく困っている人の声も判断材料にしてほしいです。 補足として、利用できる人とできない人の差が広がらないようにしてほしいです。,2歳,郊外,共働き,LINE
917,ファミリーサポートはありがたい制度ですが、登録説明会に参加する時間を作るのが難しいです。オンライン登録や面談枠の拡大があれば利用し始めやすいです。 駅周辺のひとり親からは、別の地区の回答でも、急な予定変更に対応できるかが重要なため、変更後の問い合わせ先と代替手段を分かりやすく示してほしいです。 補足として、利用できる人とできない人の差が広がらないようにしてほしいです。,6歳,駅周辺,ひとり親,オンラインアンケート
918,仕事と育児で日々を回すだけで精一杯で、困りごとを相談する余裕がありません。保育園や学校を通じて、必要な支援につながる声かけがあると孤立しにくいです。 住宅地の共働きからは、説明会後の意見としても、家族に頼れない場合の選択肢が必要なため、関係する部署や地域団体と連携して改善してほしいです。 補足として、利用できる人とできない人の差が広がらないようにしてほしいです。,5歳,住宅地,共働き,対面ヒアリング
919,朝の登園前に急な会議が入ることがあり、早朝の預かりが少ないのが悩みです。7時前後から使える選択肢があるだけで、仕事の調整がかなり楽になります。 駅周辺の共働きからは、家族や支援者の視点でも、窓口、紙、Webのどれでも確認できることが大切なため、具体的な運用条件まで示してほしいです。 補足として、利用できる人とできない人の差が広がらないようにしてほしいです。,4歳,駅周辺,共働き,オンラインアンケート
920,支援情報を探す時間が取れず、知っている人だけが制度を使えている印象があります。保育料通知や児童手当の案内と一緒に、関連支援も知らせてほしいです。 集合住宅エリアのひとり親からは、日常的に利用する人からも、実際の生活動線に合う運用でないと使い続けにくいため、地域別の影響を確認してから判断してほしいです。 補足として、利用できる人とできない人の差が広がらないようにしてほしいです。,3歳,集合住宅エリア,ひとり親,郵送アンケート
921,残業が読めないため、学童や保育の締切時間に間に合うか毎日不安です。急な延長を相談できる仕組みや、近隣施設との連携があると安心して働けます。 郊外の共働きからは、初めて制度を調べた人からも、利用する時間帯や曜日で困り方が変わるため、試行期間を設けて利用者の声を再確認してほしいです。 補足として、利用できる人とできない人の差が広がらないようにしてほしいです。,7歳,郊外,共働き,オンラインアンケート
922,子どもの発達について気になることがあっても、平日の専門相談は予約が先になりがちです。保護者が休みの日に相談できる枠が少しでもあると助かります。 住宅地の共働きからは、平日昼間に動きづらい人からも、情報の届き方に個人差があるため、対象者に届く案内方法も合わせて検討してほしいです。 補足として、利用できる人とできない人の差が広がらないようにしてほしいです。,5歳,住宅地,共働き,窓口
923,ひとりで子どもを育てていると、行政の窓口に行くこと自体が大きな負担です。相談、申請、必要書類の確認を一度に進められる伴走型の窓口があると安心です。 商店街周辺のひとり親からは、地域活動に関わる人からも、費用負担と手続きの分かりやすさが利用を左右するため、必要な人が使えなくならないよう段階的に見直してほしいです。 補足として、利用できる人とできない人の差が広がらないようにしてほしいです。,4歳,商店街周辺,ひとり親,対面ヒアリング
924,休日出勤の日に預け先を探すのが一番大変です。通常保育とは別に、土日だけでも利用できる一時預かりや地域の見守りサービスが増えると助かります。 郊外の共働きからは、同じ立場の利用者からも、地区ごとの距離や交通手段の違いが大きいため、利用実績だけでなく困っている人の声も判断材料にしてほしいです。 補足として、利用できる人とできない人の差が広がらないようにしてほしいです。,6歳,郊外,共働き,オンラインアンケート
925,小学校に入ると支援情報が急に少なく感じます。未就学児向けの案内は多いのに、放課後の居場所や学習支援、相談先を探すのに時間がかかりました。 住宅地の母親からは、別の地区の回答でも、急な予定変更に対応できるかが重要なため、変更後の問い合わせ先と代替手段を分かりやすく示してほしいです。 補足として、利用できる人とできない人の差が広がらないようにしてほしいです。,7歳,住宅地,母親,オンラインアンケート
926,転入してきたばかりで、学童の申込時期や地域の子ども会の情報を後から知りました。転入手続きの時に、子育て関連の一覧を渡してもらえると助かります。 駅周辺の父母からは、説明会後の意見としても、家族に頼れない場合の選択肢が必要なため、関係する部署や地域団体と連携して改善してほしいです。 補足として、利用できる人とできない人の差が広がらないようにしてほしいです。,8歳,駅周辺,父母,窓口
927,放課後に安全に過ごせる場所が限られていて、学童に入れない日は不安です。高学年でも利用しやすい居場所や、宿題を見守ってくれる場があるとありがたいです。 郊外の共働きからは、家族や支援者の視点でも、窓口、紙、Webのどれでも確認できることが大切なため、具体的な運用条件まで示してほしいです。 補足として、利用できる人とできない人の差が広がらないようにしてほしいです。,10歳,郊外,共働き,オンラインアンケート
928,学校からのプリント、自治体サイト、地域のSNSで情報が散らばり、重要な締切を見落としそうになります。小学生向けの支援も一つのカレンダーで見たいです。 住宅地の母親からは、日常的に利用する人からも、実際の生活動線に合う運用でないと使い続けにくいため、地域別の影響を確認してから判断してほしいです。 補足として、利用できる人とできない人の差が広がらないようにしてほしいです。,9歳,住宅地,母親,LINE
929,思春期に近づくと、親の悩みも幼児期とは違ってきます。学校には相談しづらい内容を、地域の専門職に匿名で聞ける窓口があると利用しやすいです。 商店街周辺の母親からは、初めて制度を調べた人からも、利用する時間帯や曜日で困り方が変わるため、試行期間を設けて利用者の声を再確認してほしいです。 補足として、利用できる人とできない人の差が広がらないようにしてほしいです。,12歳,商店街周辺,母親,オンラインアンケート
930,引っ越してきて近所に知り合いがいないため、子ども同士の遊び場や保護者のつながりを作るきっかけが欲しいです。地域別の交流会があると参加しやすいです。 集合住宅エリアの父母からは、平日昼間に動きづらい人からも、情報の届き方に個人差があるため、対象者に届く案内方法も合わせて検討してほしいです。 補足として、利用できる人とできない人の差が広がらないようにしてほしいです。,6歳,集合住宅エリア,父母,対面ヒアリング
931,長期休みの預け先が毎年悩みです。学童だけでは時間や内容が合わない日もあるので、午前だけの体験教室や昼食付きの居場所が増えると助かります。 郊外の共働きからは、地域活動に関わる人からも、費用負担と手続きの分かりやすさが利用を左右するため、必要な人が使えなくならないよう段階的に見直してほしいです。 補足として、利用できる人とできない人の差が広がらないようにしてほしいです。,8歳,郊外,共働き,オンラインアンケート
932,学校に行き渋る日があり、家庭だけで抱えるには負担が大きいです。相談先はありますが、どこに連絡すべきか迷うので、最初の入口を分かりやすくしてほしいです。 住宅地の母親からは、同じ立場の利用者からも、地区ごとの距離や交通手段の違いが大きいため、利用実績だけでなく困っている人の声も判断材料にしてほしいです。 補足として、利用できる人とできない人の差が広がらないようにしてほしいです。,11歳,住宅地,母親,窓口
933,転入後、医療機関や習い事、放課後の過ごし方など生活情報を一から探す必要がありました。行政の子育てページに地域マップがあると安心して動けます。 駅周辺の父親からは、別の地区の回答でも、急な予定変更に対応できるかが重要なため、変更後の問い合わせ先と代替手段を分かりやすく示してほしいです。 補足として、利用できる人とできない人の差が広がらないようにしてほしいです。,7歳,駅周辺,父親,オンラインアンケート
934,高学年になると学童を嫌がる一方、家で一人にするのも心配です。自由に過ごせて大人の目もある放課後スペースがあれば、親子の衝突も減ると思います。 商店街周辺の共働きからは、説明会後の意見としても、家族に頼れない場合の選択肢が必要なため、関係する部署や地域団体と連携して改善してほしいです。 補足として、利用できる人とできない人の差が広がらないようにしてほしいです。,10歳,商店街周辺,共働き,オンラインアンケート
935,子どもの友人関係の悩みは、学校に伝えるほどか判断が難しく、相談が遅れがちです。保護者が気軽に話せる定期的な相談日やオンライン窓口があると助かります。 住宅地の母親からは、家族や支援者の視点でも、窓口、紙、Webのどれでも確認できることが大切なため、具体的な運用条件まで示してほしいです。 補足として、利用できる人とできない人の差が広がらないようにしてほしいです。,9歳,住宅地,母親,対面ヒアリング
936,地域のイベントは魅力的ですが、対象年齢や申込方法が分かりづらく、転入家庭には参加のハードルがあります。学校経由だけでなく、自治体LINEでも知らせてほしいです。 集合住宅エリアの父母からは、日常的に利用する人からも、実際の生活動線に合う運用でないと使い続けにくいため、地域別の影響を確認してから判断してほしいです。 補足として、利用できる人とできない人の差が広がらないようにしてほしいです。,8歳,集合住宅エリア,父母,LINE
937,一時預かりを使いたい日ほど予約が埋まっていて、前月から予定を決められない家庭には使いにくいです。空き状況をまとめて見られる仕組みがあると助かります。 駅周辺の母親からは、説明会後の意見としても、家族に頼れない場合の選択肢が必要なため、関係する部署や地域団体と連携して改善してほしいです。 補足として、説明会に来られない人の意見も集める工夫が必要です。,1歳,駅周辺,母親,オンラインアンケート
938,子育て支援センターの雰囲気は良いのですが、初めて行く時に何を持って行けばいいか、予約が必要かが分かりにくく、行くまでに少し勇気が要りました。 住宅地の母親からは、家族や支援者の視点でも、窓口、紙、Webのどれでも確認できることが大切なため、具体的な運用条件まで示してほしいです。 補足として、説明会に来られない人の意見も集める工夫が必要です。,0歳,住宅地,母親,窓口
939,近所に頼れる親族がいないため、短時間でも見てもらえる場所があると安心です。特に通院や上の子の用事で、2時間だけ預けたい場面がよくあります。 郊外の父母からは、日常的に利用する人からも、実際の生活動線に合う運用でないと使い続けにくいため、地域別の影響を確認してから判断してほしいです。 補足として、説明会に来られない人の意見も集める工夫が必要です。,2歳,郊外,父母,オンラインアンケート
940,広報紙、LINE、ホームページで情報が分かれていて、結局どこを見れば最新なのか迷います。年齢別に必要な制度やイベントがまとまっていると探しやすいです。 駅周辺の母親からは、初めて制度を調べた人からも、利用する時間帯や曜日で困り方が変わるため、試行期間を設けて利用者の声を再確認してほしいです。 補足として、説明会に来られない人の意見も集める工夫が必要です。,1歳,駅周辺,母親,LINE
941,産後しばらく外に出にくく、誰かに相談するほどではない悩みを抱えたまま過ごしていました。電話以外にチャットで軽く聞ける窓口があると利用しやすいです。 集合住宅エリアの母親からは、平日昼間に動きづらい人からも、情報の届き方に個人差があるため、対象者に届く案内方法も合わせて検討してほしいです。 補足として、説明会に来られない人の意見も集める工夫が必要です。,0歳,集合住宅エリア,母親,オンラインアンケート
942,保育園に入る前の過ごし方について、園庭開放や親子教室の情報を探しましたが、開催日が施設ごとに違って見落としやすいです。月間カレンダーが欲しいです。 住宅地の父親からは、地域活動に関わる人からも、費用負担と手続きの分かりやすさが利用を左右するため、必要な人が使えなくならないよう段階的に見直してほしいです。 補足として、説明会に来られない人の意見も集める工夫が必要です。,2歳,住宅地,父親,窓口
943,急な発熱後、登園できない期間に仕事ではなく家事や休息のためにも預け先が必要だと感じます。病児保育の条件や空きがもっと分かりやすいと安心です。 商店街周辺の母親からは、同じ立場の利用者からも、地区ごとの距離や交通手段の違いが大きいため、利用実績だけでなく困っている人の声も判断材料にしてほしいです。 補足として、説明会に来られない人の意見も集める工夫が必要です。,3歳,商店街周辺,母親,オンラインアンケート
944,子どもが人見知りで支援センターに行ってもすぐ帰ることがあり、相談員さんと話す時間までたどり着けません。予約制の個別相談が少し増えると助かります。 郊外の母親からは、別の地区の回答でも、急な予定変更に対応できるかが重要なため、変更後の問い合わせ先と代替手段を分かりやすく示してほしいです。 補足として、説明会に来られない人の意見も集める工夫が必要です。,1歳,郊外,母親,対面ヒアリング
945,土日に参加できる親子イベントが少なく、平日は家族の予定と合いません。父親も行きやすい時間帯の講座や遊び場があると、家庭内で育児を共有しやすいです。 駅周辺の父親からは、説明会後の意見としても、家族に頼れない場合の選択肢が必要なため、関係する部署や地域団体と連携して改善してほしいです。 補足として、説明会に来られない人の意見も集める工夫が必要です。,2歳,駅周辺,父親,オンラインアンケート
946,離乳食や発達の相談先はあると聞きますが、困った時にすぐ名前が出てきません。母子手帳アプリなどから年齢に合わせて案内が届くと心強いです。 住宅地の母親からは、家族や支援者の視点でも、窓口、紙、Webのどれでも確認できることが大切なため、具体的な運用条件まで示してほしいです。 補足として、説明会に来られない人の意見も集める工夫が必要です。,0歳,住宅地,母親,アプリ
947,雨の日や暑い日に行ける屋内の遊び場が限られていて、家にこもる日が続くと親子ともに煮詰まります。予約不要で短時間利用できる場所が増えてほしいです。 郊外の祖母同居からは、日常的に利用する人からも、実際の生活動線に合う運用でないと使い続けにくいため、地域別の影響を確認してから判断してほしいです。 補足として、説明会に来られない人の意見も集める工夫が必要です。,3歳,郊外,祖母同居,オンラインアンケート
948,相談会の案内は見かけますが、悩みが深刻でないと行ってはいけない気がしてしまいます。雑談から入れる場や、同じ月齢の親同士がつながる機会があると嬉しいです。 集合住宅エリアの母親からは、初めて制度を調べた人からも、利用する時間帯や曜日で困り方が変わるため、試行期間を設けて利用者の声を再確認してほしいです。 補足として、説明会に来られない人の意見も集める工夫が必要です。,1歳,集合住宅エリア,母親,対面ヒアリング
949,保育園のお迎え時間が勤務終了と合わず、延長保育を使っても毎日ぎりぎりです。駅近くに短時間だけ預けられる夕方の受け皿があると続けやすいです。 駅周辺の共働きからは、平日昼間に動きづらい人からも、情報の届き方に個人差があるため、対象者に届く案内方法も合わせて検討してほしいです。 補足として、説明会に来られない人の意見も集める工夫が必要です。,4歳,駅周辺,共働き,オンラインアンケート
950,ひとり親向けの制度が複数ありますが、手当、就労支援、相談窓口が別々に載っていて全体像をつかみにくいです。状況を入力すると候補が出るページが欲しいです。 住宅地のひとり親からは、地域活動に関わる人からも、費用負担と手続きの分かりやすさが利用を左右するため、必要な人が使えなくならないよう段階的に見直してほしいです。 補足として、説明会に来られない人の意見も集める工夫が必要です。,5歳,住宅地,ひとり親,窓口
951,シフト勤務なので、平日昼間の説明会や相談時間には行けません。夜間や土曜にオンラインで相談できれば、仕事を休まず必要な情報を確認できます。 商店街周辺の共働きからは、同じ立場の利用者からも、地区ごとの距離や交通手段の違いが大きいため、利用実績だけでなく困っている人の声も判断材料にしてほしいです。 補足として、説明会に来られない人の意見も集める工夫が必要です。,3歳,商店街周辺,共働き,オンラインアンケート
952,子どもの体調不良で急に休むたび、職場にも家庭にも負担を感じます。病児保育の予約方法が複雑なので、当日の流れや持ち物を一枚で確認できると助かります。 郊外の共働きからは、別の地区の回答でも、急な予定変更に対応できるかが重要なため、変更後の問い合わせ先と代替手段を分かりやすく示してほしいです。 補足として、説明会に来られない人の意見も集める工夫が必要です。,2歳,郊外,共働き,LINE
953,ファミリーサポートはありがたい制度ですが、登録説明会に参加する時間を作るのが難しいです。オンライン登録や面談枠の拡大があれば利用し始めやすいです。 駅周辺のひとり親からは、説明会後の意見としても、家族に頼れない場合の選択肢が必要なため、関係する部署や地域団体と連携して改善してほしいです。 補足として、説明会に来られない人の意見も集める工夫が必要です。,6歳,駅周辺,ひとり親,オンラインアンケート
954,仕事と育児で日々を回すだけで精一杯で、困りごとを相談する余裕がありません。保育園や学校を通じて、必要な支援につながる声かけがあると孤立しにくいです。 住宅地の共働きからは、家族や支援者の視点でも、窓口、紙、Webのどれでも確認できることが大切なため、具体的な運用条件まで示してほしいです。 補足として、説明会に来られない人の意見も集める工夫が必要です。,5歳,住宅地,共働き,対面ヒアリング
955,朝の登園前に急な会議が入ることがあり、早朝の預かりが少ないのが悩みです。7時前後から使える選択肢があるだけで、仕事の調整がかなり楽になります。 駅周辺の共働きからは、日常的に利用する人からも、実際の生活動線に合う運用でないと使い続けにくいため、地域別の影響を確認してから判断してほしいです。 補足として、説明会に来られない人の意見も集める工夫が必要です。,4歳,駅周辺,共働き,オンラインアンケート
956,支援情報を探す時間が取れず、知っている人だけが制度を使えている印象があります。保育料通知や児童手当の案内と一緒に、関連支援も知らせてほしいです。 集合住宅エリアのひとり親からは、初めて制度を調べた人からも、利用する時間帯や曜日で困り方が変わるため、試行期間を設けて利用者の声を再確認してほしいです。 補足として、説明会に来られない人の意見も集める工夫が必要です。,3歳,集合住宅エリア,ひとり親,郵送アンケート
957,残業が読めないため、学童や保育の締切時間に間に合うか毎日不安です。急な延長を相談できる仕組みや、近隣施設との連携があると安心して働けます。 郊外の共働きからは、平日昼間に動きづらい人からも、情報の届き方に個人差があるため、対象者に届く案内方法も合わせて検討してほしいです。 補足として、説明会に来られない人の意見も集める工夫が必要です。,7歳,郊外,共働き,オンラインアンケート
958,子どもの発達について気になることがあっても、平日の専門相談は予約が先になりがちです。保護者が休みの日に相談できる枠が少しでもあると助かります。 住宅地の共働きからは、地域活動に関わる人からも、費用負担と手続きの分かりやすさが利用を左右するため、必要な人が使えなくならないよう段階的に見直してほしいです。 補足として、説明会に来られない人の意見も集める工夫が必要です。,5歳,住宅地,共働き,窓口
959,ひとりで子どもを育てていると、行政の窓口に行くこと自体が大きな負担です。相談、申請、必要書類の確認を一度に進められる伴走型の窓口があると安心です。 商店街周辺のひとり親からは、同じ立場の利用者からも、地区ごとの距離や交通手段の違いが大きいため、利用実績だけでなく困っている人の声も判断材料にしてほしいです。 補足として、説明会に来られない人の意見も集める工夫が必要です。,4歳,商店街周辺,ひとり親,対面ヒアリング
960,休日出勤の日に預け先を探すのが一番大変です。通常保育とは別に、土日だけでも利用できる一時預かりや地域の見守りサービスが増えると助かります。 郊外の共働きからは、別の地区の回答でも、急な予定変更に対応できるかが重要なため、変更後の問い合わせ先と代替手段を分かりやすく示してほしいです。 補足として、説明会に来られない人の意見も集める工夫が必要です。,6歳,郊外,共働き,オンラインアンケート
961,小学校に入ると支援情報が急に少なく感じます。未就学児向けの案内は多いのに、放課後の居場所や学習支援、相談先を探すのに時間がかかりました。 住宅地の母親からは、説明会後の意見としても、家族に頼れない場合の選択肢が必要なため、関係する部署や地域団体と連携して改善してほしいです。 補足として、説明会に来られない人の意見も集める工夫が必要です。,7歳,住宅地,母親,オンラインアンケート
962,転入してきたばかりで、学童の申込時期や地域の子ども会の情報を後から知りました。転入手続きの時に、子育て関連の一覧を渡してもらえると助かります。 駅周辺の父母からは、家族や支援者の視点でも、窓口、紙、Webのどれでも確認できることが大切なため、具体的な運用条件まで示してほしいです。 補足として、説明会に来られない人の意見も集める工夫が必要です。,8歳,駅周辺,父母,窓口
963,放課後に安全に過ごせる場所が限られていて、学童に入れない日は不安です。高学年でも利用しやすい居場所や、宿題を見守ってくれる場があるとありがたいです。 郊外の共働きからは、日常的に利用する人からも、実際の生活動線に合う運用でないと使い続けにくいため、地域別の影響を確認してから判断してほしいです。 補足として、説明会に来られない人の意見も集める工夫が必要です。,10歳,郊外,共働き,オンラインアンケート
964,学校からのプリント、自治体サイト、地域のSNSで情報が散らばり、重要な締切を見落としそうになります。小学生向けの支援も一つのカレンダーで見たいです。 住宅地の母親からは、初めて制度を調べた人からも、利用する時間帯や曜日で困り方が変わるため、試行期間を設けて利用者の声を再確認してほしいです。 補足として、説明会に来られない人の意見も集める工夫が必要です。,9歳,住宅地,母親,LINE
965,思春期に近づくと、親の悩みも幼児期とは違ってきます。学校には相談しづらい内容を、地域の専門職に匿名で聞ける窓口があると利用しやすいです。 商店街周辺の母親からは、平日昼間に動きづらい人からも、情報の届き方に個人差があるため、対象者に届く案内方法も合わせて検討してほしいです。 補足として、説明会に来られない人の意見も集める工夫が必要です。,12歳,商店街周辺,母親,オンラインアンケート
966,引っ越してきて近所に知り合いがいないため、子ども同士の遊び場や保護者のつながりを作るきっかけが欲しいです。地域別の交流会があると参加しやすいです。 集合住宅エリアの父母からは、地域活動に関わる人からも、費用負担と手続きの分かりやすさが利用を左右するため、必要な人が使えなくならないよう段階的に見直してほしいです。 補足として、説明会に来られない人の意見も集める工夫が必要です。,6歳,集合住宅エリア,父母,対面ヒアリング
967,長期休みの預け先が毎年悩みです。学童だけでは時間や内容が合わない日もあるので、午前だけの体験教室や昼食付きの居場所が増えると助かります。 郊外の共働きからは、同じ立場の利用者からも、地区ごとの距離や交通手段の違いが大きいため、利用実績だけでなく困っている人の声も判断材料にしてほしいです。 補足として、説明会に来られない人の意見も集める工夫が必要です。,8歳,郊外,共働き,オンラインアンケート
968,学校に行き渋る日があり、家庭だけで抱えるには負担が大きいです。相談先はありますが、どこに連絡すべきか迷うので、最初の入口を分かりやすくしてほしいです。 住宅地の母親からは、別の地区の回答でも、急な予定変更に対応できるかが重要なため、変更後の問い合わせ先と代替手段を分かりやすく示してほしいです。 補足として、説明会に来られない人の意見も集める工夫が必要です。,11歳,住宅地,母親,窓口
969,転入後、医療機関や習い事、放課後の過ごし方など生活情報を一から探す必要がありました。行政の子育てページに地域マップがあると安心して動けます。 駅周辺の父親からは、説明会後の意見としても、家族に頼れない場合の選択肢が必要なため、関係する部署や地域団体と連携して改善してほしいです。 補足として、説明会に来られない人の意見も集める工夫が必要です。,7歳,駅周辺,父親,オンラインアンケート
970,高学年になると学童を嫌がる一方、家で一人にするのも心配です。自由に過ごせて大人の目もある放課後スペースがあれば、親子の衝突も減ると思います。 商店街周辺の共働きからは、家族や支援者の視点でも、窓口、紙、Webのどれでも確認できることが大切なため、具体的な運用条件まで示してほしいです。 補足として、説明会に来られない人の意見も集める工夫が必要です。,10歳,商店街周辺,共働き,オンラインアンケート
971,子どもの友人関係の悩みは、学校に伝えるほどか判断が難しく、相談が遅れがちです。保護者が気軽に話せる定期的な相談日やオンライン窓口があると助かります。 住宅地の母親からは、日常的に利用する人からも、実際の生活動線に合う運用でないと使い続けにくいため、地域別の影響を確認してから判断してほしいです。 補足として、説明会に来られない人の意見も集める工夫が必要です。,9歳,住宅地,母親,対面ヒアリング
972,地域のイベントは魅力的ですが、対象年齢や申込方法が分かりづらく、転入家庭には参加のハードルがあります。学校経由だけでなく、自治体LINEでも知らせてほしいです。 集合住宅エリアの父母からは、初めて制度を調べた人からも、利用する時間帯や曜日で困り方が変わるため、試行期間を設けて利用者の声を再確認してほしいです。 補足として、説明会に来られない人の意見も集める工夫が必要です。,8歳,集合住宅エリア,父母,LINE
973,一時預かりを使いたい日ほど予約が埋まっていて、前月から予定を決められない家庭には使いにくいです。空き状況をまとめて見られる仕組みがあると助かります。 駅周辺の母親からは、家族や支援者の視点でも、窓口、紙、Webのどれでも確認できることが大切なため、具体的な運用条件まで示してほしいです。 補足として、実際に使う場面を想定した例を複数示してほしいです。,1歳,駅周辺,母親,オンラインアンケート
974,子育て支援センターの雰囲気は良いのですが、初めて行く時に何を持って行けばいいか、予約が必要かが分かりにくく、行くまでに少し勇気が要りました。 住宅地の母親からは、日常的に利用する人からも、実際の生活動線に合う運用でないと使い続けにくいため、地域別の影響を確認してから判断してほしいです。 補足として、実際に使う場面を想定した例を複数示してほしいです。,0歳,住宅地,母親,窓口
975,近所に頼れる親族がいないため、短時間でも見てもらえる場所があると安心です。特に通院や上の子の用事で、2時間だけ預けたい場面がよくあります。 郊外の父母からは、初めて制度を調べた人からも、利用する時間帯や曜日で困り方が変わるため、試行期間を設けて利用者の声を再確認してほしいです。 補足として、実際に使う場面を想定した例を複数示してほしいです。,2歳,郊外,父母,オンラインアンケート
976,広報紙、LINE、ホームページで情報が分かれていて、結局どこを見れば最新なのか迷います。年齢別に必要な制度やイベントがまとまっていると探しやすいです。 駅周辺の母親からは、平日昼間に動きづらい人からも、情報の届き方に個人差があるため、対象者に届く案内方法も合わせて検討してほしいです。 補足として、実際に使う場面を想定した例を複数示してほしいです。,1歳,駅周辺,母親,LINE
977,産後しばらく外に出にくく、誰かに相談するほどではない悩みを抱えたまま過ごしていました。電話以外にチャットで軽く聞ける窓口があると利用しやすいです。 集合住宅エリアの母親からは、地域活動に関わる人からも、費用負担と手続きの分かりやすさが利用を左右するため、必要な人が使えなくならないよう段階的に見直してほしいです。 補足として、実際に使う場面を想定した例を複数示してほしいです。,0歳,集合住宅エリア,母親,オンラインアンケート
978,保育園に入る前の過ごし方について、園庭開放や親子教室の情報を探しましたが、開催日が施設ごとに違って見落としやすいです。月間カレンダーが欲しいです。 住宅地の父親からは、同じ立場の利用者からも、地区ごとの距離や交通手段の違いが大きいため、利用実績だけでなく困っている人の声も判断材料にしてほしいです。 補足として、実際に使う場面を想定した例を複数示してほしいです。,2歳,住宅地,父親,窓口
979,急な発熱後、登園できない期間に仕事ではなく家事や休息のためにも預け先が必要だと感じます。病児保育の条件や空きがもっと分かりやすいと安心です。 商店街周辺の母親からは、別の地区の回答でも、急な予定変更に対応できるかが重要なため、変更後の問い合わせ先と代替手段を分かりやすく示してほしいです。 補足として、実際に使う場面を想定した例を複数示してほしいです。,3歳,商店街周辺,母親,オンラインアンケート
980,子どもが人見知りで支援センターに行ってもすぐ帰ることがあり、相談員さんと話す時間までたどり着けません。予約制の個別相談が少し増えると助かります。 郊外の母親からは、説明会後の意見としても、家族に頼れない場合の選択肢が必要なため、関係する部署や地域団体と連携して改善してほしいです。 補足として、実際に使う場面を想定した例を複数示してほしいです。,1歳,郊外,母親,対面ヒアリング
981,土日に参加できる親子イベントが少なく、平日は家族の予定と合いません。父親も行きやすい時間帯の講座や遊び場があると、家庭内で育児を共有しやすいです。 駅周辺の父親からは、家族や支援者の視点でも、窓口、紙、Webのどれでも確認できることが大切なため、具体的な運用条件まで示してほしいです。 補足として、実際に使う場面を想定した例を複数示してほしいです。,2歳,駅周辺,父親,オンラインアンケート
982,離乳食や発達の相談先はあると聞きますが、困った時にすぐ名前が出てきません。母子手帳アプリなどから年齢に合わせて案内が届くと心強いです。 住宅地の母親からは、日常的に利用する人からも、実際の生活動線に合う運用でないと使い続けにくいため、地域別の影響を確認してから判断してほしいです。 補足として、実際に使う場面を想定した例を複数示してほしいです。,0歳,住宅地,母親,アプリ
983,雨の日や暑い日に行ける屋内の遊び場が限られていて、家にこもる日が続くと親子ともに煮詰まります。予約不要で短時間利用できる場所が増えてほしいです。 郊外の祖母同居からは、初めて制度を調べた人からも、利用する時間帯や曜日で困り方が変わるため、試行期間を設けて利用者の声を再確認してほしいです。 補足として、実際に使う場面を想定した例を複数示してほしいです。,3歳,郊外,祖母同居,オンラインアンケート
984,相談会の案内は見かけますが、悩みが深刻でないと行ってはいけない気がしてしまいます。雑談から入れる場や、同じ月齢の親同士がつながる機会があると嬉しいです。 集合住宅エリアの母親からは、平日昼間に動きづらい人からも、情報の届き方に個人差があるため、対象者に届く案内方法も合わせて検討してほしいです。 補足として、実際に使う場面を想定した例を複数示してほしいです。,1歳,集合住宅エリア,母親,対面ヒアリング
985,保育園のお迎え時間が勤務終了と合わず、延長保育を使っても毎日ぎりぎりです。駅近くに短時間だけ預けられる夕方の受け皿があると続けやすいです。 駅周辺の共働きからは、地域活動に関わる人からも、費用負担と手続きの分かりやすさが利用を左右するため、必要な人が使えなくならないよう段階的に見直してほしいです。 補足として、実際に使う場面を想定した例を複数示してほしいです。,4歳,駅周辺,共働き,オンラインアンケート
986,ひとり親向けの制度が複数ありますが、手当、就労支援、相談窓口が別々に載っていて全体像をつかみにくいです。状況を入力すると候補が出るページが欲しいです。 住宅地のひとり親からは、同じ立場の利用者からも、地区ごとの距離や交通手段の違いが大きいため、利用実績だけでなく困っている人の声も判断材料にしてほしいです。 補足として、実際に使う場面を想定した例を複数示してほしいです。,5歳,住宅地,ひとり親,窓口
987,シフト勤務なので、平日昼間の説明会や相談時間には行けません。夜間や土曜にオンラインで相談できれば、仕事を休まず必要な情報を確認できます。 商店街周辺の共働きからは、別の地区の回答でも、急な予定変更に対応できるかが重要なため、変更後の問い合わせ先と代替手段を分かりやすく示してほしいです。 補足として、実際に使う場面を想定した例を複数示してほしいです。,3歳,商店街周辺,共働き,オンラインアンケート
988,子どもの体調不良で急に休むたび、職場にも家庭にも負担を感じます。病児保育の予約方法が複雑なので、当日の流れや持ち物を一枚で確認できると助かります。 郊外の共働きからは、説明会後の意見としても、家族に頼れない場合の選択肢が必要なため、関係する部署や地域団体と連携して改善してほしいです。 補足として、実際に使う場面を想定した例を複数示してほしいです。,2歳,郊外,共働き,LINE
989,ファミリーサポートはありがたい制度ですが、登録説明会に参加する時間を作るのが難しいです。オンライン登録や面談枠の拡大があれば利用し始めやすいです。 駅周辺のひとり親からは、家族や支援者の視点でも、窓口、紙、Webのどれでも確認できることが大切なため、具体的な運用条件まで示してほしいです。 補足として、実際に使う場面を想定した例を複数示してほしいです。,6歳,駅周辺,ひとり親,オンラインアンケート
990,仕事と育児で日々を回すだけで精一杯で、困りごとを相談する余裕がありません。保育園や学校を通じて、必要な支援につながる声かけがあると孤立しにくいです。 住宅地の共働きからは、日常的に利用する人からも、実際の生活動線に合う運用でないと使い続けにくいため、地域別の影響を確認してから判断してほしいです。 補足として、実際に使う場面を想定した例を複数示してほしいです。,5歳,住宅地,共働き,対面ヒアリング
991,朝の登園前に急な会議が入ることがあり、早朝の預かりが少ないのが悩みです。7時前後から使える選択肢があるだけで、仕事の調整がかなり楽になります。 駅周辺の共働きからは、初めて制度を調べた人からも、利用する時間帯や曜日で困り方が変わるため、試行期間を設けて利用者の声を再確認してほしいです。 補足として、実際に使う場面を想定した例を複数示してほしいです。,4歳,駅周辺,共働き,オンラインアンケート
992,支援情報を探す時間が取れず、知っている人だけが制度を使えている印象があります。保育料通知や児童手当の案内と一緒に、関連支援も知らせてほしいです。 集合住宅エリアのひとり親からは、平日昼間に動きづらい人からも、情報の届き方に個人差があるため、対象者に届く案内方法も合わせて検討してほしいです。 補足として、実際に使う場面を想定した例を複数示してほしいです。,3歳,集合住宅エリア,ひとり親,郵送アンケート
993,残業が読めないため、学童や保育の締切時間に間に合うか毎日不安です。急な延長を相談できる仕組みや、近隣施設との連携があると安心して働けます。 郊外の共働きからは、地域活動に関わる人からも、費用負担と手続きの分かりやすさが利用を左右するため、必要な人が使えなくならないよう段階的に見直してほしいです。 補足として、実際に使う場面を想定した例を複数示してほしいです。,7歳,郊外,共働き,オンラインアンケート
994,子どもの発達について気になることがあっても、平日の専門相談は予約が先になりがちです。保護者が休みの日に相談できる枠が少しでもあると助かります。 住宅地の共働きからは、同じ立場の利用者からも、地区ごとの距離や交通手段の違いが大きいため、利用実績だけでなく困っている人の声も判断材料にしてほしいです。 補足として、実際に使う場面を想定した例を複数示してほしいです。,5歳,住宅地,共働き,窓口
995,ひとりで子どもを育てていると、行政の窓口に行くこと自体が大きな負担です。相談、申請、必要書類の確認を一度に進められる伴走型の窓口があると安心です。 商店街周辺のひとり親からは、別の地区の回答でも、急な予定変更に対応できるかが重要なため、変更後の問い合わせ先と代替手段を分かりやすく示してほしいです。 補足として、実際に使う場面を想定した例を複数示してほしいです。,4歳,商店街周辺,ひとり親,対面ヒアリング
996,休日出勤の日に預け先を探すのが一番大変です。通常保育とは別に、土日だけでも利用できる一時預かりや地域の見守りサービスが増えると助かります。 郊外の共働きからは、説明会後の意見としても、家族に頼れない場合の選択肢が必要なため、関係する部署や地域団体と連携して改善してほしいです。 補足として、実際に使う場面を想定した例を複数示してほしいです。,6歳,郊外,共働き,オンラインアンケート
997,小学校に入ると支援情報が急に少なく感じます。未就学児向けの案内は多いのに、放課後の居場所や学習支援、相談先を探すのに時間がかかりました。 住宅地の母親からは、家族や支援者の視点でも、窓口、紙、Webのどれでも確認できることが大切なため、具体的な運用条件まで示してほしいです。 補足として、実際に使う場面を想定した例を複数示してほしいです。,7歳,住宅地,母親,オンラインアンケート
998,転入してきたばかりで、学童の申込時期や地域の子ども会の情報を後から知りました。転入手続きの時に、子育て関連の一覧を渡してもらえると助かります。 駅周辺の父母からは、日常的に利用する人からも、実際の生活動線に合う運用でないと使い続けにくいため、地域別の影響を確認してから判断してほしいです。 補足として、実際に使う場面を想定した例を複数示してほしいです。,8歳,駅周辺,父母,窓口
999,放課後に安全に過ごせる場所が限られていて、学童に入れない日は不安です。高学年でも利用しやすい居場所や、宿題を見守ってくれる場があるとありがたいです。 郊外の共働きからは、初めて制度を調べた人からも、利用する時間帯や曜日で困り方が変わるため、試行期間を設けて利用者の声を再確認してほしいです。 補足として、実際に使う場面を想定した例を複数示してほしいです。,10歳,郊外,共働き,オンラインアンケート
1000,学校からのプリント、自治体サイト、地域のSNSで情報が散らばり、重要な締切を見落としそうになります。小学生向けの支援も一つのカレンダーで見たいです。 住宅地の母親からは、平日昼間に動きづらい人からも、情報の届き方に個人差があるため、対象者に届く案内方法も合わせて検討してほしいです。 補足として、実際に使う場面を想定した例を複数示してほしいです。,9歳,住宅地,母親,LINE
