id,comment,stakeholder,area,age_group,channel
1,駅前の病院へ行く便が昼前に集中しており、診察が長引くと帰りの足がなくなります。午後にも高齢者が安心して使える便を残してほしいです。,高齢者・免許返納者,郊外住宅地,70代,紙アンケート
2,免許を返してから買い物が一番困っています。週に数回でもスーパーと薬局を回る小型バスがあれば、家族に頼らず暮らせます。,高齢者・免許返納者,中山間地域,80代,民生委員聞き取り
3,予約制の乗合交通は便利そうですが、電話が混んでいると不安です。前日までに予約でき、変更も簡単に伝えられる仕組みにしてほしいです。,高齢者・免許返納者,農村集落,70代,電話相談
4,バス停まで歩く距離が長く、雨の日や冬場は転倒が心配です。集落内にもう少し細かく停車場所を設けるか、玄関先に近い乗降を検討してほしいです。,高齢者・免許返納者,山あい地区,80代,地域説明会
5,時刻表が変わっても掲示だけでは気づきません。自治会の回覧や広報紙で、乗り継ぎ例まで具体的に知らせてもらえると使いやすいです。,高齢者・免許返納者,旧市街,70代,紙アンケート
6,病院からコミュニティバスへ乗り継ぐ時間が短く、会計で少し遅れると一時間待ちになります。利用者の動きに合わせた余裕が必要です。,高齢者・免許返納者,中心市街地,80代,窓口投稿
7,家族が働いている時間帯に移動できないと、結局タクシー代が重くなります。少人数でも利用できる昼間の便を削りすぎないでください。,高齢者・免許返納者,郊外団地,70代,紙アンケート
8,スマートフォンで予約と言われても操作に自信がありません。電話、紙の申込、家族による代理予約など複数の方法を用意してほしいです。,高齢者・免許返納者,沿岸部,80代,地域説明会
9,朝の便は学生で混み、杖を持って立つのが怖い時があります。高齢者の通院時間と通学時間が重なりすぎない調整をお願いしたいです。,高齢者・免許返納者,駅周辺,70代,電話相談
10,バスが遅れているのか、もう通過したのか分からないことがあります。停留所や電話で現在の運行状況を確認できると安心して待てます。,高齢者・免許返納者,農村集落,70代,紙アンケート
11,免許返納後の割引制度はありがたいですが、どの路線で使えるのか分かりにくいです。制度と使い方を一枚で見られる案内がほしいです。,高齢者・免許返納者,中心市街地,80代,窓口投稿
12,買い物帰りは荷物が多く、乗り継ぎで長く歩くのが負担です。商業施設と自宅方面を結ぶ便は、短い距離でも直行に近い形が助かります。,高齢者・免許返納者,郊外住宅地,70代,民生委員聞き取り
13,朝のバスが一本遅れると始業に間に合いません。通勤時間帯だけでも本数を確保し、鉄道との接続を時刻表上で分かりやすくしてほしいです。,通勤通学者・保護者,駅周辺,40代,Webアンケート
14,子どもの部活後に帰れる便が少なく、迎えに行けない日は不安です。夕方以降の通学利用を想定した運行を見直してほしいです。,通勤通学者・保護者,郊外住宅地,40代,PTA経由
15,保育園の送迎と出勤を両立するには、バス停の位置と時刻が合いません。子育て世帯の移動経路も調査してルートを考えてほしいです。,通勤通学者・保護者,新興住宅地,30代,Webアンケート
16,乗り継ぎ前提でもよいですが、待ち時間が二十分を超えると車を選びます。主要停留所では接続便をそろえ、遅延時の扱いも決めてください。,通勤通学者・保護者,中心市街地,30代,Webアンケート
17,アプリで時刻検索できると助かりますが、学校から配られる紙の案内も必要です。家庭によって情報の受け取り方が違うことを考えてほしいです。,通勤通学者・保護者,学区全域,40代,PTA経由
18,雨の日は自転車通学ができず、バスに集中して乗り切れないことがあります。天候による需要増を見込んだ臨時便や混雑情報が必要です。,通勤通学者・保護者,郊外団地,10代,学校アンケート
19,予約型交通は柔軟ですが、通勤では毎回予約する手間が負担です。定期利用者向けに曜日固定の予約やキャンセル通知を整えてほしいです。,通勤通学者・保護者,農村集落,50代,Webアンケート
20,帰宅時間が残業で変わるため、最終便が早いと利用を諦めます。毎日でなくても、平日の夜に選択肢が残る運行にしてほしいです。,通勤通学者・保護者,工業団地周辺,30代,Webアンケート
21,高校への直通便がなく、乗り換えでかなり遠回りになります。生徒数の多い方面だけでも登下校時間に合わせた短絡ルートを検討してください。,通勤通学者・保護者,中山間地域,10代,学校アンケート
22,時刻表が複数の会社に分かれていて、初めて使う人には分かりません。市のサイトで目的地別に検索できる統一案内がほしいです。,通勤通学者・保護者,市内全域,40代,Webアンケート
23,子どもだけで乗る場合、予約型交通の乗車場所や運転手への伝え方が心配です。保護者へ事前に分かる確認通知を出してほしいです。,通勤通学者・保護者,郊外住宅地,30代,PTA経由
24,駅までの短い移動でも、朝は道路が混んでバスの時間が読めません。遅延を前提にした接続案内やリアルタイム表示を整備してください。,通勤通学者・保護者,駅周辺,50代,Webアンケート
25,商店街の利用者は高齢の方が多く、バスが減ると来店そのものが減ります。買い物時間帯に合わせた循環便を維持してほしいです。,地域事業者・自治会,商店街,60代,事業者ヒアリング
26,イベント開催日は通常の時刻表では来場者をさばけません。臨時便の予約方法や運行情報を、主催者と早めに共有できる仕組みが必要です。,地域事業者・自治会,中心市街地,50代,自治会会議
27,自治会で高齢者の外出支援をしていますが、運行変更の説明が遅いと住民に伝えきれません。地域単位の説明資料を早めに出してください。,地域事業者・自治会,農村集落,60代,自治会会議
28,デマンド交通を導入するなら、地域の集会所を予約相談の窓口にできます。ただし担当者だけに負担が集中しない運用設計が必要です。,地域事業者・自治会,山あい地区,60代,地域説明会
29,観光客が駅から店舗まで来る手段が少なく、週末だけでも接続が良くなれば回遊が増えます。観光施設との乗り継ぎを意識してほしいです。,地域事業者・自治会,観光地区,40代,事業者ヒアリング
30,朝夕だけでなく、昼の買い物時間帯に空白があると地域の店は利用されません。生活と商業の両方を支えるダイヤにしてほしいです。,地域事業者・自治会,旧市街,50代,事業者ヒアリング
31,地域内の停留所名が古い通称のままで、初めて来る人には場所が分かりません。地図、施設名、写真を組み合わせた案内に改善してください。,地域事業者・自治会,商店街,40代,Webアンケート
32,自治会で移動困難者を把握しても、個別送迎だけでは限界があります。公共交通と地域ボランティアが役割分担できる制度にしてほしいです。,地域事業者・自治会,郊外団地,70代,自治会会議
33,予約制にする場合、当日朝まで受け付けないと急な通院や買い物に対応できません。空き状況を地域でも確認できる方法があると助かります。,地域事業者・自治会,中山間地域,50代,地域説明会
34,工業団地の勤務交代時間と路線バスの時刻が合わず、従業員募集にも影響しています。企業側のシフト情報も聞いてダイヤを組んでください。,地域事業者・自治会,工業団地周辺,50代,事業者ヒアリング
35,地域の会合に来る人が、帰りの便を心配して参加を控えることがあります。夜間は多くなくてよいので、主要行事に合わせた便が必要です。,地域事業者・自治会,農村集落,60代,自治会会議
36,複数路線の乗り継ぎ拠点を作るなら、待合スペースや案内板も一体で整備してほしいです。単に乗り換え時間を短くするだけでは不十分です。,地域事業者・自治会,中心市街地,50代,地域説明会
37,駅前の病院へ行く便が昼前に集中しており、診察が長引くと帰りの足がなくなります。午後にも高齢者が安心して使える便を残してほしいです。 郊外住宅地の高齢者・免許返納者からは、別の地区の回答でも、急な予定変更に対応できるかが重要なため、変更後の問い合わせ先と代替手段を分かりやすく示してほしいです。,高齢者・免許返納者,郊外住宅地,70代,紙アンケート
38,免許を返してから買い物が一番困っています。週に数回でもスーパーと薬局を回る小型バスがあれば、家族に頼らず暮らせます。 中山間地域の高齢者・免許返納者からは、説明会後の意見としても、家族に頼れない場合の選択肢が必要なため、関係する部署や地域団体と連携して改善してほしいです。,高齢者・免許返納者,中山間地域,80代,民生委員聞き取り
39,予約制の乗合交通は便利そうですが、電話が混んでいると不安です。前日までに予約でき、変更も簡単に伝えられる仕組みにしてほしいです。 農村集落の高齢者・免許返納者からは、家族や支援者の視点でも、窓口、紙、Webのどれでも確認できることが大切なため、具体的な運用条件まで示してほしいです。,高齢者・免許返納者,農村集落,70代,電話相談
40,バス停まで歩く距離が長く、雨の日や冬場は転倒が心配です。集落内にもう少し細かく停車場所を設けるか、玄関先に近い乗降を検討してほしいです。 山あい地区の高齢者・免許返納者からは、日常的に利用する人からも、実際の生活動線に合う運用でないと使い続けにくいため、地域別の影響を確認してから判断してほしいです。,高齢者・免許返納者,山あい地区,80代,地域説明会
41,時刻表が変わっても掲示だけでは気づきません。自治会の回覧や広報紙で、乗り継ぎ例まで具体的に知らせてもらえると使いやすいです。 旧市街の高齢者・免許返納者からは、初めて制度を調べた人からも、利用する時間帯や曜日で困り方が変わるため、試行期間を設けて利用者の声を再確認してほしいです。,高齢者・免許返納者,旧市街,70代,紙アンケート
42,病院からコミュニティバスへ乗り継ぐ時間が短く、会計で少し遅れると一時間待ちになります。利用者の動きに合わせた余裕が必要です。 中心市街地の高齢者・免許返納者からは、平日昼間に動きづらい人からも、情報の届き方に個人差があるため、対象者に届く案内方法も合わせて検討してほしいです。,高齢者・免許返納者,中心市街地,80代,窓口投稿
43,家族が働いている時間帯に移動できないと、結局タクシー代が重くなります。少人数でも利用できる昼間の便を削りすぎないでください。 郊外団地の高齢者・免許返納者からは、地域活動に関わる人からも、費用負担と手続きの分かりやすさが利用を左右するため、必要な人が使えなくならないよう段階的に見直してほしいです。,高齢者・免許返納者,郊外団地,70代,紙アンケート
44,スマートフォンで予約と言われても操作に自信がありません。電話、紙の申込、家族による代理予約など複数の方法を用意してほしいです。 沿岸部の高齢者・免許返納者からは、同じ立場の利用者からも、地区ごとの距離や交通手段の違いが大きいため、利用実績だけでなく困っている人の声も判断材料にしてほしいです。,高齢者・免許返納者,沿岸部,80代,地域説明会
45,朝の便は学生で混み、杖を持って立つのが怖い時があります。高齢者の通院時間と通学時間が重なりすぎない調整をお願いしたいです。 駅周辺の高齢者・免許返納者からは、別の地区の回答でも、急な予定変更に対応できるかが重要なため、変更後の問い合わせ先と代替手段を分かりやすく示してほしいです。,高齢者・免許返納者,駅周辺,70代,電話相談
46,バスが遅れているのか、もう通過したのか分からないことがあります。停留所や電話で現在の運行状況を確認できると安心して待てます。 農村集落の高齢者・免許返納者からは、説明会後の意見としても、家族に頼れない場合の選択肢が必要なため、関係する部署や地域団体と連携して改善してほしいです。,高齢者・免許返納者,農村集落,70代,紙アンケート
47,免許返納後の割引制度はありがたいですが、どの路線で使えるのか分かりにくいです。制度と使い方を一枚で見られる案内がほしいです。 中心市街地の高齢者・免許返納者からは、家族や支援者の視点でも、窓口、紙、Webのどれでも確認できることが大切なため、具体的な運用条件まで示してほしいです。,高齢者・免許返納者,中心市街地,80代,窓口投稿
48,買い物帰りは荷物が多く、乗り継ぎで長く歩くのが負担です。商業施設と自宅方面を結ぶ便は、短い距離でも直行に近い形が助かります。 郊外住宅地の高齢者・免許返納者からは、日常的に利用する人からも、実際の生活動線に合う運用でないと使い続けにくいため、地域別の影響を確認してから判断してほしいです。,高齢者・免許返納者,郊外住宅地,70代,民生委員聞き取り
49,朝のバスが一本遅れると始業に間に合いません。通勤時間帯だけでも本数を確保し、鉄道との接続を時刻表上で分かりやすくしてほしいです。 駅周辺の通勤通学者・保護者からは、初めて制度を調べた人からも、利用する時間帯や曜日で困り方が変わるため、試行期間を設けて利用者の声を再確認してほしいです。,通勤通学者・保護者,駅周辺,40代,Webアンケート
50,子どもの部活後に帰れる便が少なく、迎えに行けない日は不安です。夕方以降の通学利用を想定した運行を見直してほしいです。 郊外住宅地の通勤通学者・保護者からは、平日昼間に動きづらい人からも、情報の届き方に個人差があるため、対象者に届く案内方法も合わせて検討してほしいです。,通勤通学者・保護者,郊外住宅地,40代,PTA経由
51,保育園の送迎と出勤を両立するには、バス停の位置と時刻が合いません。子育て世帯の移動経路も調査してルートを考えてほしいです。 新興住宅地の通勤通学者・保護者からは、地域活動に関わる人からも、費用負担と手続きの分かりやすさが利用を左右するため、必要な人が使えなくならないよう段階的に見直してほしいです。,通勤通学者・保護者,新興住宅地,30代,Webアンケート
52,乗り継ぎ前提でもよいですが、待ち時間が二十分を超えると車を選びます。主要停留所では接続便をそろえ、遅延時の扱いも決めてください。 中心市街地の通勤通学者・保護者からは、同じ立場の利用者からも、地区ごとの距離や交通手段の違いが大きいため、利用実績だけでなく困っている人の声も判断材料にしてほしいです。,通勤通学者・保護者,中心市街地,30代,Webアンケート
53,アプリで時刻検索できると助かりますが、学校から配られる紙の案内も必要です。家庭によって情報の受け取り方が違うことを考えてほしいです。 学区全域の通勤通学者・保護者からは、別の地区の回答でも、急な予定変更に対応できるかが重要なため、変更後の問い合わせ先と代替手段を分かりやすく示してほしいです。,通勤通学者・保護者,学区全域,40代,PTA経由
54,雨の日は自転車通学ができず、バスに集中して乗り切れないことがあります。天候による需要増を見込んだ臨時便や混雑情報が必要です。 郊外団地の通勤通学者・保護者からは、説明会後の意見としても、家族に頼れない場合の選択肢が必要なため、関係する部署や地域団体と連携して改善してほしいです。,通勤通学者・保護者,郊外団地,10代,学校アンケート
55,予約型交通は柔軟ですが、通勤では毎回予約する手間が負担です。定期利用者向けに曜日固定の予約やキャンセル通知を整えてほしいです。 農村集落の通勤通学者・保護者からは、家族や支援者の視点でも、窓口、紙、Webのどれでも確認できることが大切なため、具体的な運用条件まで示してほしいです。,通勤通学者・保護者,農村集落,50代,Webアンケート
56,帰宅時間が残業で変わるため、最終便が早いと利用を諦めます。毎日でなくても、平日の夜に選択肢が残る運行にしてほしいです。 工業団地周辺の通勤通学者・保護者からは、日常的に利用する人からも、実際の生活動線に合う運用でないと使い続けにくいため、地域別の影響を確認してから判断してほしいです。,通勤通学者・保護者,工業団地周辺,30代,Webアンケート
57,高校への直通便がなく、乗り換えでかなり遠回りになります。生徒数の多い方面だけでも登下校時間に合わせた短絡ルートを検討してください。 中山間地域の通勤通学者・保護者からは、初めて制度を調べた人からも、利用する時間帯や曜日で困り方が変わるため、試行期間を設けて利用者の声を再確認してほしいです。,通勤通学者・保護者,中山間地域,10代,学校アンケート
58,時刻表が複数の会社に分かれていて、初めて使う人には分かりません。市のサイトで目的地別に検索できる統一案内がほしいです。 市内全域の通勤通学者・保護者からは、平日昼間に動きづらい人からも、情報の届き方に個人差があるため、対象者に届く案内方法も合わせて検討してほしいです。,通勤通学者・保護者,市内全域,40代,Webアンケート
59,子どもだけで乗る場合、予約型交通の乗車場所や運転手への伝え方が心配です。保護者へ事前に分かる確認通知を出してほしいです。 郊外住宅地の通勤通学者・保護者からは、地域活動に関わる人からも、費用負担と手続きの分かりやすさが利用を左右するため、必要な人が使えなくならないよう段階的に見直してほしいです。,通勤通学者・保護者,郊外住宅地,30代,PTA経由
60,駅までの短い移動でも、朝は道路が混んでバスの時間が読めません。遅延を前提にした接続案内やリアルタイム表示を整備してください。 駅周辺の通勤通学者・保護者からは、同じ立場の利用者からも、地区ごとの距離や交通手段の違いが大きいため、利用実績だけでなく困っている人の声も判断材料にしてほしいです。,通勤通学者・保護者,駅周辺,50代,Webアンケート
61,商店街の利用者は高齢の方が多く、バスが減ると来店そのものが減ります。買い物時間帯に合わせた循環便を維持してほしいです。 商店街の地域事業者・自治会からは、別の地区の回答でも、急な予定変更に対応できるかが重要なため、変更後の問い合わせ先と代替手段を分かりやすく示してほしいです。,地域事業者・自治会,商店街,60代,事業者ヒアリング
62,イベント開催日は通常の時刻表では来場者をさばけません。臨時便の予約方法や運行情報を、主催者と早めに共有できる仕組みが必要です。 中心市街地の地域事業者・自治会からは、説明会後の意見としても、家族に頼れない場合の選択肢が必要なため、関係する部署や地域団体と連携して改善してほしいです。,地域事業者・自治会,中心市街地,50代,自治会会議
63,自治会で高齢者の外出支援をしていますが、運行変更の説明が遅いと住民に伝えきれません。地域単位の説明資料を早めに出してください。 農村集落の地域事業者・自治会からは、家族や支援者の視点でも、窓口、紙、Webのどれでも確認できることが大切なため、具体的な運用条件まで示してほしいです。,地域事業者・自治会,農村集落,60代,自治会会議
64,デマンド交通を導入するなら、地域の集会所を予約相談の窓口にできます。ただし担当者だけに負担が集中しない運用設計が必要です。 山あい地区の地域事業者・自治会からは、日常的に利用する人からも、実際の生活動線に合う運用でないと使い続けにくいため、地域別の影響を確認してから判断してほしいです。,地域事業者・自治会,山あい地区,60代,地域説明会
65,観光客が駅から店舗まで来る手段が少なく、週末だけでも接続が良くなれば回遊が増えます。観光施設との乗り継ぎを意識してほしいです。 観光地区の地域事業者・自治会からは、初めて制度を調べた人からも、利用する時間帯や曜日で困り方が変わるため、試行期間を設けて利用者の声を再確認してほしいです。,地域事業者・自治会,観光地区,40代,事業者ヒアリング
66,朝夕だけでなく、昼の買い物時間帯に空白があると地域の店は利用されません。生活と商業の両方を支えるダイヤにしてほしいです。 旧市街の地域事業者・自治会からは、平日昼間に動きづらい人からも、情報の届き方に個人差があるため、対象者に届く案内方法も合わせて検討してほしいです。,地域事業者・自治会,旧市街,50代,事業者ヒアリング
67,地域内の停留所名が古い通称のままで、初めて来る人には場所が分かりません。地図、施設名、写真を組み合わせた案内に改善してください。 商店街の地域事業者・自治会からは、地域活動に関わる人からも、費用負担と手続きの分かりやすさが利用を左右するため、必要な人が使えなくならないよう段階的に見直してほしいです。,地域事業者・自治会,商店街,40代,Webアンケート
68,自治会で移動困難者を把握しても、個別送迎だけでは限界があります。公共交通と地域ボランティアが役割分担できる制度にしてほしいです。 郊外団地の地域事業者・自治会からは、同じ立場の利用者からも、地区ごとの距離や交通手段の違いが大きいため、利用実績だけでなく困っている人の声も判断材料にしてほしいです。,地域事業者・自治会,郊外団地,70代,自治会会議
69,予約制にする場合、当日朝まで受け付けないと急な通院や買い物に対応できません。空き状況を地域でも確認できる方法があると助かります。 中山間地域の地域事業者・自治会からは、別の地区の回答でも、急な予定変更に対応できるかが重要なため、変更後の問い合わせ先と代替手段を分かりやすく示してほしいです。,地域事業者・自治会,中山間地域,50代,地域説明会
70,工業団地の勤務交代時間と路線バスの時刻が合わず、従業員募集にも影響しています。企業側のシフト情報も聞いてダイヤを組んでください。 工業団地周辺の地域事業者・自治会からは、説明会後の意見としても、家族に頼れない場合の選択肢が必要なため、関係する部署や地域団体と連携して改善してほしいです。,地域事業者・自治会,工業団地周辺,50代,事業者ヒアリング
71,地域の会合に来る人が、帰りの便を心配して参加を控えることがあります。夜間は多くなくてよいので、主要行事に合わせた便が必要です。 農村集落の地域事業者・自治会からは、家族や支援者の視点でも、窓口、紙、Webのどれでも確認できることが大切なため、具体的な運用条件まで示してほしいです。,地域事業者・自治会,農村集落,60代,自治会会議
72,複数路線の乗り継ぎ拠点を作るなら、待合スペースや案内板も一体で整備してほしいです。単に乗り換え時間を短くするだけでは不十分です。 中心市街地の地域事業者・自治会からは、日常的に利用する人からも、実際の生活動線に合う運用でないと使い続けにくいため、地域別の影響を確認してから判断してほしいです。,地域事業者・自治会,中心市街地,50代,地域説明会
73,駅前の病院へ行く便が昼前に集中しており、診察が長引くと帰りの足がなくなります。午後にも高齢者が安心して使える便を残してほしいです。 郊外住宅地の高齢者・免許返納者からは、説明会後の意見としても、家族に頼れない場合の選択肢が必要なため、関係する部署や地域団体と連携して改善してほしいです。,高齢者・免許返納者,郊外住宅地,70代,紙アンケート
74,免許を返してから買い物が一番困っています。週に数回でもスーパーと薬局を回る小型バスがあれば、家族に頼らず暮らせます。 中山間地域の高齢者・免許返納者からは、家族や支援者の視点でも、窓口、紙、Webのどれでも確認できることが大切なため、具体的な運用条件まで示してほしいです。,高齢者・免許返納者,中山間地域,80代,民生委員聞き取り
75,予約制の乗合交通は便利そうですが、電話が混んでいると不安です。前日までに予約でき、変更も簡単に伝えられる仕組みにしてほしいです。 農村集落の高齢者・免許返納者からは、日常的に利用する人からも、実際の生活動線に合う運用でないと使い続けにくいため、地域別の影響を確認してから判断してほしいです。,高齢者・免許返納者,農村集落,70代,電話相談
76,バス停まで歩く距離が長く、雨の日や冬場は転倒が心配です。集落内にもう少し細かく停車場所を設けるか、玄関先に近い乗降を検討してほしいです。 山あい地区の高齢者・免許返納者からは、初めて制度を調べた人からも、利用する時間帯や曜日で困り方が変わるため、試行期間を設けて利用者の声を再確認してほしいです。,高齢者・免許返納者,山あい地区,80代,地域説明会
77,時刻表が変わっても掲示だけでは気づきません。自治会の回覧や広報紙で、乗り継ぎ例まで具体的に知らせてもらえると使いやすいです。 旧市街の高齢者・免許返納者からは、平日昼間に動きづらい人からも、情報の届き方に個人差があるため、対象者に届く案内方法も合わせて検討してほしいです。,高齢者・免許返納者,旧市街,70代,紙アンケート
78,病院からコミュニティバスへ乗り継ぐ時間が短く、会計で少し遅れると一時間待ちになります。利用者の動きに合わせた余裕が必要です。 中心市街地の高齢者・免許返納者からは、地域活動に関わる人からも、費用負担と手続きの分かりやすさが利用を左右するため、必要な人が使えなくならないよう段階的に見直してほしいです。,高齢者・免許返納者,中心市街地,80代,窓口投稿
79,家族が働いている時間帯に移動できないと、結局タクシー代が重くなります。少人数でも利用できる昼間の便を削りすぎないでください。 郊外団地の高齢者・免許返納者からは、同じ立場の利用者からも、地区ごとの距離や交通手段の違いが大きいため、利用実績だけでなく困っている人の声も判断材料にしてほしいです。,高齢者・免許返納者,郊外団地,70代,紙アンケート
80,スマートフォンで予約と言われても操作に自信がありません。電話、紙の申込、家族による代理予約など複数の方法を用意してほしいです。 沿岸部の高齢者・免許返納者からは、別の地区の回答でも、急な予定変更に対応できるかが重要なため、変更後の問い合わせ先と代替手段を分かりやすく示してほしいです。,高齢者・免許返納者,沿岸部,80代,地域説明会
81,朝の便は学生で混み、杖を持って立つのが怖い時があります。高齢者の通院時間と通学時間が重なりすぎない調整をお願いしたいです。 駅周辺の高齢者・免許返納者からは、説明会後の意見としても、家族に頼れない場合の選択肢が必要なため、関係する部署や地域団体と連携して改善してほしいです。,高齢者・免許返納者,駅周辺,70代,電話相談
82,バスが遅れているのか、もう通過したのか分からないことがあります。停留所や電話で現在の運行状況を確認できると安心して待てます。 農村集落の高齢者・免許返納者からは、家族や支援者の視点でも、窓口、紙、Webのどれでも確認できることが大切なため、具体的な運用条件まで示してほしいです。,高齢者・免許返納者,農村集落,70代,紙アンケート
83,免許返納後の割引制度はありがたいですが、どの路線で使えるのか分かりにくいです。制度と使い方を一枚で見られる案内がほしいです。 中心市街地の高齢者・免許返納者からは、日常的に利用する人からも、実際の生活動線に合う運用でないと使い続けにくいため、地域別の影響を確認してから判断してほしいです。,高齢者・免許返納者,中心市街地,80代,窓口投稿
84,買い物帰りは荷物が多く、乗り継ぎで長く歩くのが負担です。商業施設と自宅方面を結ぶ便は、短い距離でも直行に近い形が助かります。 郊外住宅地の高齢者・免許返納者からは、初めて制度を調べた人からも、利用する時間帯や曜日で困り方が変わるため、試行期間を設けて利用者の声を再確認してほしいです。,高齢者・免許返納者,郊外住宅地,70代,民生委員聞き取り
85,朝のバスが一本遅れると始業に間に合いません。通勤時間帯だけでも本数を確保し、鉄道との接続を時刻表上で分かりやすくしてほしいです。 駅周辺の通勤通学者・保護者からは、平日昼間に動きづらい人からも、情報の届き方に個人差があるため、対象者に届く案内方法も合わせて検討してほしいです。,通勤通学者・保護者,駅周辺,40代,Webアンケート
86,子どもの部活後に帰れる便が少なく、迎えに行けない日は不安です。夕方以降の通学利用を想定した運行を見直してほしいです。 郊外住宅地の通勤通学者・保護者からは、地域活動に関わる人からも、費用負担と手続きの分かりやすさが利用を左右するため、必要な人が使えなくならないよう段階的に見直してほしいです。,通勤通学者・保護者,郊外住宅地,40代,PTA経由
87,保育園の送迎と出勤を両立するには、バス停の位置と時刻が合いません。子育て世帯の移動経路も調査してルートを考えてほしいです。 新興住宅地の通勤通学者・保護者からは、同じ立場の利用者からも、地区ごとの距離や交通手段の違いが大きいため、利用実績だけでなく困っている人の声も判断材料にしてほしいです。,通勤通学者・保護者,新興住宅地,30代,Webアンケート
88,乗り継ぎ前提でもよいですが、待ち時間が二十分を超えると車を選びます。主要停留所では接続便をそろえ、遅延時の扱いも決めてください。 中心市街地の通勤通学者・保護者からは、別の地区の回答でも、急な予定変更に対応できるかが重要なため、変更後の問い合わせ先と代替手段を分かりやすく示してほしいです。,通勤通学者・保護者,中心市街地,30代,Webアンケート
89,アプリで時刻検索できると助かりますが、学校から配られる紙の案内も必要です。家庭によって情報の受け取り方が違うことを考えてほしいです。 学区全域の通勤通学者・保護者からは、説明会後の意見としても、家族に頼れない場合の選択肢が必要なため、関係する部署や地域団体と連携して改善してほしいです。,通勤通学者・保護者,学区全域,40代,PTA経由
90,雨の日は自転車通学ができず、バスに集中して乗り切れないことがあります。天候による需要増を見込んだ臨時便や混雑情報が必要です。 郊外団地の通勤通学者・保護者からは、家族や支援者の視点でも、窓口、紙、Webのどれでも確認できることが大切なため、具体的な運用条件まで示してほしいです。,通勤通学者・保護者,郊外団地,10代,学校アンケート
91,予約型交通は柔軟ですが、通勤では毎回予約する手間が負担です。定期利用者向けに曜日固定の予約やキャンセル通知を整えてほしいです。 農村集落の通勤通学者・保護者からは、日常的に利用する人からも、実際の生活動線に合う運用でないと使い続けにくいため、地域別の影響を確認してから判断してほしいです。,通勤通学者・保護者,農村集落,50代,Webアンケート
92,帰宅時間が残業で変わるため、最終便が早いと利用を諦めます。毎日でなくても、平日の夜に選択肢が残る運行にしてほしいです。 工業団地周辺の通勤通学者・保護者からは、初めて制度を調べた人からも、利用する時間帯や曜日で困り方が変わるため、試行期間を設けて利用者の声を再確認してほしいです。,通勤通学者・保護者,工業団地周辺,30代,Webアンケート
93,高校への直通便がなく、乗り換えでかなり遠回りになります。生徒数の多い方面だけでも登下校時間に合わせた短絡ルートを検討してください。 中山間地域の通勤通学者・保護者からは、平日昼間に動きづらい人からも、情報の届き方に個人差があるため、対象者に届く案内方法も合わせて検討してほしいです。,通勤通学者・保護者,中山間地域,10代,学校アンケート
94,時刻表が複数の会社に分かれていて、初めて使う人には分かりません。市のサイトで目的地別に検索できる統一案内がほしいです。 市内全域の通勤通学者・保護者からは、地域活動に関わる人からも、費用負担と手続きの分かりやすさが利用を左右するため、必要な人が使えなくならないよう段階的に見直してほしいです。,通勤通学者・保護者,市内全域,40代,Webアンケート
95,子どもだけで乗る場合、予約型交通の乗車場所や運転手への伝え方が心配です。保護者へ事前に分かる確認通知を出してほしいです。 郊外住宅地の通勤通学者・保護者からは、同じ立場の利用者からも、地区ごとの距離や交通手段の違いが大きいため、利用実績だけでなく困っている人の声も判断材料にしてほしいです。,通勤通学者・保護者,郊外住宅地,30代,PTA経由
96,駅までの短い移動でも、朝は道路が混んでバスの時間が読めません。遅延を前提にした接続案内やリアルタイム表示を整備してください。 駅周辺の通勤通学者・保護者からは、別の地区の回答でも、急な予定変更に対応できるかが重要なため、変更後の問い合わせ先と代替手段を分かりやすく示してほしいです。,通勤通学者・保護者,駅周辺,50代,Webアンケート
97,商店街の利用者は高齢の方が多く、バスが減ると来店そのものが減ります。買い物時間帯に合わせた循環便を維持してほしいです。 商店街の地域事業者・自治会からは、説明会後の意見としても、家族に頼れない場合の選択肢が必要なため、関係する部署や地域団体と連携して改善してほしいです。,地域事業者・自治会,商店街,60代,事業者ヒアリング
98,イベント開催日は通常の時刻表では来場者をさばけません。臨時便の予約方法や運行情報を、主催者と早めに共有できる仕組みが必要です。 中心市街地の地域事業者・自治会からは、家族や支援者の視点でも、窓口、紙、Webのどれでも確認できることが大切なため、具体的な運用条件まで示してほしいです。,地域事業者・自治会,中心市街地,50代,自治会会議
99,自治会で高齢者の外出支援をしていますが、運行変更の説明が遅いと住民に伝えきれません。地域単位の説明資料を早めに出してください。 農村集落の地域事業者・自治会からは、日常的に利用する人からも、実際の生活動線に合う運用でないと使い続けにくいため、地域別の影響を確認してから判断してほしいです。,地域事業者・自治会,農村集落,60代,自治会会議
100,デマンド交通を導入するなら、地域の集会所を予約相談の窓口にできます。ただし担当者だけに負担が集中しない運用設計が必要です。 山あい地区の地域事業者・自治会からは、初めて制度を調べた人からも、利用する時間帯や曜日で困り方が変わるため、試行期間を設けて利用者の声を再確認してほしいです。,地域事業者・自治会,山あい地区,60代,地域説明会
101,観光客が駅から店舗まで来る手段が少なく、週末だけでも接続が良くなれば回遊が増えます。観光施設との乗り継ぎを意識してほしいです。 観光地区の地域事業者・自治会からは、平日昼間に動きづらい人からも、情報の届き方に個人差があるため、対象者に届く案内方法も合わせて検討してほしいです。,地域事業者・自治会,観光地区,40代,事業者ヒアリング
102,朝夕だけでなく、昼の買い物時間帯に空白があると地域の店は利用されません。生活と商業の両方を支えるダイヤにしてほしいです。 旧市街の地域事業者・自治会からは、地域活動に関わる人からも、費用負担と手続きの分かりやすさが利用を左右するため、必要な人が使えなくならないよう段階的に見直してほしいです。,地域事業者・自治会,旧市街,50代,事業者ヒアリング
103,地域内の停留所名が古い通称のままで、初めて来る人には場所が分かりません。地図、施設名、写真を組み合わせた案内に改善してください。 商店街の地域事業者・自治会からは、同じ立場の利用者からも、地区ごとの距離や交通手段の違いが大きいため、利用実績だけでなく困っている人の声も判断材料にしてほしいです。,地域事業者・自治会,商店街,40代,Webアンケート
104,自治会で移動困難者を把握しても、個別送迎だけでは限界があります。公共交通と地域ボランティアが役割分担できる制度にしてほしいです。 郊外団地の地域事業者・自治会からは、別の地区の回答でも、急な予定変更に対応できるかが重要なため、変更後の問い合わせ先と代替手段を分かりやすく示してほしいです。,地域事業者・自治会,郊外団地,70代,自治会会議
105,予約制にする場合、当日朝まで受け付けないと急な通院や買い物に対応できません。空き状況を地域でも確認できる方法があると助かります。 中山間地域の地域事業者・自治会からは、説明会後の意見としても、家族に頼れない場合の選択肢が必要なため、関係する部署や地域団体と連携して改善してほしいです。,地域事業者・自治会,中山間地域,50代,地域説明会
106,工業団地の勤務交代時間と路線バスの時刻が合わず、従業員募集にも影響しています。企業側のシフト情報も聞いてダイヤを組んでください。 工業団地周辺の地域事業者・自治会からは、家族や支援者の視点でも、窓口、紙、Webのどれでも確認できることが大切なため、具体的な運用条件まで示してほしいです。,地域事業者・自治会,工業団地周辺,50代,事業者ヒアリング
107,地域の会合に来る人が、帰りの便を心配して参加を控えることがあります。夜間は多くなくてよいので、主要行事に合わせた便が必要です。 農村集落の地域事業者・自治会からは、日常的に利用する人からも、実際の生活動線に合う運用でないと使い続けにくいため、地域別の影響を確認してから判断してほしいです。,地域事業者・自治会,農村集落,60代,自治会会議
108,複数路線の乗り継ぎ拠点を作るなら、待合スペースや案内板も一体で整備してほしいです。単に乗り換え時間を短くするだけでは不十分です。 中心市街地の地域事業者・自治会からは、初めて制度を調べた人からも、利用する時間帯や曜日で困り方が変わるため、試行期間を設けて利用者の声を再確認してほしいです。,地域事業者・自治会,中心市街地,50代,地域説明会
109,駅前の病院へ行く便が昼前に集中しており、診察が長引くと帰りの足がなくなります。午後にも高齢者が安心して使える便を残してほしいです。 郊外住宅地の高齢者・免許返納者からは、家族や支援者の視点でも、窓口、紙、Webのどれでも確認できることが大切なため、具体的な運用条件まで示してほしいです。,高齢者・免許返納者,郊外住宅地,70代,紙アンケート
110,免許を返してから買い物が一番困っています。週に数回でもスーパーと薬局を回る小型バスがあれば、家族に頼らず暮らせます。 中山間地域の高齢者・免許返納者からは、日常的に利用する人からも、実際の生活動線に合う運用でないと使い続けにくいため、地域別の影響を確認してから判断してほしいです。,高齢者・免許返納者,中山間地域,80代,民生委員聞き取り
111,予約制の乗合交通は便利そうですが、電話が混んでいると不安です。前日までに予約でき、変更も簡単に伝えられる仕組みにしてほしいです。 農村集落の高齢者・免許返納者からは、初めて制度を調べた人からも、利用する時間帯や曜日で困り方が変わるため、試行期間を設けて利用者の声を再確認してほしいです。,高齢者・免許返納者,農村集落,70代,電話相談
112,バス停まで歩く距離が長く、雨の日や冬場は転倒が心配です。集落内にもう少し細かく停車場所を設けるか、玄関先に近い乗降を検討してほしいです。 山あい地区の高齢者・免許返納者からは、平日昼間に動きづらい人からも、情報の届き方に個人差があるため、対象者に届く案内方法も合わせて検討してほしいです。,高齢者・免許返納者,山あい地区,80代,地域説明会
113,時刻表が変わっても掲示だけでは気づきません。自治会の回覧や広報紙で、乗り継ぎ例まで具体的に知らせてもらえると使いやすいです。 旧市街の高齢者・免許返納者からは、地域活動に関わる人からも、費用負担と手続きの分かりやすさが利用を左右するため、必要な人が使えなくならないよう段階的に見直してほしいです。,高齢者・免許返納者,旧市街,70代,紙アンケート
114,病院からコミュニティバスへ乗り継ぐ時間が短く、会計で少し遅れると一時間待ちになります。利用者の動きに合わせた余裕が必要です。 中心市街地の高齢者・免許返納者からは、同じ立場の利用者からも、地区ごとの距離や交通手段の違いが大きいため、利用実績だけでなく困っている人の声も判断材料にしてほしいです。,高齢者・免許返納者,中心市街地,80代,窓口投稿
115,家族が働いている時間帯に移動できないと、結局タクシー代が重くなります。少人数でも利用できる昼間の便を削りすぎないでください。 郊外団地の高齢者・免許返納者からは、別の地区の回答でも、急な予定変更に対応できるかが重要なため、変更後の問い合わせ先と代替手段を分かりやすく示してほしいです。,高齢者・免許返納者,郊外団地,70代,紙アンケート
116,スマートフォンで予約と言われても操作に自信がありません。電話、紙の申込、家族による代理予約など複数の方法を用意してほしいです。 沿岸部の高齢者・免許返納者からは、説明会後の意見としても、家族に頼れない場合の選択肢が必要なため、関係する部署や地域団体と連携して改善してほしいです。,高齢者・免許返納者,沿岸部,80代,地域説明会
117,朝の便は学生で混み、杖を持って立つのが怖い時があります。高齢者の通院時間と通学時間が重なりすぎない調整をお願いしたいです。 駅周辺の高齢者・免許返納者からは、家族や支援者の視点でも、窓口、紙、Webのどれでも確認できることが大切なため、具体的な運用条件まで示してほしいです。,高齢者・免許返納者,駅周辺,70代,電話相談
118,バスが遅れているのか、もう通過したのか分からないことがあります。停留所や電話で現在の運行状況を確認できると安心して待てます。 農村集落の高齢者・免許返納者からは、日常的に利用する人からも、実際の生活動線に合う運用でないと使い続けにくいため、地域別の影響を確認してから判断してほしいです。,高齢者・免許返納者,農村集落,70代,紙アンケート
119,免許返納後の割引制度はありがたいですが、どの路線で使えるのか分かりにくいです。制度と使い方を一枚で見られる案内がほしいです。 中心市街地の高齢者・免許返納者からは、初めて制度を調べた人からも、利用する時間帯や曜日で困り方が変わるため、試行期間を設けて利用者の声を再確認してほしいです。,高齢者・免許返納者,中心市街地,80代,窓口投稿
120,買い物帰りは荷物が多く、乗り継ぎで長く歩くのが負担です。商業施設と自宅方面を結ぶ便は、短い距離でも直行に近い形が助かります。 郊外住宅地の高齢者・免許返納者からは、平日昼間に動きづらい人からも、情報の届き方に個人差があるため、対象者に届く案内方法も合わせて検討してほしいです。,高齢者・免許返納者,郊外住宅地,70代,民生委員聞き取り
121,朝のバスが一本遅れると始業に間に合いません。通勤時間帯だけでも本数を確保し、鉄道との接続を時刻表上で分かりやすくしてほしいです。 駅周辺の通勤通学者・保護者からは、地域活動に関わる人からも、費用負担と手続きの分かりやすさが利用を左右するため、必要な人が使えなくならないよう段階的に見直してほしいです。,通勤通学者・保護者,駅周辺,40代,Webアンケート
122,子どもの部活後に帰れる便が少なく、迎えに行けない日は不安です。夕方以降の通学利用を想定した運行を見直してほしいです。 郊外住宅地の通勤通学者・保護者からは、同じ立場の利用者からも、地区ごとの距離や交通手段の違いが大きいため、利用実績だけでなく困っている人の声も判断材料にしてほしいです。,通勤通学者・保護者,郊外住宅地,40代,PTA経由
123,保育園の送迎と出勤を両立するには、バス停の位置と時刻が合いません。子育て世帯の移動経路も調査してルートを考えてほしいです。 新興住宅地の通勤通学者・保護者からは、別の地区の回答でも、急な予定変更に対応できるかが重要なため、変更後の問い合わせ先と代替手段を分かりやすく示してほしいです。,通勤通学者・保護者,新興住宅地,30代,Webアンケート
124,乗り継ぎ前提でもよいですが、待ち時間が二十分を超えると車を選びます。主要停留所では接続便をそろえ、遅延時の扱いも決めてください。 中心市街地の通勤通学者・保護者からは、説明会後の意見としても、家族に頼れない場合の選択肢が必要なため、関係する部署や地域団体と連携して改善してほしいです。,通勤通学者・保護者,中心市街地,30代,Webアンケート
125,アプリで時刻検索できると助かりますが、学校から配られる紙の案内も必要です。家庭によって情報の受け取り方が違うことを考えてほしいです。 学区全域の通勤通学者・保護者からは、家族や支援者の視点でも、窓口、紙、Webのどれでも確認できることが大切なため、具体的な運用条件まで示してほしいです。,通勤通学者・保護者,学区全域,40代,PTA経由
126,雨の日は自転車通学ができず、バスに集中して乗り切れないことがあります。天候による需要増を見込んだ臨時便や混雑情報が必要です。 郊外団地の通勤通学者・保護者からは、日常的に利用する人からも、実際の生活動線に合う運用でないと使い続けにくいため、地域別の影響を確認してから判断してほしいです。,通勤通学者・保護者,郊外団地,10代,学校アンケート
127,予約型交通は柔軟ですが、通勤では毎回予約する手間が負担です。定期利用者向けに曜日固定の予約やキャンセル通知を整えてほしいです。 農村集落の通勤通学者・保護者からは、初めて制度を調べた人からも、利用する時間帯や曜日で困り方が変わるため、試行期間を設けて利用者の声を再確認してほしいです。,通勤通学者・保護者,農村集落,50代,Webアンケート
128,帰宅時間が残業で変わるため、最終便が早いと利用を諦めます。毎日でなくても、平日の夜に選択肢が残る運行にしてほしいです。 工業団地周辺の通勤通学者・保護者からは、平日昼間に動きづらい人からも、情報の届き方に個人差があるため、対象者に届く案内方法も合わせて検討してほしいです。,通勤通学者・保護者,工業団地周辺,30代,Webアンケート
129,高校への直通便がなく、乗り換えでかなり遠回りになります。生徒数の多い方面だけでも登下校時間に合わせた短絡ルートを検討してください。 中山間地域の通勤通学者・保護者からは、地域活動に関わる人からも、費用負担と手続きの分かりやすさが利用を左右するため、必要な人が使えなくならないよう段階的に見直してほしいです。,通勤通学者・保護者,中山間地域,10代,学校アンケート
130,時刻表が複数の会社に分かれていて、初めて使う人には分かりません。市のサイトで目的地別に検索できる統一案内がほしいです。 市内全域の通勤通学者・保護者からは、同じ立場の利用者からも、地区ごとの距離や交通手段の違いが大きいため、利用実績だけでなく困っている人の声も判断材料にしてほしいです。,通勤通学者・保護者,市内全域,40代,Webアンケート
131,子どもだけで乗る場合、予約型交通の乗車場所や運転手への伝え方が心配です。保護者へ事前に分かる確認通知を出してほしいです。 郊外住宅地の通勤通学者・保護者からは、別の地区の回答でも、急な予定変更に対応できるかが重要なため、変更後の問い合わせ先と代替手段を分かりやすく示してほしいです。,通勤通学者・保護者,郊外住宅地,30代,PTA経由
132,駅までの短い移動でも、朝は道路が混んでバスの時間が読めません。遅延を前提にした接続案内やリアルタイム表示を整備してください。 駅周辺の通勤通学者・保護者からは、説明会後の意見としても、家族に頼れない場合の選択肢が必要なため、関係する部署や地域団体と連携して改善してほしいです。,通勤通学者・保護者,駅周辺,50代,Webアンケート
133,商店街の利用者は高齢の方が多く、バスが減ると来店そのものが減ります。買い物時間帯に合わせた循環便を維持してほしいです。 商店街の地域事業者・自治会からは、家族や支援者の視点でも、窓口、紙、Webのどれでも確認できることが大切なため、具体的な運用条件まで示してほしいです。,地域事業者・自治会,商店街,60代,事業者ヒアリング
134,イベント開催日は通常の時刻表では来場者をさばけません。臨時便の予約方法や運行情報を、主催者と早めに共有できる仕組みが必要です。 中心市街地の地域事業者・自治会からは、日常的に利用する人からも、実際の生活動線に合う運用でないと使い続けにくいため、地域別の影響を確認してから判断してほしいです。,地域事業者・自治会,中心市街地,50代,自治会会議
135,自治会で高齢者の外出支援をしていますが、運行変更の説明が遅いと住民に伝えきれません。地域単位の説明資料を早めに出してください。 農村集落の地域事業者・自治会からは、初めて制度を調べた人からも、利用する時間帯や曜日で困り方が変わるため、試行期間を設けて利用者の声を再確認してほしいです。,地域事業者・自治会,農村集落,60代,自治会会議
136,デマンド交通を導入するなら、地域の集会所を予約相談の窓口にできます。ただし担当者だけに負担が集中しない運用設計が必要です。 山あい地区の地域事業者・自治会からは、平日昼間に動きづらい人からも、情報の届き方に個人差があるため、対象者に届く案内方法も合わせて検討してほしいです。,地域事業者・自治会,山あい地区,60代,地域説明会
137,観光客が駅から店舗まで来る手段が少なく、週末だけでも接続が良くなれば回遊が増えます。観光施設との乗り継ぎを意識してほしいです。 観光地区の地域事業者・自治会からは、地域活動に関わる人からも、費用負担と手続きの分かりやすさが利用を左右するため、必要な人が使えなくならないよう段階的に見直してほしいです。,地域事業者・自治会,観光地区,40代,事業者ヒアリング
138,朝夕だけでなく、昼の買い物時間帯に空白があると地域の店は利用されません。生活と商業の両方を支えるダイヤにしてほしいです。 旧市街の地域事業者・自治会からは、同じ立場の利用者からも、地区ごとの距離や交通手段の違いが大きいため、利用実績だけでなく困っている人の声も判断材料にしてほしいです。,地域事業者・自治会,旧市街,50代,事業者ヒアリング
139,地域内の停留所名が古い通称のままで、初めて来る人には場所が分かりません。地図、施設名、写真を組み合わせた案内に改善してください。 商店街の地域事業者・自治会からは、別の地区の回答でも、急な予定変更に対応できるかが重要なため、変更後の問い合わせ先と代替手段を分かりやすく示してほしいです。,地域事業者・自治会,商店街,40代,Webアンケート
140,自治会で移動困難者を把握しても、個別送迎だけでは限界があります。公共交通と地域ボランティアが役割分担できる制度にしてほしいです。 郊外団地の地域事業者・自治会からは、説明会後の意見としても、家族に頼れない場合の選択肢が必要なため、関係する部署や地域団体と連携して改善してほしいです。,地域事業者・自治会,郊外団地,70代,自治会会議
141,予約制にする場合、当日朝まで受け付けないと急な通院や買い物に対応できません。空き状況を地域でも確認できる方法があると助かります。 中山間地域の地域事業者・自治会からは、家族や支援者の視点でも、窓口、紙、Webのどれでも確認できることが大切なため、具体的な運用条件まで示してほしいです。,地域事業者・自治会,中山間地域,50代,地域説明会
142,工業団地の勤務交代時間と路線バスの時刻が合わず、従業員募集にも影響しています。企業側のシフト情報も聞いてダイヤを組んでください。 工業団地周辺の地域事業者・自治会からは、日常的に利用する人からも、実際の生活動線に合う運用でないと使い続けにくいため、地域別の影響を確認してから判断してほしいです。,地域事業者・自治会,工業団地周辺,50代,事業者ヒアリング
143,地域の会合に来る人が、帰りの便を心配して参加を控えることがあります。夜間は多くなくてよいので、主要行事に合わせた便が必要です。 農村集落の地域事業者・自治会からは、初めて制度を調べた人からも、利用する時間帯や曜日で困り方が変わるため、試行期間を設けて利用者の声を再確認してほしいです。,地域事業者・自治会,農村集落,60代,自治会会議
144,複数路線の乗り継ぎ拠点を作るなら、待合スペースや案内板も一体で整備してほしいです。単に乗り換え時間を短くするだけでは不十分です。 中心市街地の地域事業者・自治会からは、平日昼間に動きづらい人からも、情報の届き方に個人差があるため、対象者に届く案内方法も合わせて検討してほしいです。,地域事業者・自治会,中心市街地,50代,地域説明会
145,駅前の病院へ行く便が昼前に集中しており、診察が長引くと帰りの足がなくなります。午後にも高齢者が安心して使える便を残してほしいです。 郊外住宅地の高齢者・免許返納者からは、日常的に利用する人からも、実際の生活動線に合う運用でないと使い続けにくいため、地域別の影響を確認してから判断してほしいです。,高齢者・免許返納者,郊外住宅地,70代,紙アンケート
146,免許を返してから買い物が一番困っています。週に数回でもスーパーと薬局を回る小型バスがあれば、家族に頼らず暮らせます。 中山間地域の高齢者・免許返納者からは、初めて制度を調べた人からも、利用する時間帯や曜日で困り方が変わるため、試行期間を設けて利用者の声を再確認してほしいです。,高齢者・免許返納者,中山間地域,80代,民生委員聞き取り
147,予約制の乗合交通は便利そうですが、電話が混んでいると不安です。前日までに予約でき、変更も簡単に伝えられる仕組みにしてほしいです。 農村集落の高齢者・免許返納者からは、平日昼間に動きづらい人からも、情報の届き方に個人差があるため、対象者に届く案内方法も合わせて検討してほしいです。,高齢者・免許返納者,農村集落,70代,電話相談
148,バス停まで歩く距離が長く、雨の日や冬場は転倒が心配です。集落内にもう少し細かく停車場所を設けるか、玄関先に近い乗降を検討してほしいです。 山あい地区の高齢者・免許返納者からは、地域活動に関わる人からも、費用負担と手続きの分かりやすさが利用を左右するため、必要な人が使えなくならないよう段階的に見直してほしいです。,高齢者・免許返納者,山あい地区,80代,地域説明会
149,時刻表が変わっても掲示だけでは気づきません。自治会の回覧や広報紙で、乗り継ぎ例まで具体的に知らせてもらえると使いやすいです。 旧市街の高齢者・免許返納者からは、同じ立場の利用者からも、地区ごとの距離や交通手段の違いが大きいため、利用実績だけでなく困っている人の声も判断材料にしてほしいです。,高齢者・免許返納者,旧市街,70代,紙アンケート
150,病院からコミュニティバスへ乗り継ぐ時間が短く、会計で少し遅れると一時間待ちになります。利用者の動きに合わせた余裕が必要です。 中心市街地の高齢者・免許返納者からは、別の地区の回答でも、急な予定変更に対応できるかが重要なため、変更後の問い合わせ先と代替手段を分かりやすく示してほしいです。,高齢者・免許返納者,中心市街地,80代,窓口投稿
151,家族が働いている時間帯に移動できないと、結局タクシー代が重くなります。少人数でも利用できる昼間の便を削りすぎないでください。 郊外団地の高齢者・免許返納者からは、説明会後の意見としても、家族に頼れない場合の選択肢が必要なため、関係する部署や地域団体と連携して改善してほしいです。,高齢者・免許返納者,郊外団地,70代,紙アンケート
152,スマートフォンで予約と言われても操作に自信がありません。電話、紙の申込、家族による代理予約など複数の方法を用意してほしいです。 沿岸部の高齢者・免許返納者からは、家族や支援者の視点でも、窓口、紙、Webのどれでも確認できることが大切なため、具体的な運用条件まで示してほしいです。,高齢者・免許返納者,沿岸部,80代,地域説明会
153,朝の便は学生で混み、杖を持って立つのが怖い時があります。高齢者の通院時間と通学時間が重なりすぎない調整をお願いしたいです。 駅周辺の高齢者・免許返納者からは、日常的に利用する人からも、実際の生活動線に合う運用でないと使い続けにくいため、地域別の影響を確認してから判断してほしいです。,高齢者・免許返納者,駅周辺,70代,電話相談
154,バスが遅れているのか、もう通過したのか分からないことがあります。停留所や電話で現在の運行状況を確認できると安心して待てます。 農村集落の高齢者・免許返納者からは、初めて制度を調べた人からも、利用する時間帯や曜日で困り方が変わるため、試行期間を設けて利用者の声を再確認してほしいです。,高齢者・免許返納者,農村集落,70代,紙アンケート
155,免許返納後の割引制度はありがたいですが、どの路線で使えるのか分かりにくいです。制度と使い方を一枚で見られる案内がほしいです。 中心市街地の高齢者・免許返納者からは、平日昼間に動きづらい人からも、情報の届き方に個人差があるため、対象者に届く案内方法も合わせて検討してほしいです。,高齢者・免許返納者,中心市街地,80代,窓口投稿
156,買い物帰りは荷物が多く、乗り継ぎで長く歩くのが負担です。商業施設と自宅方面を結ぶ便は、短い距離でも直行に近い形が助かります。 郊外住宅地の高齢者・免許返納者からは、地域活動に関わる人からも、費用負担と手続きの分かりやすさが利用を左右するため、必要な人が使えなくならないよう段階的に見直してほしいです。,高齢者・免許返納者,郊外住宅地,70代,民生委員聞き取り
157,朝のバスが一本遅れると始業に間に合いません。通勤時間帯だけでも本数を確保し、鉄道との接続を時刻表上で分かりやすくしてほしいです。 駅周辺の通勤通学者・保護者からは、同じ立場の利用者からも、地区ごとの距離や交通手段の違いが大きいため、利用実績だけでなく困っている人の声も判断材料にしてほしいです。,通勤通学者・保護者,駅周辺,40代,Webアンケート
158,子どもの部活後に帰れる便が少なく、迎えに行けない日は不安です。夕方以降の通学利用を想定した運行を見直してほしいです。 郊外住宅地の通勤通学者・保護者からは、別の地区の回答でも、急な予定変更に対応できるかが重要なため、変更後の問い合わせ先と代替手段を分かりやすく示してほしいです。,通勤通学者・保護者,郊外住宅地,40代,PTA経由
159,保育園の送迎と出勤を両立するには、バス停の位置と時刻が合いません。子育て世帯の移動経路も調査してルートを考えてほしいです。 新興住宅地の通勤通学者・保護者からは、説明会後の意見としても、家族に頼れない場合の選択肢が必要なため、関係する部署や地域団体と連携して改善してほしいです。,通勤通学者・保護者,新興住宅地,30代,Webアンケート
160,乗り継ぎ前提でもよいですが、待ち時間が二十分を超えると車を選びます。主要停留所では接続便をそろえ、遅延時の扱いも決めてください。 中心市街地の通勤通学者・保護者からは、家族や支援者の視点でも、窓口、紙、Webのどれでも確認できることが大切なため、具体的な運用条件まで示してほしいです。,通勤通学者・保護者,中心市街地,30代,Webアンケート
161,アプリで時刻検索できると助かりますが、学校から配られる紙の案内も必要です。家庭によって情報の受け取り方が違うことを考えてほしいです。 学区全域の通勤通学者・保護者からは、日常的に利用する人からも、実際の生活動線に合う運用でないと使い続けにくいため、地域別の影響を確認してから判断してほしいです。,通勤通学者・保護者,学区全域,40代,PTA経由
162,雨の日は自転車通学ができず、バスに集中して乗り切れないことがあります。天候による需要増を見込んだ臨時便や混雑情報が必要です。 郊外団地の通勤通学者・保護者からは、初めて制度を調べた人からも、利用する時間帯や曜日で困り方が変わるため、試行期間を設けて利用者の声を再確認してほしいです。,通勤通学者・保護者,郊外団地,10代,学校アンケート
163,予約型交通は柔軟ですが、通勤では毎回予約する手間が負担です。定期利用者向けに曜日固定の予約やキャンセル通知を整えてほしいです。 農村集落の通勤通学者・保護者からは、平日昼間に動きづらい人からも、情報の届き方に個人差があるため、対象者に届く案内方法も合わせて検討してほしいです。,通勤通学者・保護者,農村集落,50代,Webアンケート
164,帰宅時間が残業で変わるため、最終便が早いと利用を諦めます。毎日でなくても、平日の夜に選択肢が残る運行にしてほしいです。 工業団地周辺の通勤通学者・保護者からは、地域活動に関わる人からも、費用負担と手続きの分かりやすさが利用を左右するため、必要な人が使えなくならないよう段階的に見直してほしいです。,通勤通学者・保護者,工業団地周辺,30代,Webアンケート
165,高校への直通便がなく、乗り換えでかなり遠回りになります。生徒数の多い方面だけでも登下校時間に合わせた短絡ルートを検討してください。 中山間地域の通勤通学者・保護者からは、同じ立場の利用者からも、地区ごとの距離や交通手段の違いが大きいため、利用実績だけでなく困っている人の声も判断材料にしてほしいです。,通勤通学者・保護者,中山間地域,10代,学校アンケート
166,時刻表が複数の会社に分かれていて、初めて使う人には分かりません。市のサイトで目的地別に検索できる統一案内がほしいです。 市内全域の通勤通学者・保護者からは、別の地区の回答でも、急な予定変更に対応できるかが重要なため、変更後の問い合わせ先と代替手段を分かりやすく示してほしいです。,通勤通学者・保護者,市内全域,40代,Webアンケート
167,子どもだけで乗る場合、予約型交通の乗車場所や運転手への伝え方が心配です。保護者へ事前に分かる確認通知を出してほしいです。 郊外住宅地の通勤通学者・保護者からは、説明会後の意見としても、家族に頼れない場合の選択肢が必要なため、関係する部署や地域団体と連携して改善してほしいです。,通勤通学者・保護者,郊外住宅地,30代,PTA経由
168,駅までの短い移動でも、朝は道路が混んでバスの時間が読めません。遅延を前提にした接続案内やリアルタイム表示を整備してください。 駅周辺の通勤通学者・保護者からは、家族や支援者の視点でも、窓口、紙、Webのどれでも確認できることが大切なため、具体的な運用条件まで示してほしいです。,通勤通学者・保護者,駅周辺,50代,Webアンケート
169,商店街の利用者は高齢の方が多く、バスが減ると来店そのものが減ります。買い物時間帯に合わせた循環便を維持してほしいです。 商店街の地域事業者・自治会からは、日常的に利用する人からも、実際の生活動線に合う運用でないと使い続けにくいため、地域別の影響を確認してから判断してほしいです。,地域事業者・自治会,商店街,60代,事業者ヒアリング
170,イベント開催日は通常の時刻表では来場者をさばけません。臨時便の予約方法や運行情報を、主催者と早めに共有できる仕組みが必要です。 中心市街地の地域事業者・自治会からは、初めて制度を調べた人からも、利用する時間帯や曜日で困り方が変わるため、試行期間を設けて利用者の声を再確認してほしいです。,地域事業者・自治会,中心市街地,50代,自治会会議
171,自治会で高齢者の外出支援をしていますが、運行変更の説明が遅いと住民に伝えきれません。地域単位の説明資料を早めに出してください。 農村集落の地域事業者・自治会からは、平日昼間に動きづらい人からも、情報の届き方に個人差があるため、対象者に届く案内方法も合わせて検討してほしいです。,地域事業者・自治会,農村集落,60代,自治会会議
172,デマンド交通を導入するなら、地域の集会所を予約相談の窓口にできます。ただし担当者だけに負担が集中しない運用設計が必要です。 山あい地区の地域事業者・自治会からは、地域活動に関わる人からも、費用負担と手続きの分かりやすさが利用を左右するため、必要な人が使えなくならないよう段階的に見直してほしいです。,地域事業者・自治会,山あい地区,60代,地域説明会
173,観光客が駅から店舗まで来る手段が少なく、週末だけでも接続が良くなれば回遊が増えます。観光施設との乗り継ぎを意識してほしいです。 観光地区の地域事業者・自治会からは、同じ立場の利用者からも、地区ごとの距離や交通手段の違いが大きいため、利用実績だけでなく困っている人の声も判断材料にしてほしいです。,地域事業者・自治会,観光地区,40代,事業者ヒアリング
174,朝夕だけでなく、昼の買い物時間帯に空白があると地域の店は利用されません。生活と商業の両方を支えるダイヤにしてほしいです。 旧市街の地域事業者・自治会からは、別の地区の回答でも、急な予定変更に対応できるかが重要なため、変更後の問い合わせ先と代替手段を分かりやすく示してほしいです。,地域事業者・自治会,旧市街,50代,事業者ヒアリング
175,地域内の停留所名が古い通称のままで、初めて来る人には場所が分かりません。地図、施設名、写真を組み合わせた案内に改善してください。 商店街の地域事業者・自治会からは、説明会後の意見としても、家族に頼れない場合の選択肢が必要なため、関係する部署や地域団体と連携して改善してほしいです。,地域事業者・自治会,商店街,40代,Webアンケート
176,自治会で移動困難者を把握しても、個別送迎だけでは限界があります。公共交通と地域ボランティアが役割分担できる制度にしてほしいです。 郊外団地の地域事業者・自治会からは、家族や支援者の視点でも、窓口、紙、Webのどれでも確認できることが大切なため、具体的な運用条件まで示してほしいです。,地域事業者・自治会,郊外団地,70代,自治会会議
177,予約制にする場合、当日朝まで受け付けないと急な通院や買い物に対応できません。空き状況を地域でも確認できる方法があると助かります。 中山間地域の地域事業者・自治会からは、日常的に利用する人からも、実際の生活動線に合う運用でないと使い続けにくいため、地域別の影響を確認してから判断してほしいです。,地域事業者・自治会,中山間地域,50代,地域説明会
178,工業団地の勤務交代時間と路線バスの時刻が合わず、従業員募集にも影響しています。企業側のシフト情報も聞いてダイヤを組んでください。 工業団地周辺の地域事業者・自治会からは、初めて制度を調べた人からも、利用する時間帯や曜日で困り方が変わるため、試行期間を設けて利用者の声を再確認してほしいです。,地域事業者・自治会,工業団地周辺,50代,事業者ヒアリング
179,地域の会合に来る人が、帰りの便を心配して参加を控えることがあります。夜間は多くなくてよいので、主要行事に合わせた便が必要です。 農村集落の地域事業者・自治会からは、平日昼間に動きづらい人からも、情報の届き方に個人差があるため、対象者に届く案内方法も合わせて検討してほしいです。,地域事業者・自治会,農村集落,60代,自治会会議
180,複数路線の乗り継ぎ拠点を作るなら、待合スペースや案内板も一体で整備してほしいです。単に乗り換え時間を短くするだけでは不十分です。 中心市街地の地域事業者・自治会からは、地域活動に関わる人からも、費用負担と手続きの分かりやすさが利用を左右するため、必要な人が使えなくならないよう段階的に見直してほしいです。,地域事業者・自治会,中心市街地,50代,地域説明会
181,駅前の病院へ行く便が昼前に集中しており、診察が長引くと帰りの足がなくなります。午後にも高齢者が安心して使える便を残してほしいです。 郊外住宅地の高齢者・免許返納者からは、初めて制度を調べた人からも、利用する時間帯や曜日で困り方が変わるため、試行期間を設けて利用者の声を再確認してほしいです。,高齢者・免許返納者,郊外住宅地,70代,紙アンケート
182,免許を返してから買い物が一番困っています。週に数回でもスーパーと薬局を回る小型バスがあれば、家族に頼らず暮らせます。 中山間地域の高齢者・免許返納者からは、平日昼間に動きづらい人からも、情報の届き方に個人差があるため、対象者に届く案内方法も合わせて検討してほしいです。,高齢者・免許返納者,中山間地域,80代,民生委員聞き取り
183,予約制の乗合交通は便利そうですが、電話が混んでいると不安です。前日までに予約でき、変更も簡単に伝えられる仕組みにしてほしいです。 農村集落の高齢者・免許返納者からは、地域活動に関わる人からも、費用負担と手続きの分かりやすさが利用を左右するため、必要な人が使えなくならないよう段階的に見直してほしいです。,高齢者・免許返納者,農村集落,70代,電話相談
184,バス停まで歩く距離が長く、雨の日や冬場は転倒が心配です。集落内にもう少し細かく停車場所を設けるか、玄関先に近い乗降を検討してほしいです。 山あい地区の高齢者・免許返納者からは、同じ立場の利用者からも、地区ごとの距離や交通手段の違いが大きいため、利用実績だけでなく困っている人の声も判断材料にしてほしいです。,高齢者・免許返納者,山あい地区,80代,地域説明会
185,時刻表が変わっても掲示だけでは気づきません。自治会の回覧や広報紙で、乗り継ぎ例まで具体的に知らせてもらえると使いやすいです。 旧市街の高齢者・免許返納者からは、別の地区の回答でも、急な予定変更に対応できるかが重要なため、変更後の問い合わせ先と代替手段を分かりやすく示してほしいです。,高齢者・免許返納者,旧市街,70代,紙アンケート
186,病院からコミュニティバスへ乗り継ぐ時間が短く、会計で少し遅れると一時間待ちになります。利用者の動きに合わせた余裕が必要です。 中心市街地の高齢者・免許返納者からは、説明会後の意見としても、家族に頼れない場合の選択肢が必要なため、関係する部署や地域団体と連携して改善してほしいです。,高齢者・免許返納者,中心市街地,80代,窓口投稿
187,家族が働いている時間帯に移動できないと、結局タクシー代が重くなります。少人数でも利用できる昼間の便を削りすぎないでください。 郊外団地の高齢者・免許返納者からは、家族や支援者の視点でも、窓口、紙、Webのどれでも確認できることが大切なため、具体的な運用条件まで示してほしいです。,高齢者・免許返納者,郊外団地,70代,紙アンケート
188,スマートフォンで予約と言われても操作に自信がありません。電話、紙の申込、家族による代理予約など複数の方法を用意してほしいです。 沿岸部の高齢者・免許返納者からは、日常的に利用する人からも、実際の生活動線に合う運用でないと使い続けにくいため、地域別の影響を確認してから判断してほしいです。,高齢者・免許返納者,沿岸部,80代,地域説明会
189,朝の便は学生で混み、杖を持って立つのが怖い時があります。高齢者の通院時間と通学時間が重なりすぎない調整をお願いしたいです。 駅周辺の高齢者・免許返納者からは、初めて制度を調べた人からも、利用する時間帯や曜日で困り方が変わるため、試行期間を設けて利用者の声を再確認してほしいです。,高齢者・免許返納者,駅周辺,70代,電話相談
190,バスが遅れているのか、もう通過したのか分からないことがあります。停留所や電話で現在の運行状況を確認できると安心して待てます。 農村集落の高齢者・免許返納者からは、平日昼間に動きづらい人からも、情報の届き方に個人差があるため、対象者に届く案内方法も合わせて検討してほしいです。,高齢者・免許返納者,農村集落,70代,紙アンケート
191,免許返納後の割引制度はありがたいですが、どの路線で使えるのか分かりにくいです。制度と使い方を一枚で見られる案内がほしいです。 中心市街地の高齢者・免許返納者からは、地域活動に関わる人からも、費用負担と手続きの分かりやすさが利用を左右するため、必要な人が使えなくならないよう段階的に見直してほしいです。,高齢者・免許返納者,中心市街地,80代,窓口投稿
192,買い物帰りは荷物が多く、乗り継ぎで長く歩くのが負担です。商業施設と自宅方面を結ぶ便は、短い距離でも直行に近い形が助かります。 郊外住宅地の高齢者・免許返納者からは、同じ立場の利用者からも、地区ごとの距離や交通手段の違いが大きいため、利用実績だけでなく困っている人の声も判断材料にしてほしいです。,高齢者・免許返納者,郊外住宅地,70代,民生委員聞き取り
193,朝のバスが一本遅れると始業に間に合いません。通勤時間帯だけでも本数を確保し、鉄道との接続を時刻表上で分かりやすくしてほしいです。 駅周辺の通勤通学者・保護者からは、別の地区の回答でも、急な予定変更に対応できるかが重要なため、変更後の問い合わせ先と代替手段を分かりやすく示してほしいです。,通勤通学者・保護者,駅周辺,40代,Webアンケート
194,子どもの部活後に帰れる便が少なく、迎えに行けない日は不安です。夕方以降の通学利用を想定した運行を見直してほしいです。 郊外住宅地の通勤通学者・保護者からは、説明会後の意見としても、家族に頼れない場合の選択肢が必要なため、関係する部署や地域団体と連携して改善してほしいです。,通勤通学者・保護者,郊外住宅地,40代,PTA経由
195,保育園の送迎と出勤を両立するには、バス停の位置と時刻が合いません。子育て世帯の移動経路も調査してルートを考えてほしいです。 新興住宅地の通勤通学者・保護者からは、家族や支援者の視点でも、窓口、紙、Webのどれでも確認できることが大切なため、具体的な運用条件まで示してほしいです。,通勤通学者・保護者,新興住宅地,30代,Webアンケート
196,乗り継ぎ前提でもよいですが、待ち時間が二十分を超えると車を選びます。主要停留所では接続便をそろえ、遅延時の扱いも決めてください。 中心市街地の通勤通学者・保護者からは、日常的に利用する人からも、実際の生活動線に合う運用でないと使い続けにくいため、地域別の影響を確認してから判断してほしいです。,通勤通学者・保護者,中心市街地,30代,Webアンケート
197,アプリで時刻検索できると助かりますが、学校から配られる紙の案内も必要です。家庭によって情報の受け取り方が違うことを考えてほしいです。 学区全域の通勤通学者・保護者からは、初めて制度を調べた人からも、利用する時間帯や曜日で困り方が変わるため、試行期間を設けて利用者の声を再確認してほしいです。,通勤通学者・保護者,学区全域,40代,PTA経由
198,雨の日は自転車通学ができず、バスに集中して乗り切れないことがあります。天候による需要増を見込んだ臨時便や混雑情報が必要です。 郊外団地の通勤通学者・保護者からは、平日昼間に動きづらい人からも、情報の届き方に個人差があるため、対象者に届く案内方法も合わせて検討してほしいです。,通勤通学者・保護者,郊外団地,10代,学校アンケート
199,予約型交通は柔軟ですが、通勤では毎回予約する手間が負担です。定期利用者向けに曜日固定の予約やキャンセル通知を整えてほしいです。 農村集落の通勤通学者・保護者からは、地域活動に関わる人からも、費用負担と手続きの分かりやすさが利用を左右するため、必要な人が使えなくならないよう段階的に見直してほしいです。,通勤通学者・保護者,農村集落,50代,Webアンケート
200,帰宅時間が残業で変わるため、最終便が早いと利用を諦めます。毎日でなくても、平日の夜に選択肢が残る運行にしてほしいです。 工業団地周辺の通勤通学者・保護者からは、同じ立場の利用者からも、地区ごとの距離や交通手段の違いが大きいため、利用実績だけでなく困っている人の声も判断材料にしてほしいです。,通勤通学者・保護者,工業団地周辺,30代,Webアンケート
201,高校への直通便がなく、乗り換えでかなり遠回りになります。生徒数の多い方面だけでも登下校時間に合わせた短絡ルートを検討してください。 中山間地域の通勤通学者・保護者からは、別の地区の回答でも、急な予定変更に対応できるかが重要なため、変更後の問い合わせ先と代替手段を分かりやすく示してほしいです。,通勤通学者・保護者,中山間地域,10代,学校アンケート
202,時刻表が複数の会社に分かれていて、初めて使う人には分かりません。市のサイトで目的地別に検索できる統一案内がほしいです。 市内全域の通勤通学者・保護者からは、説明会後の意見としても、家族に頼れない場合の選択肢が必要なため、関係する部署や地域団体と連携して改善してほしいです。,通勤通学者・保護者,市内全域,40代,Webアンケート
203,子どもだけで乗る場合、予約型交通の乗車場所や運転手への伝え方が心配です。保護者へ事前に分かる確認通知を出してほしいです。 郊外住宅地の通勤通学者・保護者からは、家族や支援者の視点でも、窓口、紙、Webのどれでも確認できることが大切なため、具体的な運用条件まで示してほしいです。,通勤通学者・保護者,郊外住宅地,30代,PTA経由
204,駅までの短い移動でも、朝は道路が混んでバスの時間が読めません。遅延を前提にした接続案内やリアルタイム表示を整備してください。 駅周辺の通勤通学者・保護者からは、日常的に利用する人からも、実際の生活動線に合う運用でないと使い続けにくいため、地域別の影響を確認してから判断してほしいです。,通勤通学者・保護者,駅周辺,50代,Webアンケート
205,商店街の利用者は高齢の方が多く、バスが減ると来店そのものが減ります。買い物時間帯に合わせた循環便を維持してほしいです。 商店街の地域事業者・自治会からは、初めて制度を調べた人からも、利用する時間帯や曜日で困り方が変わるため、試行期間を設けて利用者の声を再確認してほしいです。,地域事業者・自治会,商店街,60代,事業者ヒアリング
206,イベント開催日は通常の時刻表では来場者をさばけません。臨時便の予約方法や運行情報を、主催者と早めに共有できる仕組みが必要です。 中心市街地の地域事業者・自治会からは、平日昼間に動きづらい人からも、情報の届き方に個人差があるため、対象者に届く案内方法も合わせて検討してほしいです。,地域事業者・自治会,中心市街地,50代,自治会会議
207,自治会で高齢者の外出支援をしていますが、運行変更の説明が遅いと住民に伝えきれません。地域単位の説明資料を早めに出してください。 農村集落の地域事業者・自治会からは、地域活動に関わる人からも、費用負担と手続きの分かりやすさが利用を左右するため、必要な人が使えなくならないよう段階的に見直してほしいです。,地域事業者・自治会,農村集落,60代,自治会会議
208,デマンド交通を導入するなら、地域の集会所を予約相談の窓口にできます。ただし担当者だけに負担が集中しない運用設計が必要です。 山あい地区の地域事業者・自治会からは、同じ立場の利用者からも、地区ごとの距離や交通手段の違いが大きいため、利用実績だけでなく困っている人の声も判断材料にしてほしいです。,地域事業者・自治会,山あい地区,60代,地域説明会
209,観光客が駅から店舗まで来る手段が少なく、週末だけでも接続が良くなれば回遊が増えます。観光施設との乗り継ぎを意識してほしいです。 観光地区の地域事業者・自治会からは、別の地区の回答でも、急な予定変更に対応できるかが重要なため、変更後の問い合わせ先と代替手段を分かりやすく示してほしいです。,地域事業者・自治会,観光地区,40代,事業者ヒアリング
210,朝夕だけでなく、昼の買い物時間帯に空白があると地域の店は利用されません。生活と商業の両方を支えるダイヤにしてほしいです。 旧市街の地域事業者・自治会からは、説明会後の意見としても、家族に頼れない場合の選択肢が必要なため、関係する部署や地域団体と連携して改善してほしいです。,地域事業者・自治会,旧市街,50代,事業者ヒアリング
211,地域内の停留所名が古い通称のままで、初めて来る人には場所が分かりません。地図、施設名、写真を組み合わせた案内に改善してください。 商店街の地域事業者・自治会からは、家族や支援者の視点でも、窓口、紙、Webのどれでも確認できることが大切なため、具体的な運用条件まで示してほしいです。,地域事業者・自治会,商店街,40代,Webアンケート
212,自治会で移動困難者を把握しても、個別送迎だけでは限界があります。公共交通と地域ボランティアが役割分担できる制度にしてほしいです。 郊外団地の地域事業者・自治会からは、日常的に利用する人からも、実際の生活動線に合う運用でないと使い続けにくいため、地域別の影響を確認してから判断してほしいです。,地域事業者・自治会,郊外団地,70代,自治会会議
213,予約制にする場合、当日朝まで受け付けないと急な通院や買い物に対応できません。空き状況を地域でも確認できる方法があると助かります。 中山間地域の地域事業者・自治会からは、初めて制度を調べた人からも、利用する時間帯や曜日で困り方が変わるため、試行期間を設けて利用者の声を再確認してほしいです。,地域事業者・自治会,中山間地域,50代,地域説明会
214,工業団地の勤務交代時間と路線バスの時刻が合わず、従業員募集にも影響しています。企業側のシフト情報も聞いてダイヤを組んでください。 工業団地周辺の地域事業者・自治会からは、平日昼間に動きづらい人からも、情報の届き方に個人差があるため、対象者に届く案内方法も合わせて検討してほしいです。,地域事業者・自治会,工業団地周辺,50代,事業者ヒアリング
215,地域の会合に来る人が、帰りの便を心配して参加を控えることがあります。夜間は多くなくてよいので、主要行事に合わせた便が必要です。 農村集落の地域事業者・自治会からは、地域活動に関わる人からも、費用負担と手続きの分かりやすさが利用を左右するため、必要な人が使えなくならないよう段階的に見直してほしいです。,地域事業者・自治会,農村集落,60代,自治会会議
216,複数路線の乗り継ぎ拠点を作るなら、待合スペースや案内板も一体で整備してほしいです。単に乗り換え時間を短くするだけでは不十分です。 中心市街地の地域事業者・自治会からは、同じ立場の利用者からも、地区ごとの距離や交通手段の違いが大きいため、利用実績だけでなく困っている人の声も判断材料にしてほしいです。,地域事業者・自治会,中心市街地,50代,地域説明会
217,駅前の病院へ行く便が昼前に集中しており、診察が長引くと帰りの足がなくなります。午後にも高齢者が安心して使える便を残してほしいです。 郊外住宅地の高齢者・免許返納者からは、平日昼間に動きづらい人からも、情報の届き方に個人差があるため、対象者に届く案内方法も合わせて検討してほしいです。,高齢者・免許返納者,郊外住宅地,70代,紙アンケート
218,免許を返してから買い物が一番困っています。週に数回でもスーパーと薬局を回る小型バスがあれば、家族に頼らず暮らせます。 中山間地域の高齢者・免許返納者からは、地域活動に関わる人からも、費用負担と手続きの分かりやすさが利用を左右するため、必要な人が使えなくならないよう段階的に見直してほしいです。,高齢者・免許返納者,中山間地域,80代,民生委員聞き取り
219,予約制の乗合交通は便利そうですが、電話が混んでいると不安です。前日までに予約でき、変更も簡単に伝えられる仕組みにしてほしいです。 農村集落の高齢者・免許返納者からは、同じ立場の利用者からも、地区ごとの距離や交通手段の違いが大きいため、利用実績だけでなく困っている人の声も判断材料にしてほしいです。,高齢者・免許返納者,農村集落,70代,電話相談
220,バス停まで歩く距離が長く、雨の日や冬場は転倒が心配です。集落内にもう少し細かく停車場所を設けるか、玄関先に近い乗降を検討してほしいです。 山あい地区の高齢者・免許返納者からは、別の地区の回答でも、急な予定変更に対応できるかが重要なため、変更後の問い合わせ先と代替手段を分かりやすく示してほしいです。,高齢者・免許返納者,山あい地区,80代,地域説明会
221,時刻表が変わっても掲示だけでは気づきません。自治会の回覧や広報紙で、乗り継ぎ例まで具体的に知らせてもらえると使いやすいです。 旧市街の高齢者・免許返納者からは、説明会後の意見としても、家族に頼れない場合の選択肢が必要なため、関係する部署や地域団体と連携して改善してほしいです。,高齢者・免許返納者,旧市街,70代,紙アンケート
222,病院からコミュニティバスへ乗り継ぐ時間が短く、会計で少し遅れると一時間待ちになります。利用者の動きに合わせた余裕が必要です。 中心市街地の高齢者・免許返納者からは、家族や支援者の視点でも、窓口、紙、Webのどれでも確認できることが大切なため、具体的な運用条件まで示してほしいです。,高齢者・免許返納者,中心市街地,80代,窓口投稿
223,家族が働いている時間帯に移動できないと、結局タクシー代が重くなります。少人数でも利用できる昼間の便を削りすぎないでください。 郊外団地の高齢者・免許返納者からは、日常的に利用する人からも、実際の生活動線に合う運用でないと使い続けにくいため、地域別の影響を確認してから判断してほしいです。,高齢者・免許返納者,郊外団地,70代,紙アンケート
224,スマートフォンで予約と言われても操作に自信がありません。電話、紙の申込、家族による代理予約など複数の方法を用意してほしいです。 沿岸部の高齢者・免許返納者からは、初めて制度を調べた人からも、利用する時間帯や曜日で困り方が変わるため、試行期間を設けて利用者の声を再確認してほしいです。,高齢者・免許返納者,沿岸部,80代,地域説明会
225,朝の便は学生で混み、杖を持って立つのが怖い時があります。高齢者の通院時間と通学時間が重なりすぎない調整をお願いしたいです。 駅周辺の高齢者・免許返納者からは、平日昼間に動きづらい人からも、情報の届き方に個人差があるため、対象者に届く案内方法も合わせて検討してほしいです。,高齢者・免許返納者,駅周辺,70代,電話相談
226,バスが遅れているのか、もう通過したのか分からないことがあります。停留所や電話で現在の運行状況を確認できると安心して待てます。 農村集落の高齢者・免許返納者からは、地域活動に関わる人からも、費用負担と手続きの分かりやすさが利用を左右するため、必要な人が使えなくならないよう段階的に見直してほしいです。,高齢者・免許返納者,農村集落,70代,紙アンケート
227,免許返納後の割引制度はありがたいですが、どの路線で使えるのか分かりにくいです。制度と使い方を一枚で見られる案内がほしいです。 中心市街地の高齢者・免許返納者からは、同じ立場の利用者からも、地区ごとの距離や交通手段の違いが大きいため、利用実績だけでなく困っている人の声も判断材料にしてほしいです。,高齢者・免許返納者,中心市街地,80代,窓口投稿
228,買い物帰りは荷物が多く、乗り継ぎで長く歩くのが負担です。商業施設と自宅方面を結ぶ便は、短い距離でも直行に近い形が助かります。 郊外住宅地の高齢者・免許返納者からは、別の地区の回答でも、急な予定変更に対応できるかが重要なため、変更後の問い合わせ先と代替手段を分かりやすく示してほしいです。,高齢者・免許返納者,郊外住宅地,70代,民生委員聞き取り
229,朝のバスが一本遅れると始業に間に合いません。通勤時間帯だけでも本数を確保し、鉄道との接続を時刻表上で分かりやすくしてほしいです。 駅周辺の通勤通学者・保護者からは、説明会後の意見としても、家族に頼れない場合の選択肢が必要なため、関係する部署や地域団体と連携して改善してほしいです。,通勤通学者・保護者,駅周辺,40代,Webアンケート
230,子どもの部活後に帰れる便が少なく、迎えに行けない日は不安です。夕方以降の通学利用を想定した運行を見直してほしいです。 郊外住宅地の通勤通学者・保護者からは、家族や支援者の視点でも、窓口、紙、Webのどれでも確認できることが大切なため、具体的な運用条件まで示してほしいです。,通勤通学者・保護者,郊外住宅地,40代,PTA経由
231,保育園の送迎と出勤を両立するには、バス停の位置と時刻が合いません。子育て世帯の移動経路も調査してルートを考えてほしいです。 新興住宅地の通勤通学者・保護者からは、日常的に利用する人からも、実際の生活動線に合う運用でないと使い続けにくいため、地域別の影響を確認してから判断してほしいです。,通勤通学者・保護者,新興住宅地,30代,Webアンケート
232,乗り継ぎ前提でもよいですが、待ち時間が二十分を超えると車を選びます。主要停留所では接続便をそろえ、遅延時の扱いも決めてください。 中心市街地の通勤通学者・保護者からは、初めて制度を調べた人からも、利用する時間帯や曜日で困り方が変わるため、試行期間を設けて利用者の声を再確認してほしいです。,通勤通学者・保護者,中心市街地,30代,Webアンケート
233,アプリで時刻検索できると助かりますが、学校から配られる紙の案内も必要です。家庭によって情報の受け取り方が違うことを考えてほしいです。 学区全域の通勤通学者・保護者からは、平日昼間に動きづらい人からも、情報の届き方に個人差があるため、対象者に届く案内方法も合わせて検討してほしいです。,通勤通学者・保護者,学区全域,40代,PTA経由
234,雨の日は自転車通学ができず、バスに集中して乗り切れないことがあります。天候による需要増を見込んだ臨時便や混雑情報が必要です。 郊外団地の通勤通学者・保護者からは、地域活動に関わる人からも、費用負担と手続きの分かりやすさが利用を左右するため、必要な人が使えなくならないよう段階的に見直してほしいです。,通勤通学者・保護者,郊外団地,10代,学校アンケート
235,予約型交通は柔軟ですが、通勤では毎回予約する手間が負担です。定期利用者向けに曜日固定の予約やキャンセル通知を整えてほしいです。 農村集落の通勤通学者・保護者からは、同じ立場の利用者からも、地区ごとの距離や交通手段の違いが大きいため、利用実績だけでなく困っている人の声も判断材料にしてほしいです。,通勤通学者・保護者,農村集落,50代,Webアンケート
236,帰宅時間が残業で変わるため、最終便が早いと利用を諦めます。毎日でなくても、平日の夜に選択肢が残る運行にしてほしいです。 工業団地周辺の通勤通学者・保護者からは、別の地区の回答でも、急な予定変更に対応できるかが重要なため、変更後の問い合わせ先と代替手段を分かりやすく示してほしいです。,通勤通学者・保護者,工業団地周辺,30代,Webアンケート
237,高校への直通便がなく、乗り換えでかなり遠回りになります。生徒数の多い方面だけでも登下校時間に合わせた短絡ルートを検討してください。 中山間地域の通勤通学者・保護者からは、説明会後の意見としても、家族に頼れない場合の選択肢が必要なため、関係する部署や地域団体と連携して改善してほしいです。,通勤通学者・保護者,中山間地域,10代,学校アンケート
238,時刻表が複数の会社に分かれていて、初めて使う人には分かりません。市のサイトで目的地別に検索できる統一案内がほしいです。 市内全域の通勤通学者・保護者からは、家族や支援者の視点でも、窓口、紙、Webのどれでも確認できることが大切なため、具体的な運用条件まで示してほしいです。,通勤通学者・保護者,市内全域,40代,Webアンケート
239,子どもだけで乗る場合、予約型交通の乗車場所や運転手への伝え方が心配です。保護者へ事前に分かる確認通知を出してほしいです。 郊外住宅地の通勤通学者・保護者からは、日常的に利用する人からも、実際の生活動線に合う運用でないと使い続けにくいため、地域別の影響を確認してから判断してほしいです。,通勤通学者・保護者,郊外住宅地,30代,PTA経由
240,駅までの短い移動でも、朝は道路が混んでバスの時間が読めません。遅延を前提にした接続案内やリアルタイム表示を整備してください。 駅周辺の通勤通学者・保護者からは、初めて制度を調べた人からも、利用する時間帯や曜日で困り方が変わるため、試行期間を設けて利用者の声を再確認してほしいです。,通勤通学者・保護者,駅周辺,50代,Webアンケート
241,商店街の利用者は高齢の方が多く、バスが減ると来店そのものが減ります。買い物時間帯に合わせた循環便を維持してほしいです。 商店街の地域事業者・自治会からは、平日昼間に動きづらい人からも、情報の届き方に個人差があるため、対象者に届く案内方法も合わせて検討してほしいです。,地域事業者・自治会,商店街,60代,事業者ヒアリング
242,イベント開催日は通常の時刻表では来場者をさばけません。臨時便の予約方法や運行情報を、主催者と早めに共有できる仕組みが必要です。 中心市街地の地域事業者・自治会からは、地域活動に関わる人からも、費用負担と手続きの分かりやすさが利用を左右するため、必要な人が使えなくならないよう段階的に見直してほしいです。,地域事業者・自治会,中心市街地,50代,自治会会議
243,自治会で高齢者の外出支援をしていますが、運行変更の説明が遅いと住民に伝えきれません。地域単位の説明資料を早めに出してください。 農村集落の地域事業者・自治会からは、同じ立場の利用者からも、地区ごとの距離や交通手段の違いが大きいため、利用実績だけでなく困っている人の声も判断材料にしてほしいです。,地域事業者・自治会,農村集落,60代,自治会会議
244,デマンド交通を導入するなら、地域の集会所を予約相談の窓口にできます。ただし担当者だけに負担が集中しない運用設計が必要です。 山あい地区の地域事業者・自治会からは、別の地区の回答でも、急な予定変更に対応できるかが重要なため、変更後の問い合わせ先と代替手段を分かりやすく示してほしいです。,地域事業者・自治会,山あい地区,60代,地域説明会
245,観光客が駅から店舗まで来る手段が少なく、週末だけでも接続が良くなれば回遊が増えます。観光施設との乗り継ぎを意識してほしいです。 観光地区の地域事業者・自治会からは、説明会後の意見としても、家族に頼れない場合の選択肢が必要なため、関係する部署や地域団体と連携して改善してほしいです。,地域事業者・自治会,観光地区,40代,事業者ヒアリング
246,朝夕だけでなく、昼の買い物時間帯に空白があると地域の店は利用されません。生活と商業の両方を支えるダイヤにしてほしいです。 旧市街の地域事業者・自治会からは、家族や支援者の視点でも、窓口、紙、Webのどれでも確認できることが大切なため、具体的な運用条件まで示してほしいです。,地域事業者・自治会,旧市街,50代,事業者ヒアリング
247,地域内の停留所名が古い通称のままで、初めて来る人には場所が分かりません。地図、施設名、写真を組み合わせた案内に改善してください。 商店街の地域事業者・自治会からは、日常的に利用する人からも、実際の生活動線に合う運用でないと使い続けにくいため、地域別の影響を確認してから判断してほしいです。,地域事業者・自治会,商店街,40代,Webアンケート
248,自治会で移動困難者を把握しても、個別送迎だけでは限界があります。公共交通と地域ボランティアが役割分担できる制度にしてほしいです。 郊外団地の地域事業者・自治会からは、初めて制度を調べた人からも、利用する時間帯や曜日で困り方が変わるため、試行期間を設けて利用者の声を再確認してほしいです。,地域事業者・自治会,郊外団地,70代,自治会会議
249,予約制にする場合、当日朝まで受け付けないと急な通院や買い物に対応できません。空き状況を地域でも確認できる方法があると助かります。 中山間地域の地域事業者・自治会からは、平日昼間に動きづらい人からも、情報の届き方に個人差があるため、対象者に届く案内方法も合わせて検討してほしいです。,地域事業者・自治会,中山間地域,50代,地域説明会
250,工業団地の勤務交代時間と路線バスの時刻が合わず、従業員募集にも影響しています。企業側のシフト情報も聞いてダイヤを組んでください。 工業団地周辺の地域事業者・自治会からは、地域活動に関わる人からも、費用負担と手続きの分かりやすさが利用を左右するため、必要な人が使えなくならないよう段階的に見直してほしいです。,地域事業者・自治会,工業団地周辺,50代,事業者ヒアリング
251,地域の会合に来る人が、帰りの便を心配して参加を控えることがあります。夜間は多くなくてよいので、主要行事に合わせた便が必要です。 農村集落の地域事業者・自治会からは、同じ立場の利用者からも、地区ごとの距離や交通手段の違いが大きいため、利用実績だけでなく困っている人の声も判断材料にしてほしいです。,地域事業者・自治会,農村集落,60代,自治会会議
252,複数路線の乗り継ぎ拠点を作るなら、待合スペースや案内板も一体で整備してほしいです。単に乗り換え時間を短くするだけでは不十分です。 中心市街地の地域事業者・自治会からは、別の地区の回答でも、急な予定変更に対応できるかが重要なため、変更後の問い合わせ先と代替手段を分かりやすく示してほしいです。,地域事業者・自治会,中心市街地,50代,地域説明会
253,駅前の病院へ行く便が昼前に集中しており、診察が長引くと帰りの足がなくなります。午後にも高齢者が安心して使える便を残してほしいです。 郊外住宅地の高齢者・免許返納者からは、地域活動に関わる人からも、費用負担と手続きの分かりやすさが利用を左右するため、必要な人が使えなくならないよう段階的に見直してほしいです。,高齢者・免許返納者,郊外住宅地,70代,紙アンケート
254,免許を返してから買い物が一番困っています。週に数回でもスーパーと薬局を回る小型バスがあれば、家族に頼らず暮らせます。 中山間地域の高齢者・免許返納者からは、同じ立場の利用者からも、地区ごとの距離や交通手段の違いが大きいため、利用実績だけでなく困っている人の声も判断材料にしてほしいです。,高齢者・免許返納者,中山間地域,80代,民生委員聞き取り
255,予約制の乗合交通は便利そうですが、電話が混んでいると不安です。前日までに予約でき、変更も簡単に伝えられる仕組みにしてほしいです。 農村集落の高齢者・免許返納者からは、別の地区の回答でも、急な予定変更に対応できるかが重要なため、変更後の問い合わせ先と代替手段を分かりやすく示してほしいです。,高齢者・免許返納者,農村集落,70代,電話相談
256,バス停まで歩く距離が長く、雨の日や冬場は転倒が心配です。集落内にもう少し細かく停車場所を設けるか、玄関先に近い乗降を検討してほしいです。 山あい地区の高齢者・免許返納者からは、説明会後の意見としても、家族に頼れない場合の選択肢が必要なため、関係する部署や地域団体と連携して改善してほしいです。,高齢者・免許返納者,山あい地区,80代,地域説明会
257,時刻表が変わっても掲示だけでは気づきません。自治会の回覧や広報紙で、乗り継ぎ例まで具体的に知らせてもらえると使いやすいです。 旧市街の高齢者・免許返納者からは、家族や支援者の視点でも、窓口、紙、Webのどれでも確認できることが大切なため、具体的な運用条件まで示してほしいです。,高齢者・免許返納者,旧市街,70代,紙アンケート
258,病院からコミュニティバスへ乗り継ぐ時間が短く、会計で少し遅れると一時間待ちになります。利用者の動きに合わせた余裕が必要です。 中心市街地の高齢者・免許返納者からは、日常的に利用する人からも、実際の生活動線に合う運用でないと使い続けにくいため、地域別の影響を確認してから判断してほしいです。,高齢者・免許返納者,中心市街地,80代,窓口投稿
259,家族が働いている時間帯に移動できないと、結局タクシー代が重くなります。少人数でも利用できる昼間の便を削りすぎないでください。 郊外団地の高齢者・免許返納者からは、初めて制度を調べた人からも、利用する時間帯や曜日で困り方が変わるため、試行期間を設けて利用者の声を再確認してほしいです。,高齢者・免許返納者,郊外団地,70代,紙アンケート
260,スマートフォンで予約と言われても操作に自信がありません。電話、紙の申込、家族による代理予約など複数の方法を用意してほしいです。 沿岸部の高齢者・免許返納者からは、平日昼間に動きづらい人からも、情報の届き方に個人差があるため、対象者に届く案内方法も合わせて検討してほしいです。,高齢者・免許返納者,沿岸部,80代,地域説明会
261,朝の便は学生で混み、杖を持って立つのが怖い時があります。高齢者の通院時間と通学時間が重なりすぎない調整をお願いしたいです。 駅周辺の高齢者・免許返納者からは、地域活動に関わる人からも、費用負担と手続きの分かりやすさが利用を左右するため、必要な人が使えなくならないよう段階的に見直してほしいです。,高齢者・免許返納者,駅周辺,70代,電話相談
262,バスが遅れているのか、もう通過したのか分からないことがあります。停留所や電話で現在の運行状況を確認できると安心して待てます。 農村集落の高齢者・免許返納者からは、同じ立場の利用者からも、地区ごとの距離や交通手段の違いが大きいため、利用実績だけでなく困っている人の声も判断材料にしてほしいです。,高齢者・免許返納者,農村集落,70代,紙アンケート
263,免許返納後の割引制度はありがたいですが、どの路線で使えるのか分かりにくいです。制度と使い方を一枚で見られる案内がほしいです。 中心市街地の高齢者・免許返納者からは、別の地区の回答でも、急な予定変更に対応できるかが重要なため、変更後の問い合わせ先と代替手段を分かりやすく示してほしいです。,高齢者・免許返納者,中心市街地,80代,窓口投稿
264,買い物帰りは荷物が多く、乗り継ぎで長く歩くのが負担です。商業施設と自宅方面を結ぶ便は、短い距離でも直行に近い形が助かります。 郊外住宅地の高齢者・免許返納者からは、説明会後の意見としても、家族に頼れない場合の選択肢が必要なため、関係する部署や地域団体と連携して改善してほしいです。,高齢者・免許返納者,郊外住宅地,70代,民生委員聞き取り
265,朝のバスが一本遅れると始業に間に合いません。通勤時間帯だけでも本数を確保し、鉄道との接続を時刻表上で分かりやすくしてほしいです。 駅周辺の通勤通学者・保護者からは、家族や支援者の視点でも、窓口、紙、Webのどれでも確認できることが大切なため、具体的な運用条件まで示してほしいです。,通勤通学者・保護者,駅周辺,40代,Webアンケート
266,子どもの部活後に帰れる便が少なく、迎えに行けない日は不安です。夕方以降の通学利用を想定した運行を見直してほしいです。 郊外住宅地の通勤通学者・保護者からは、日常的に利用する人からも、実際の生活動線に合う運用でないと使い続けにくいため、地域別の影響を確認してから判断してほしいです。,通勤通学者・保護者,郊外住宅地,40代,PTA経由
267,保育園の送迎と出勤を両立するには、バス停の位置と時刻が合いません。子育て世帯の移動経路も調査してルートを考えてほしいです。 新興住宅地の通勤通学者・保護者からは、初めて制度を調べた人からも、利用する時間帯や曜日で困り方が変わるため、試行期間を設けて利用者の声を再確認してほしいです。,通勤通学者・保護者,新興住宅地,30代,Webアンケート
268,乗り継ぎ前提でもよいですが、待ち時間が二十分を超えると車を選びます。主要停留所では接続便をそろえ、遅延時の扱いも決めてください。 中心市街地の通勤通学者・保護者からは、平日昼間に動きづらい人からも、情報の届き方に個人差があるため、対象者に届く案内方法も合わせて検討してほしいです。,通勤通学者・保護者,中心市街地,30代,Webアンケート
269,アプリで時刻検索できると助かりますが、学校から配られる紙の案内も必要です。家庭によって情報の受け取り方が違うことを考えてほしいです。 学区全域の通勤通学者・保護者からは、地域活動に関わる人からも、費用負担と手続きの分かりやすさが利用を左右するため、必要な人が使えなくならないよう段階的に見直してほしいです。,通勤通学者・保護者,学区全域,40代,PTA経由
270,雨の日は自転車通学ができず、バスに集中して乗り切れないことがあります。天候による需要増を見込んだ臨時便や混雑情報が必要です。 郊外団地の通勤通学者・保護者からは、同じ立場の利用者からも、地区ごとの距離や交通手段の違いが大きいため、利用実績だけでなく困っている人の声も判断材料にしてほしいです。,通勤通学者・保護者,郊外団地,10代,学校アンケート
271,予約型交通は柔軟ですが、通勤では毎回予約する手間が負担です。定期利用者向けに曜日固定の予約やキャンセル通知を整えてほしいです。 農村集落の通勤通学者・保護者からは、別の地区の回答でも、急な予定変更に対応できるかが重要なため、変更後の問い合わせ先と代替手段を分かりやすく示してほしいです。,通勤通学者・保護者,農村集落,50代,Webアンケート
272,帰宅時間が残業で変わるため、最終便が早いと利用を諦めます。毎日でなくても、平日の夜に選択肢が残る運行にしてほしいです。 工業団地周辺の通勤通学者・保護者からは、説明会後の意見としても、家族に頼れない場合の選択肢が必要なため、関係する部署や地域団体と連携して改善してほしいです。,通勤通学者・保護者,工業団地周辺,30代,Webアンケート
273,高校への直通便がなく、乗り換えでかなり遠回りになります。生徒数の多い方面だけでも登下校時間に合わせた短絡ルートを検討してください。 中山間地域の通勤通学者・保護者からは、家族や支援者の視点でも、窓口、紙、Webのどれでも確認できることが大切なため、具体的な運用条件まで示してほしいです。,通勤通学者・保護者,中山間地域,10代,学校アンケート
274,時刻表が複数の会社に分かれていて、初めて使う人には分かりません。市のサイトで目的地別に検索できる統一案内がほしいです。 市内全域の通勤通学者・保護者からは、日常的に利用する人からも、実際の生活動線に合う運用でないと使い続けにくいため、地域別の影響を確認してから判断してほしいです。,通勤通学者・保護者,市内全域,40代,Webアンケート
275,子どもだけで乗る場合、予約型交通の乗車場所や運転手への伝え方が心配です。保護者へ事前に分かる確認通知を出してほしいです。 郊外住宅地の通勤通学者・保護者からは、初めて制度を調べた人からも、利用する時間帯や曜日で困り方が変わるため、試行期間を設けて利用者の声を再確認してほしいです。,通勤通学者・保護者,郊外住宅地,30代,PTA経由
276,駅までの短い移動でも、朝は道路が混んでバスの時間が読めません。遅延を前提にした接続案内やリアルタイム表示を整備してください。 駅周辺の通勤通学者・保護者からは、平日昼間に動きづらい人からも、情報の届き方に個人差があるため、対象者に届く案内方法も合わせて検討してほしいです。,通勤通学者・保護者,駅周辺,50代,Webアンケート
277,商店街の利用者は高齢の方が多く、バスが減ると来店そのものが減ります。買い物時間帯に合わせた循環便を維持してほしいです。 商店街の地域事業者・自治会からは、地域活動に関わる人からも、費用負担と手続きの分かりやすさが利用を左右するため、必要な人が使えなくならないよう段階的に見直してほしいです。,地域事業者・自治会,商店街,60代,事業者ヒアリング
278,イベント開催日は通常の時刻表では来場者をさばけません。臨時便の予約方法や運行情報を、主催者と早めに共有できる仕組みが必要です。 中心市街地の地域事業者・自治会からは、同じ立場の利用者からも、地区ごとの距離や交通手段の違いが大きいため、利用実績だけでなく困っている人の声も判断材料にしてほしいです。,地域事業者・自治会,中心市街地,50代,自治会会議
279,自治会で高齢者の外出支援をしていますが、運行変更の説明が遅いと住民に伝えきれません。地域単位の説明資料を早めに出してください。 農村集落の地域事業者・自治会からは、別の地区の回答でも、急な予定変更に対応できるかが重要なため、変更後の問い合わせ先と代替手段を分かりやすく示してほしいです。,地域事業者・自治会,農村集落,60代,自治会会議
280,デマンド交通を導入するなら、地域の集会所を予約相談の窓口にできます。ただし担当者だけに負担が集中しない運用設計が必要です。 山あい地区の地域事業者・自治会からは、説明会後の意見としても、家族に頼れない場合の選択肢が必要なため、関係する部署や地域団体と連携して改善してほしいです。,地域事業者・自治会,山あい地区,60代,地域説明会
281,観光客が駅から店舗まで来る手段が少なく、週末だけでも接続が良くなれば回遊が増えます。観光施設との乗り継ぎを意識してほしいです。 観光地区の地域事業者・自治会からは、家族や支援者の視点でも、窓口、紙、Webのどれでも確認できることが大切なため、具体的な運用条件まで示してほしいです。,地域事業者・自治会,観光地区,40代,事業者ヒアリング
282,朝夕だけでなく、昼の買い物時間帯に空白があると地域の店は利用されません。生活と商業の両方を支えるダイヤにしてほしいです。 旧市街の地域事業者・自治会からは、日常的に利用する人からも、実際の生活動線に合う運用でないと使い続けにくいため、地域別の影響を確認してから判断してほしいです。,地域事業者・自治会,旧市街,50代,事業者ヒアリング
283,地域内の停留所名が古い通称のままで、初めて来る人には場所が分かりません。地図、施設名、写真を組み合わせた案内に改善してください。 商店街の地域事業者・自治会からは、初めて制度を調べた人からも、利用する時間帯や曜日で困り方が変わるため、試行期間を設けて利用者の声を再確認してほしいです。,地域事業者・自治会,商店街,40代,Webアンケート
284,自治会で移動困難者を把握しても、個別送迎だけでは限界があります。公共交通と地域ボランティアが役割分担できる制度にしてほしいです。 郊外団地の地域事業者・自治会からは、平日昼間に動きづらい人からも、情報の届き方に個人差があるため、対象者に届く案内方法も合わせて検討してほしいです。,地域事業者・自治会,郊外団地,70代,自治会会議
285,予約制にする場合、当日朝まで受け付けないと急な通院や買い物に対応できません。空き状況を地域でも確認できる方法があると助かります。 中山間地域の地域事業者・自治会からは、地域活動に関わる人からも、費用負担と手続きの分かりやすさが利用を左右するため、必要な人が使えなくならないよう段階的に見直してほしいです。,地域事業者・自治会,中山間地域,50代,地域説明会
286,工業団地の勤務交代時間と路線バスの時刻が合わず、従業員募集にも影響しています。企業側のシフト情報も聞いてダイヤを組んでください。 工業団地周辺の地域事業者・自治会からは、同じ立場の利用者からも、地区ごとの距離や交通手段の違いが大きいため、利用実績だけでなく困っている人の声も判断材料にしてほしいです。,地域事業者・自治会,工業団地周辺,50代,事業者ヒアリング
287,地域の会合に来る人が、帰りの便を心配して参加を控えることがあります。夜間は多くなくてよいので、主要行事に合わせた便が必要です。 農村集落の地域事業者・自治会からは、別の地区の回答でも、急な予定変更に対応できるかが重要なため、変更後の問い合わせ先と代替手段を分かりやすく示してほしいです。,地域事業者・自治会,農村集落,60代,自治会会議
288,複数路線の乗り継ぎ拠点を作るなら、待合スペースや案内板も一体で整備してほしいです。単に乗り換え時間を短くするだけでは不十分です。 中心市街地の地域事業者・自治会からは、説明会後の意見としても、家族に頼れない場合の選択肢が必要なため、関係する部署や地域団体と連携して改善してほしいです。,地域事業者・自治会,中心市街地,50代,地域説明会
289,駅前の病院へ行く便が昼前に集中しており、診察が長引くと帰りの足がなくなります。午後にも高齢者が安心して使える便を残してほしいです。 郊外住宅地の高齢者・免許返納者からは、同じ立場の利用者からも、地区ごとの距離や交通手段の違いが大きいため、利用実績だけでなく困っている人の声も判断材料にしてほしいです。,高齢者・免許返納者,郊外住宅地,70代,紙アンケート
290,免許を返してから買い物が一番困っています。週に数回でもスーパーと薬局を回る小型バスがあれば、家族に頼らず暮らせます。 中山間地域の高齢者・免許返納者からは、別の地区の回答でも、急な予定変更に対応できるかが重要なため、変更後の問い合わせ先と代替手段を分かりやすく示してほしいです。,高齢者・免許返納者,中山間地域,80代,民生委員聞き取り
291,予約制の乗合交通は便利そうですが、電話が混んでいると不安です。前日までに予約でき、変更も簡単に伝えられる仕組みにしてほしいです。 農村集落の高齢者・免許返納者からは、説明会後の意見としても、家族に頼れない場合の選択肢が必要なため、関係する部署や地域団体と連携して改善してほしいです。,高齢者・免許返納者,農村集落,70代,電話相談
292,バス停まで歩く距離が長く、雨の日や冬場は転倒が心配です。集落内にもう少し細かく停車場所を設けるか、玄関先に近い乗降を検討してほしいです。 山あい地区の高齢者・免許返納者からは、家族や支援者の視点でも、窓口、紙、Webのどれでも確認できることが大切なため、具体的な運用条件まで示してほしいです。,高齢者・免許返納者,山あい地区,80代,地域説明会
293,時刻表が変わっても掲示だけでは気づきません。自治会の回覧や広報紙で、乗り継ぎ例まで具体的に知らせてもらえると使いやすいです。 旧市街の高齢者・免許返納者からは、日常的に利用する人からも、実際の生活動線に合う運用でないと使い続けにくいため、地域別の影響を確認してから判断してほしいです。,高齢者・免許返納者,旧市街,70代,紙アンケート
294,病院からコミュニティバスへ乗り継ぐ時間が短く、会計で少し遅れると一時間待ちになります。利用者の動きに合わせた余裕が必要です。 中心市街地の高齢者・免許返納者からは、初めて制度を調べた人からも、利用する時間帯や曜日で困り方が変わるため、試行期間を設けて利用者の声を再確認してほしいです。,高齢者・免許返納者,中心市街地,80代,窓口投稿
295,家族が働いている時間帯に移動できないと、結局タクシー代が重くなります。少人数でも利用できる昼間の便を削りすぎないでください。 郊外団地の高齢者・免許返納者からは、平日昼間に動きづらい人からも、情報の届き方に個人差があるため、対象者に届く案内方法も合わせて検討してほしいです。,高齢者・免許返納者,郊外団地,70代,紙アンケート
296,スマートフォンで予約と言われても操作に自信がありません。電話、紙の申込、家族による代理予約など複数の方法を用意してほしいです。 沿岸部の高齢者・免許返納者からは、地域活動に関わる人からも、費用負担と手続きの分かりやすさが利用を左右するため、必要な人が使えなくならないよう段階的に見直してほしいです。,高齢者・免許返納者,沿岸部,80代,地域説明会
297,朝の便は学生で混み、杖を持って立つのが怖い時があります。高齢者の通院時間と通学時間が重なりすぎない調整をお願いしたいです。 駅周辺の高齢者・免許返納者からは、同じ立場の利用者からも、地区ごとの距離や交通手段の違いが大きいため、利用実績だけでなく困っている人の声も判断材料にしてほしいです。,高齢者・免許返納者,駅周辺,70代,電話相談
298,バスが遅れているのか、もう通過したのか分からないことがあります。停留所や電話で現在の運行状況を確認できると安心して待てます。 農村集落の高齢者・免許返納者からは、別の地区の回答でも、急な予定変更に対応できるかが重要なため、変更後の問い合わせ先と代替手段を分かりやすく示してほしいです。,高齢者・免許返納者,農村集落,70代,紙アンケート
299,免許返納後の割引制度はありがたいですが、どの路線で使えるのか分かりにくいです。制度と使い方を一枚で見られる案内がほしいです。 中心市街地の高齢者・免許返納者からは、説明会後の意見としても、家族に頼れない場合の選択肢が必要なため、関係する部署や地域団体と連携して改善してほしいです。,高齢者・免許返納者,中心市街地,80代,窓口投稿
300,買い物帰りは荷物が多く、乗り継ぎで長く歩くのが負担です。商業施設と自宅方面を結ぶ便は、短い距離でも直行に近い形が助かります。 郊外住宅地の高齢者・免許返納者からは、家族や支援者の視点でも、窓口、紙、Webのどれでも確認できることが大切なため、具体的な運用条件まで示してほしいです。,高齢者・免許返納者,郊外住宅地,70代,民生委員聞き取り
301,朝のバスが一本遅れると始業に間に合いません。通勤時間帯だけでも本数を確保し、鉄道との接続を時刻表上で分かりやすくしてほしいです。 駅周辺の通勤通学者・保護者からは、日常的に利用する人からも、実際の生活動線に合う運用でないと使い続けにくいため、地域別の影響を確認してから判断してほしいです。,通勤通学者・保護者,駅周辺,40代,Webアンケート
302,子どもの部活後に帰れる便が少なく、迎えに行けない日は不安です。夕方以降の通学利用を想定した運行を見直してほしいです。 郊外住宅地の通勤通学者・保護者からは、初めて制度を調べた人からも、利用する時間帯や曜日で困り方が変わるため、試行期間を設けて利用者の声を再確認してほしいです。,通勤通学者・保護者,郊外住宅地,40代,PTA経由
303,保育園の送迎と出勤を両立するには、バス停の位置と時刻が合いません。子育て世帯の移動経路も調査してルートを考えてほしいです。 新興住宅地の通勤通学者・保護者からは、平日昼間に動きづらい人からも、情報の届き方に個人差があるため、対象者に届く案内方法も合わせて検討してほしいです。,通勤通学者・保護者,新興住宅地,30代,Webアンケート
304,乗り継ぎ前提でもよいですが、待ち時間が二十分を超えると車を選びます。主要停留所では接続便をそろえ、遅延時の扱いも決めてください。 中心市街地の通勤通学者・保護者からは、地域活動に関わる人からも、費用負担と手続きの分かりやすさが利用を左右するため、必要な人が使えなくならないよう段階的に見直してほしいです。,通勤通学者・保護者,中心市街地,30代,Webアンケート
305,アプリで時刻検索できると助かりますが、学校から配られる紙の案内も必要です。家庭によって情報の受け取り方が違うことを考えてほしいです。 学区全域の通勤通学者・保護者からは、同じ立場の利用者からも、地区ごとの距離や交通手段の違いが大きいため、利用実績だけでなく困っている人の声も判断材料にしてほしいです。,通勤通学者・保護者,学区全域,40代,PTA経由
306,雨の日は自転車通学ができず、バスに集中して乗り切れないことがあります。天候による需要増を見込んだ臨時便や混雑情報が必要です。 郊外団地の通勤通学者・保護者からは、別の地区の回答でも、急な予定変更に対応できるかが重要なため、変更後の問い合わせ先と代替手段を分かりやすく示してほしいです。,通勤通学者・保護者,郊外団地,10代,学校アンケート
307,予約型交通は柔軟ですが、通勤では毎回予約する手間が負担です。定期利用者向けに曜日固定の予約やキャンセル通知を整えてほしいです。 農村集落の通勤通学者・保護者からは、説明会後の意見としても、家族に頼れない場合の選択肢が必要なため、関係する部署や地域団体と連携して改善してほしいです。,通勤通学者・保護者,農村集落,50代,Webアンケート
308,帰宅時間が残業で変わるため、最終便が早いと利用を諦めます。毎日でなくても、平日の夜に選択肢が残る運行にしてほしいです。 工業団地周辺の通勤通学者・保護者からは、家族や支援者の視点でも、窓口、紙、Webのどれでも確認できることが大切なため、具体的な運用条件まで示してほしいです。,通勤通学者・保護者,工業団地周辺,30代,Webアンケート
309,高校への直通便がなく、乗り換えでかなり遠回りになります。生徒数の多い方面だけでも登下校時間に合わせた短絡ルートを検討してください。 中山間地域の通勤通学者・保護者からは、日常的に利用する人からも、実際の生活動線に合う運用でないと使い続けにくいため、地域別の影響を確認してから判断してほしいです。,通勤通学者・保護者,中山間地域,10代,学校アンケート
310,時刻表が複数の会社に分かれていて、初めて使う人には分かりません。市のサイトで目的地別に検索できる統一案内がほしいです。 市内全域の通勤通学者・保護者からは、初めて制度を調べた人からも、利用する時間帯や曜日で困り方が変わるため、試行期間を設けて利用者の声を再確認してほしいです。,通勤通学者・保護者,市内全域,40代,Webアンケート
311,子どもだけで乗る場合、予約型交通の乗車場所や運転手への伝え方が心配です。保護者へ事前に分かる確認通知を出してほしいです。 郊外住宅地の通勤通学者・保護者からは、平日昼間に動きづらい人からも、情報の届き方に個人差があるため、対象者に届く案内方法も合わせて検討してほしいです。,通勤通学者・保護者,郊外住宅地,30代,PTA経由
312,駅までの短い移動でも、朝は道路が混んでバスの時間が読めません。遅延を前提にした接続案内やリアルタイム表示を整備してください。 駅周辺の通勤通学者・保護者からは、地域活動に関わる人からも、費用負担と手続きの分かりやすさが利用を左右するため、必要な人が使えなくならないよう段階的に見直してほしいです。,通勤通学者・保護者,駅周辺,50代,Webアンケート
313,商店街の利用者は高齢の方が多く、バスが減ると来店そのものが減ります。買い物時間帯に合わせた循環便を維持してほしいです。 商店街の地域事業者・自治会からは、同じ立場の利用者からも、地区ごとの距離や交通手段の違いが大きいため、利用実績だけでなく困っている人の声も判断材料にしてほしいです。,地域事業者・自治会,商店街,60代,事業者ヒアリング
314,イベント開催日は通常の時刻表では来場者をさばけません。臨時便の予約方法や運行情報を、主催者と早めに共有できる仕組みが必要です。 中心市街地の地域事業者・自治会からは、別の地区の回答でも、急な予定変更に対応できるかが重要なため、変更後の問い合わせ先と代替手段を分かりやすく示してほしいです。,地域事業者・自治会,中心市街地,50代,自治会会議
315,自治会で高齢者の外出支援をしていますが、運行変更の説明が遅いと住民に伝えきれません。地域単位の説明資料を早めに出してください。 農村集落の地域事業者・自治会からは、説明会後の意見としても、家族に頼れない場合の選択肢が必要なため、関係する部署や地域団体と連携して改善してほしいです。,地域事業者・自治会,農村集落,60代,自治会会議
316,デマンド交通を導入するなら、地域の集会所を予約相談の窓口にできます。ただし担当者だけに負担が集中しない運用設計が必要です。 山あい地区の地域事業者・自治会からは、家族や支援者の視点でも、窓口、紙、Webのどれでも確認できることが大切なため、具体的な運用条件まで示してほしいです。,地域事業者・自治会,山あい地区,60代,地域説明会
317,観光客が駅から店舗まで来る手段が少なく、週末だけでも接続が良くなれば回遊が増えます。観光施設との乗り継ぎを意識してほしいです。 観光地区の地域事業者・自治会からは、日常的に利用する人からも、実際の生活動線に合う運用でないと使い続けにくいため、地域別の影響を確認してから判断してほしいです。,地域事業者・自治会,観光地区,40代,事業者ヒアリング
318,朝夕だけでなく、昼の買い物時間帯に空白があると地域の店は利用されません。生活と商業の両方を支えるダイヤにしてほしいです。 旧市街の地域事業者・自治会からは、初めて制度を調べた人からも、利用する時間帯や曜日で困り方が変わるため、試行期間を設けて利用者の声を再確認してほしいです。,地域事業者・自治会,旧市街,50代,事業者ヒアリング
319,地域内の停留所名が古い通称のままで、初めて来る人には場所が分かりません。地図、施設名、写真を組み合わせた案内に改善してください。 商店街の地域事業者・自治会からは、平日昼間に動きづらい人からも、情報の届き方に個人差があるため、対象者に届く案内方法も合わせて検討してほしいです。,地域事業者・自治会,商店街,40代,Webアンケート
320,自治会で移動困難者を把握しても、個別送迎だけでは限界があります。公共交通と地域ボランティアが役割分担できる制度にしてほしいです。 郊外団地の地域事業者・自治会からは、地域活動に関わる人からも、費用負担と手続きの分かりやすさが利用を左右するため、必要な人が使えなくならないよう段階的に見直してほしいです。,地域事業者・自治会,郊外団地,70代,自治会会議
321,予約制にする場合、当日朝まで受け付けないと急な通院や買い物に対応できません。空き状況を地域でも確認できる方法があると助かります。 中山間地域の地域事業者・自治会からは、同じ立場の利用者からも、地区ごとの距離や交通手段の違いが大きいため、利用実績だけでなく困っている人の声も判断材料にしてほしいです。,地域事業者・自治会,中山間地域,50代,地域説明会
322,工業団地の勤務交代時間と路線バスの時刻が合わず、従業員募集にも影響しています。企業側のシフト情報も聞いてダイヤを組んでください。 工業団地周辺の地域事業者・自治会からは、別の地区の回答でも、急な予定変更に対応できるかが重要なため、変更後の問い合わせ先と代替手段を分かりやすく示してほしいです。,地域事業者・自治会,工業団地周辺,50代,事業者ヒアリング
323,地域の会合に来る人が、帰りの便を心配して参加を控えることがあります。夜間は多くなくてよいので、主要行事に合わせた便が必要です。 農村集落の地域事業者・自治会からは、説明会後の意見としても、家族に頼れない場合の選択肢が必要なため、関係する部署や地域団体と連携して改善してほしいです。,地域事業者・自治会,農村集落,60代,自治会会議
324,複数路線の乗り継ぎ拠点を作るなら、待合スペースや案内板も一体で整備してほしいです。単に乗り換え時間を短くするだけでは不十分です。 中心市街地の地域事業者・自治会からは、家族や支援者の視点でも、窓口、紙、Webのどれでも確認できることが大切なため、具体的な運用条件まで示してほしいです。,地域事業者・自治会,中心市街地,50代,地域説明会
325,駅前の病院へ行く便が昼前に集中しており、診察が長引くと帰りの足がなくなります。午後にも高齢者が安心して使える便を残してほしいです。 郊外住宅地の高齢者・免許返納者からは、別の地区の回答でも、急な予定変更に対応できるかが重要なため、変更後の問い合わせ先と代替手段を分かりやすく示してほしいです。,高齢者・免許返納者,郊外住宅地,70代,紙アンケート
326,免許を返してから買い物が一番困っています。週に数回でもスーパーと薬局を回る小型バスがあれば、家族に頼らず暮らせます。 中山間地域の高齢者・免許返納者からは、説明会後の意見としても、家族に頼れない場合の選択肢が必要なため、関係する部署や地域団体と連携して改善してほしいです。,高齢者・免許返納者,中山間地域,80代,民生委員聞き取り
327,予約制の乗合交通は便利そうですが、電話が混んでいると不安です。前日までに予約でき、変更も簡単に伝えられる仕組みにしてほしいです。 農村集落の高齢者・免許返納者からは、家族や支援者の視点でも、窓口、紙、Webのどれでも確認できることが大切なため、具体的な運用条件まで示してほしいです。,高齢者・免許返納者,農村集落,70代,電話相談
328,バス停まで歩く距離が長く、雨の日や冬場は転倒が心配です。集落内にもう少し細かく停車場所を設けるか、玄関先に近い乗降を検討してほしいです。 山あい地区の高齢者・免許返納者からは、日常的に利用する人からも、実際の生活動線に合う運用でないと使い続けにくいため、地域別の影響を確認してから判断してほしいです。,高齢者・免許返納者,山あい地区,80代,地域説明会
329,時刻表が変わっても掲示だけでは気づきません。自治会の回覧や広報紙で、乗り継ぎ例まで具体的に知らせてもらえると使いやすいです。 旧市街の高齢者・免許返納者からは、初めて制度を調べた人からも、利用する時間帯や曜日で困り方が変わるため、試行期間を設けて利用者の声を再確認してほしいです。,高齢者・免許返納者,旧市街,70代,紙アンケート
330,病院からコミュニティバスへ乗り継ぐ時間が短く、会計で少し遅れると一時間待ちになります。利用者の動きに合わせた余裕が必要です。 中心市街地の高齢者・免許返納者からは、平日昼間に動きづらい人からも、情報の届き方に個人差があるため、対象者に届く案内方法も合わせて検討してほしいです。,高齢者・免許返納者,中心市街地,80代,窓口投稿
331,家族が働いている時間帯に移動できないと、結局タクシー代が重くなります。少人数でも利用できる昼間の便を削りすぎないでください。 郊外団地の高齢者・免許返納者からは、地域活動に関わる人からも、費用負担と手続きの分かりやすさが利用を左右するため、必要な人が使えなくならないよう段階的に見直してほしいです。,高齢者・免許返納者,郊外団地,70代,紙アンケート
332,スマートフォンで予約と言われても操作に自信がありません。電話、紙の申込、家族による代理予約など複数の方法を用意してほしいです。 沿岸部の高齢者・免許返納者からは、同じ立場の利用者からも、地区ごとの距離や交通手段の違いが大きいため、利用実績だけでなく困っている人の声も判断材料にしてほしいです。,高齢者・免許返納者,沿岸部,80代,地域説明会
333,朝の便は学生で混み、杖を持って立つのが怖い時があります。高齢者の通院時間と通学時間が重なりすぎない調整をお願いしたいです。 駅周辺の高齢者・免許返納者からは、別の地区の回答でも、急な予定変更に対応できるかが重要なため、変更後の問い合わせ先と代替手段を分かりやすく示してほしいです。,高齢者・免許返納者,駅周辺,70代,電話相談
334,バスが遅れているのか、もう通過したのか分からないことがあります。停留所や電話で現在の運行状況を確認できると安心して待てます。 農村集落の高齢者・免許返納者からは、説明会後の意見としても、家族に頼れない場合の選択肢が必要なため、関係する部署や地域団体と連携して改善してほしいです。,高齢者・免許返納者,農村集落,70代,紙アンケート
335,免許返納後の割引制度はありがたいですが、どの路線で使えるのか分かりにくいです。制度と使い方を一枚で見られる案内がほしいです。 中心市街地の高齢者・免許返納者からは、家族や支援者の視点でも、窓口、紙、Webのどれでも確認できることが大切なため、具体的な運用条件まで示してほしいです。,高齢者・免許返納者,中心市街地,80代,窓口投稿
336,買い物帰りは荷物が多く、乗り継ぎで長く歩くのが負担です。商業施設と自宅方面を結ぶ便は、短い距離でも直行に近い形が助かります。 郊外住宅地の高齢者・免許返納者からは、日常的に利用する人からも、実際の生活動線に合う運用でないと使い続けにくいため、地域別の影響を確認してから判断してほしいです。,高齢者・免許返納者,郊外住宅地,70代,民生委員聞き取り
337,朝のバスが一本遅れると始業に間に合いません。通勤時間帯だけでも本数を確保し、鉄道との接続を時刻表上で分かりやすくしてほしいです。 駅周辺の通勤通学者・保護者からは、初めて制度を調べた人からも、利用する時間帯や曜日で困り方が変わるため、試行期間を設けて利用者の声を再確認してほしいです。,通勤通学者・保護者,駅周辺,40代,Webアンケート
338,子どもの部活後に帰れる便が少なく、迎えに行けない日は不安です。夕方以降の通学利用を想定した運行を見直してほしいです。 郊外住宅地の通勤通学者・保護者からは、平日昼間に動きづらい人からも、情報の届き方に個人差があるため、対象者に届く案内方法も合わせて検討してほしいです。,通勤通学者・保護者,郊外住宅地,40代,PTA経由
339,保育園の送迎と出勤を両立するには、バス停の位置と時刻が合いません。子育て世帯の移動経路も調査してルートを考えてほしいです。 新興住宅地の通勤通学者・保護者からは、地域活動に関わる人からも、費用負担と手続きの分かりやすさが利用を左右するため、必要な人が使えなくならないよう段階的に見直してほしいです。,通勤通学者・保護者,新興住宅地,30代,Webアンケート
340,乗り継ぎ前提でもよいですが、待ち時間が二十分を超えると車を選びます。主要停留所では接続便をそろえ、遅延時の扱いも決めてください。 中心市街地の通勤通学者・保護者からは、同じ立場の利用者からも、地区ごとの距離や交通手段の違いが大きいため、利用実績だけでなく困っている人の声も判断材料にしてほしいです。,通勤通学者・保護者,中心市街地,30代,Webアンケート
341,アプリで時刻検索できると助かりますが、学校から配られる紙の案内も必要です。家庭によって情報の受け取り方が違うことを考えてほしいです。 学区全域の通勤通学者・保護者からは、別の地区の回答でも、急な予定変更に対応できるかが重要なため、変更後の問い合わせ先と代替手段を分かりやすく示してほしいです。,通勤通学者・保護者,学区全域,40代,PTA経由
342,雨の日は自転車通学ができず、バスに集中して乗り切れないことがあります。天候による需要増を見込んだ臨時便や混雑情報が必要です。 郊外団地の通勤通学者・保護者からは、説明会後の意見としても、家族に頼れない場合の選択肢が必要なため、関係する部署や地域団体と連携して改善してほしいです。,通勤通学者・保護者,郊外団地,10代,学校アンケート
343,予約型交通は柔軟ですが、通勤では毎回予約する手間が負担です。定期利用者向けに曜日固定の予約やキャンセル通知を整えてほしいです。 農村集落の通勤通学者・保護者からは、家族や支援者の視点でも、窓口、紙、Webのどれでも確認できることが大切なため、具体的な運用条件まで示してほしいです。,通勤通学者・保護者,農村集落,50代,Webアンケート
344,帰宅時間が残業で変わるため、最終便が早いと利用を諦めます。毎日でなくても、平日の夜に選択肢が残る運行にしてほしいです。 工業団地周辺の通勤通学者・保護者からは、日常的に利用する人からも、実際の生活動線に合う運用でないと使い続けにくいため、地域別の影響を確認してから判断してほしいです。,通勤通学者・保護者,工業団地周辺,30代,Webアンケート
345,高校への直通便がなく、乗り換えでかなり遠回りになります。生徒数の多い方面だけでも登下校時間に合わせた短絡ルートを検討してください。 中山間地域の通勤通学者・保護者からは、初めて制度を調べた人からも、利用する時間帯や曜日で困り方が変わるため、試行期間を設けて利用者の声を再確認してほしいです。,通勤通学者・保護者,中山間地域,10代,学校アンケート
346,時刻表が複数の会社に分かれていて、初めて使う人には分かりません。市のサイトで目的地別に検索できる統一案内がほしいです。 市内全域の通勤通学者・保護者からは、平日昼間に動きづらい人からも、情報の届き方に個人差があるため、対象者に届く案内方法も合わせて検討してほしいです。,通勤通学者・保護者,市内全域,40代,Webアンケート
347,子どもだけで乗る場合、予約型交通の乗車場所や運転手への伝え方が心配です。保護者へ事前に分かる確認通知を出してほしいです。 郊外住宅地の通勤通学者・保護者からは、地域活動に関わる人からも、費用負担と手続きの分かりやすさが利用を左右するため、必要な人が使えなくならないよう段階的に見直してほしいです。,通勤通学者・保護者,郊外住宅地,30代,PTA経由
348,駅までの短い移動でも、朝は道路が混んでバスの時間が読めません。遅延を前提にした接続案内やリアルタイム表示を整備してください。 駅周辺の通勤通学者・保護者からは、同じ立場の利用者からも、地区ごとの距離や交通手段の違いが大きいため、利用実績だけでなく困っている人の声も判断材料にしてほしいです。,通勤通学者・保護者,駅周辺,50代,Webアンケート
349,商店街の利用者は高齢の方が多く、バスが減ると来店そのものが減ります。買い物時間帯に合わせた循環便を維持してほしいです。 商店街の地域事業者・自治会からは、別の地区の回答でも、急な予定変更に対応できるかが重要なため、変更後の問い合わせ先と代替手段を分かりやすく示してほしいです。,地域事業者・自治会,商店街,60代,事業者ヒアリング
350,イベント開催日は通常の時刻表では来場者をさばけません。臨時便の予約方法や運行情報を、主催者と早めに共有できる仕組みが必要です。 中心市街地の地域事業者・自治会からは、説明会後の意見としても、家族に頼れない場合の選択肢が必要なため、関係する部署や地域団体と連携して改善してほしいです。,地域事業者・自治会,中心市街地,50代,自治会会議
351,自治会で高齢者の外出支援をしていますが、運行変更の説明が遅いと住民に伝えきれません。地域単位の説明資料を早めに出してください。 農村集落の地域事業者・自治会からは、家族や支援者の視点でも、窓口、紙、Webのどれでも確認できることが大切なため、具体的な運用条件まで示してほしいです。,地域事業者・自治会,農村集落,60代,自治会会議
352,デマンド交通を導入するなら、地域の集会所を予約相談の窓口にできます。ただし担当者だけに負担が集中しない運用設計が必要です。 山あい地区の地域事業者・自治会からは、日常的に利用する人からも、実際の生活動線に合う運用でないと使い続けにくいため、地域別の影響を確認してから判断してほしいです。,地域事業者・自治会,山あい地区,60代,地域説明会
353,観光客が駅から店舗まで来る手段が少なく、週末だけでも接続が良くなれば回遊が増えます。観光施設との乗り継ぎを意識してほしいです。 観光地区の地域事業者・自治会からは、初めて制度を調べた人からも、利用する時間帯や曜日で困り方が変わるため、試行期間を設けて利用者の声を再確認してほしいです。,地域事業者・自治会,観光地区,40代,事業者ヒアリング
354,朝夕だけでなく、昼の買い物時間帯に空白があると地域の店は利用されません。生活と商業の両方を支えるダイヤにしてほしいです。 旧市街の地域事業者・自治会からは、平日昼間に動きづらい人からも、情報の届き方に個人差があるため、対象者に届く案内方法も合わせて検討してほしいです。,地域事業者・自治会,旧市街,50代,事業者ヒアリング
355,地域内の停留所名が古い通称のままで、初めて来る人には場所が分かりません。地図、施設名、写真を組み合わせた案内に改善してください。 商店街の地域事業者・自治会からは、地域活動に関わる人からも、費用負担と手続きの分かりやすさが利用を左右するため、必要な人が使えなくならないよう段階的に見直してほしいです。,地域事業者・自治会,商店街,40代,Webアンケート
356,自治会で移動困難者を把握しても、個別送迎だけでは限界があります。公共交通と地域ボランティアが役割分担できる制度にしてほしいです。 郊外団地の地域事業者・自治会からは、同じ立場の利用者からも、地区ごとの距離や交通手段の違いが大きいため、利用実績だけでなく困っている人の声も判断材料にしてほしいです。,地域事業者・自治会,郊外団地,70代,自治会会議
357,予約制にする場合、当日朝まで受け付けないと急な通院や買い物に対応できません。空き状況を地域でも確認できる方法があると助かります。 中山間地域の地域事業者・自治会からは、別の地区の回答でも、急な予定変更に対応できるかが重要なため、変更後の問い合わせ先と代替手段を分かりやすく示してほしいです。,地域事業者・自治会,中山間地域,50代,地域説明会
358,工業団地の勤務交代時間と路線バスの時刻が合わず、従業員募集にも影響しています。企業側のシフト情報も聞いてダイヤを組んでください。 工業団地周辺の地域事業者・自治会からは、説明会後の意見としても、家族に頼れない場合の選択肢が必要なため、関係する部署や地域団体と連携して改善してほしいです。,地域事業者・自治会,工業団地周辺,50代,事業者ヒアリング
359,地域の会合に来る人が、帰りの便を心配して参加を控えることがあります。夜間は多くなくてよいので、主要行事に合わせた便が必要です。 農村集落の地域事業者・自治会からは、家族や支援者の視点でも、窓口、紙、Webのどれでも確認できることが大切なため、具体的な運用条件まで示してほしいです。,地域事業者・自治会,農村集落,60代,自治会会議
360,複数路線の乗り継ぎ拠点を作るなら、待合スペースや案内板も一体で整備してほしいです。単に乗り換え時間を短くするだけでは不十分です。 中心市街地の地域事業者・自治会からは、日常的に利用する人からも、実際の生活動線に合う運用でないと使い続けにくいため、地域別の影響を確認してから判断してほしいです。,地域事業者・自治会,中心市街地,50代,地域説明会
361,駅前の病院へ行く便が昼前に集中しており、診察が長引くと帰りの足がなくなります。午後にも高齢者が安心して使える便を残してほしいです。 郊外住宅地の高齢者・免許返納者からは、説明会後の意見としても、家族に頼れない場合の選択肢が必要なため、関係する部署や地域団体と連携して改善してほしいです。,高齢者・免許返納者,郊外住宅地,70代,紙アンケート
362,免許を返してから買い物が一番困っています。週に数回でもスーパーと薬局を回る小型バスがあれば、家族に頼らず暮らせます。 中山間地域の高齢者・免許返納者からは、家族や支援者の視点でも、窓口、紙、Webのどれでも確認できることが大切なため、具体的な運用条件まで示してほしいです。,高齢者・免許返納者,中山間地域,80代,民生委員聞き取り
363,予約制の乗合交通は便利そうですが、電話が混んでいると不安です。前日までに予約でき、変更も簡単に伝えられる仕組みにしてほしいです。 農村集落の高齢者・免許返納者からは、日常的に利用する人からも、実際の生活動線に合う運用でないと使い続けにくいため、地域別の影響を確認してから判断してほしいです。,高齢者・免許返納者,農村集落,70代,電話相談
364,バス停まで歩く距離が長く、雨の日や冬場は転倒が心配です。集落内にもう少し細かく停車場所を設けるか、玄関先に近い乗降を検討してほしいです。 山あい地区の高齢者・免許返納者からは、初めて制度を調べた人からも、利用する時間帯や曜日で困り方が変わるため、試行期間を設けて利用者の声を再確認してほしいです。,高齢者・免許返納者,山あい地区,80代,地域説明会
365,時刻表が変わっても掲示だけでは気づきません。自治会の回覧や広報紙で、乗り継ぎ例まで具体的に知らせてもらえると使いやすいです。 旧市街の高齢者・免許返納者からは、平日昼間に動きづらい人からも、情報の届き方に個人差があるため、対象者に届く案内方法も合わせて検討してほしいです。,高齢者・免許返納者,旧市街,70代,紙アンケート
366,病院からコミュニティバスへ乗り継ぐ時間が短く、会計で少し遅れると一時間待ちになります。利用者の動きに合わせた余裕が必要です。 中心市街地の高齢者・免許返納者からは、地域活動に関わる人からも、費用負担と手続きの分かりやすさが利用を左右するため、必要な人が使えなくならないよう段階的に見直してほしいです。,高齢者・免許返納者,中心市街地,80代,窓口投稿
367,家族が働いている時間帯に移動できないと、結局タクシー代が重くなります。少人数でも利用できる昼間の便を削りすぎないでください。 郊外団地の高齢者・免許返納者からは、同じ立場の利用者からも、地区ごとの距離や交通手段の違いが大きいため、利用実績だけでなく困っている人の声も判断材料にしてほしいです。,高齢者・免許返納者,郊外団地,70代,紙アンケート
368,スマートフォンで予約と言われても操作に自信がありません。電話、紙の申込、家族による代理予約など複数の方法を用意してほしいです。 沿岸部の高齢者・免許返納者からは、別の地区の回答でも、急な予定変更に対応できるかが重要なため、変更後の問い合わせ先と代替手段を分かりやすく示してほしいです。,高齢者・免許返納者,沿岸部,80代,地域説明会
369,朝の便は学生で混み、杖を持って立つのが怖い時があります。高齢者の通院時間と通学時間が重なりすぎない調整をお願いしたいです。 駅周辺の高齢者・免許返納者からは、説明会後の意見としても、家族に頼れない場合の選択肢が必要なため、関係する部署や地域団体と連携して改善してほしいです。,高齢者・免許返納者,駅周辺,70代,電話相談
370,バスが遅れているのか、もう通過したのか分からないことがあります。停留所や電話で現在の運行状況を確認できると安心して待てます。 農村集落の高齢者・免許返納者からは、家族や支援者の視点でも、窓口、紙、Webのどれでも確認できることが大切なため、具体的な運用条件まで示してほしいです。,高齢者・免許返納者,農村集落,70代,紙アンケート
371,免許返納後の割引制度はありがたいですが、どの路線で使えるのか分かりにくいです。制度と使い方を一枚で見られる案内がほしいです。 中心市街地の高齢者・免許返納者からは、日常的に利用する人からも、実際の生活動線に合う運用でないと使い続けにくいため、地域別の影響を確認してから判断してほしいです。,高齢者・免許返納者,中心市街地,80代,窓口投稿
372,買い物帰りは荷物が多く、乗り継ぎで長く歩くのが負担です。商業施設と自宅方面を結ぶ便は、短い距離でも直行に近い形が助かります。 郊外住宅地の高齢者・免許返納者からは、初めて制度を調べた人からも、利用する時間帯や曜日で困り方が変わるため、試行期間を設けて利用者の声を再確認してほしいです。,高齢者・免許返納者,郊外住宅地,70代,民生委員聞き取り
373,朝のバスが一本遅れると始業に間に合いません。通勤時間帯だけでも本数を確保し、鉄道との接続を時刻表上で分かりやすくしてほしいです。 駅周辺の通勤通学者・保護者からは、平日昼間に動きづらい人からも、情報の届き方に個人差があるため、対象者に届く案内方法も合わせて検討してほしいです。,通勤通学者・保護者,駅周辺,40代,Webアンケート
374,子どもの部活後に帰れる便が少なく、迎えに行けない日は不安です。夕方以降の通学利用を想定した運行を見直してほしいです。 郊外住宅地の通勤通学者・保護者からは、地域活動に関わる人からも、費用負担と手続きの分かりやすさが利用を左右するため、必要な人が使えなくならないよう段階的に見直してほしいです。,通勤通学者・保護者,郊外住宅地,40代,PTA経由
375,保育園の送迎と出勤を両立するには、バス停の位置と時刻が合いません。子育て世帯の移動経路も調査してルートを考えてほしいです。 新興住宅地の通勤通学者・保護者からは、同じ立場の利用者からも、地区ごとの距離や交通手段の違いが大きいため、利用実績だけでなく困っている人の声も判断材料にしてほしいです。,通勤通学者・保護者,新興住宅地,30代,Webアンケート
376,乗り継ぎ前提でもよいですが、待ち時間が二十分を超えると車を選びます。主要停留所では接続便をそろえ、遅延時の扱いも決めてください。 中心市街地の通勤通学者・保護者からは、別の地区の回答でも、急な予定変更に対応できるかが重要なため、変更後の問い合わせ先と代替手段を分かりやすく示してほしいです。,通勤通学者・保護者,中心市街地,30代,Webアンケート
377,アプリで時刻検索できると助かりますが、学校から配られる紙の案内も必要です。家庭によって情報の受け取り方が違うことを考えてほしいです。 学区全域の通勤通学者・保護者からは、説明会後の意見としても、家族に頼れない場合の選択肢が必要なため、関係する部署や地域団体と連携して改善してほしいです。,通勤通学者・保護者,学区全域,40代,PTA経由
378,雨の日は自転車通学ができず、バスに集中して乗り切れないことがあります。天候による需要増を見込んだ臨時便や混雑情報が必要です。 郊外団地の通勤通学者・保護者からは、家族や支援者の視点でも、窓口、紙、Webのどれでも確認できることが大切なため、具体的な運用条件まで示してほしいです。,通勤通学者・保護者,郊外団地,10代,学校アンケート
379,予約型交通は柔軟ですが、通勤では毎回予約する手間が負担です。定期利用者向けに曜日固定の予約やキャンセル通知を整えてほしいです。 農村集落の通勤通学者・保護者からは、日常的に利用する人からも、実際の生活動線に合う運用でないと使い続けにくいため、地域別の影響を確認してから判断してほしいです。,通勤通学者・保護者,農村集落,50代,Webアンケート
380,帰宅時間が残業で変わるため、最終便が早いと利用を諦めます。毎日でなくても、平日の夜に選択肢が残る運行にしてほしいです。 工業団地周辺の通勤通学者・保護者からは、初めて制度を調べた人からも、利用する時間帯や曜日で困り方が変わるため、試行期間を設けて利用者の声を再確認してほしいです。,通勤通学者・保護者,工業団地周辺,30代,Webアンケート
381,高校への直通便がなく、乗り換えでかなり遠回りになります。生徒数の多い方面だけでも登下校時間に合わせた短絡ルートを検討してください。 中山間地域の通勤通学者・保護者からは、平日昼間に動きづらい人からも、情報の届き方に個人差があるため、対象者に届く案内方法も合わせて検討してほしいです。,通勤通学者・保護者,中山間地域,10代,学校アンケート
382,時刻表が複数の会社に分かれていて、初めて使う人には分かりません。市のサイトで目的地別に検索できる統一案内がほしいです。 市内全域の通勤通学者・保護者からは、地域活動に関わる人からも、費用負担と手続きの分かりやすさが利用を左右するため、必要な人が使えなくならないよう段階的に見直してほしいです。,通勤通学者・保護者,市内全域,40代,Webアンケート
383,子どもだけで乗る場合、予約型交通の乗車場所や運転手への伝え方が心配です。保護者へ事前に分かる確認通知を出してほしいです。 郊外住宅地の通勤通学者・保護者からは、同じ立場の利用者からも、地区ごとの距離や交通手段の違いが大きいため、利用実績だけでなく困っている人の声も判断材料にしてほしいです。,通勤通学者・保護者,郊外住宅地,30代,PTA経由
384,駅までの短い移動でも、朝は道路が混んでバスの時間が読めません。遅延を前提にした接続案内やリアルタイム表示を整備してください。 駅周辺の通勤通学者・保護者からは、別の地区の回答でも、急な予定変更に対応できるかが重要なため、変更後の問い合わせ先と代替手段を分かりやすく示してほしいです。,通勤通学者・保護者,駅周辺,50代,Webアンケート
385,商店街の利用者は高齢の方が多く、バスが減ると来店そのものが減ります。買い物時間帯に合わせた循環便を維持してほしいです。 商店街の地域事業者・自治会からは、説明会後の意見としても、家族に頼れない場合の選択肢が必要なため、関係する部署や地域団体と連携して改善してほしいです。,地域事業者・自治会,商店街,60代,事業者ヒアリング
386,イベント開催日は通常の時刻表では来場者をさばけません。臨時便の予約方法や運行情報を、主催者と早めに共有できる仕組みが必要です。 中心市街地の地域事業者・自治会からは、家族や支援者の視点でも、窓口、紙、Webのどれでも確認できることが大切なため、具体的な運用条件まで示してほしいです。,地域事業者・自治会,中心市街地,50代,自治会会議
387,自治会で高齢者の外出支援をしていますが、運行変更の説明が遅いと住民に伝えきれません。地域単位の説明資料を早めに出してください。 農村集落の地域事業者・自治会からは、日常的に利用する人からも、実際の生活動線に合う運用でないと使い続けにくいため、地域別の影響を確認してから判断してほしいです。,地域事業者・自治会,農村集落,60代,自治会会議
388,デマンド交通を導入するなら、地域の集会所を予約相談の窓口にできます。ただし担当者だけに負担が集中しない運用設計が必要です。 山あい地区の地域事業者・自治会からは、初めて制度を調べた人からも、利用する時間帯や曜日で困り方が変わるため、試行期間を設けて利用者の声を再確認してほしいです。,地域事業者・自治会,山あい地区,60代,地域説明会
389,観光客が駅から店舗まで来る手段が少なく、週末だけでも接続が良くなれば回遊が増えます。観光施設との乗り継ぎを意識してほしいです。 観光地区の地域事業者・自治会からは、平日昼間に動きづらい人からも、情報の届き方に個人差があるため、対象者に届く案内方法も合わせて検討してほしいです。,地域事業者・自治会,観光地区,40代,事業者ヒアリング
390,朝夕だけでなく、昼の買い物時間帯に空白があると地域の店は利用されません。生活と商業の両方を支えるダイヤにしてほしいです。 旧市街の地域事業者・自治会からは、地域活動に関わる人からも、費用負担と手続きの分かりやすさが利用を左右するため、必要な人が使えなくならないよう段階的に見直してほしいです。,地域事業者・自治会,旧市街,50代,事業者ヒアリング
391,地域内の停留所名が古い通称のままで、初めて来る人には場所が分かりません。地図、施設名、写真を組み合わせた案内に改善してください。 商店街の地域事業者・自治会からは、同じ立場の利用者からも、地区ごとの距離や交通手段の違いが大きいため、利用実績だけでなく困っている人の声も判断材料にしてほしいです。,地域事業者・自治会,商店街,40代,Webアンケート
392,自治会で移動困難者を把握しても、個別送迎だけでは限界があります。公共交通と地域ボランティアが役割分担できる制度にしてほしいです。 郊外団地の地域事業者・自治会からは、別の地区の回答でも、急な予定変更に対応できるかが重要なため、変更後の問い合わせ先と代替手段を分かりやすく示してほしいです。,地域事業者・自治会,郊外団地,70代,自治会会議
393,予約制にする場合、当日朝まで受け付けないと急な通院や買い物に対応できません。空き状況を地域でも確認できる方法があると助かります。 中山間地域の地域事業者・自治会からは、説明会後の意見としても、家族に頼れない場合の選択肢が必要なため、関係する部署や地域団体と連携して改善してほしいです。,地域事業者・自治会,中山間地域,50代,地域説明会
394,工業団地の勤務交代時間と路線バスの時刻が合わず、従業員募集にも影響しています。企業側のシフト情報も聞いてダイヤを組んでください。 工業団地周辺の地域事業者・自治会からは、家族や支援者の視点でも、窓口、紙、Webのどれでも確認できることが大切なため、具体的な運用条件まで示してほしいです。,地域事業者・自治会,工業団地周辺,50代,事業者ヒアリング
395,地域の会合に来る人が、帰りの便を心配して参加を控えることがあります。夜間は多くなくてよいので、主要行事に合わせた便が必要です。 農村集落の地域事業者・自治会からは、日常的に利用する人からも、実際の生活動線に合う運用でないと使い続けにくいため、地域別の影響を確認してから判断してほしいです。,地域事業者・自治会,農村集落,60代,自治会会議
396,複数路線の乗り継ぎ拠点を作るなら、待合スペースや案内板も一体で整備してほしいです。単に乗り換え時間を短くするだけでは不十分です。 中心市街地の地域事業者・自治会からは、初めて制度を調べた人からも、利用する時間帯や曜日で困り方が変わるため、試行期間を設けて利用者の声を再確認してほしいです。,地域事業者・自治会,中心市街地,50代,地域説明会
397,駅前の病院へ行く便が昼前に集中しており、診察が長引くと帰りの足がなくなります。午後にも高齢者が安心して使える便を残してほしいです。 郊外住宅地の高齢者・免許返納者からは、家族や支援者の視点でも、窓口、紙、Webのどれでも確認できることが大切なため、具体的な運用条件まで示してほしいです。,高齢者・免許返納者,郊外住宅地,70代,紙アンケート
398,免許を返してから買い物が一番困っています。週に数回でもスーパーと薬局を回る小型バスがあれば、家族に頼らず暮らせます。 中山間地域の高齢者・免許返納者からは、日常的に利用する人からも、実際の生活動線に合う運用でないと使い続けにくいため、地域別の影響を確認してから判断してほしいです。,高齢者・免許返納者,中山間地域,80代,民生委員聞き取り
399,予約制の乗合交通は便利そうですが、電話が混んでいると不安です。前日までに予約でき、変更も簡単に伝えられる仕組みにしてほしいです。 農村集落の高齢者・免許返納者からは、初めて制度を調べた人からも、利用する時間帯や曜日で困り方が変わるため、試行期間を設けて利用者の声を再確認してほしいです。,高齢者・免許返納者,農村集落,70代,電話相談
400,バス停まで歩く距離が長く、雨の日や冬場は転倒が心配です。集落内にもう少し細かく停車場所を設けるか、玄関先に近い乗降を検討してほしいです。 山あい地区の高齢者・免許返納者からは、平日昼間に動きづらい人からも、情報の届き方に個人差があるため、対象者に届く案内方法も合わせて検討してほしいです。,高齢者・免許返納者,山あい地区,80代,地域説明会
401,時刻表が変わっても掲示だけでは気づきません。自治会の回覧や広報紙で、乗り継ぎ例まで具体的に知らせてもらえると使いやすいです。 旧市街の高齢者・免許返納者からは、地域活動に関わる人からも、費用負担と手続きの分かりやすさが利用を左右するため、必要な人が使えなくならないよう段階的に見直してほしいです。,高齢者・免許返納者,旧市街,70代,紙アンケート
402,病院からコミュニティバスへ乗り継ぐ時間が短く、会計で少し遅れると一時間待ちになります。利用者の動きに合わせた余裕が必要です。 中心市街地の高齢者・免許返納者からは、同じ立場の利用者からも、地区ごとの距離や交通手段の違いが大きいため、利用実績だけでなく困っている人の声も判断材料にしてほしいです。,高齢者・免許返納者,中心市街地,80代,窓口投稿
403,家族が働いている時間帯に移動できないと、結局タクシー代が重くなります。少人数でも利用できる昼間の便を削りすぎないでください。 郊外団地の高齢者・免許返納者からは、別の地区の回答でも、急な予定変更に対応できるかが重要なため、変更後の問い合わせ先と代替手段を分かりやすく示してほしいです。,高齢者・免許返納者,郊外団地,70代,紙アンケート
404,スマートフォンで予約と言われても操作に自信がありません。電話、紙の申込、家族による代理予約など複数の方法を用意してほしいです。 沿岸部の高齢者・免許返納者からは、説明会後の意見としても、家族に頼れない場合の選択肢が必要なため、関係する部署や地域団体と連携して改善してほしいです。,高齢者・免許返納者,沿岸部,80代,地域説明会
405,朝の便は学生で混み、杖を持って立つのが怖い時があります。高齢者の通院時間と通学時間が重なりすぎない調整をお願いしたいです。 駅周辺の高齢者・免許返納者からは、家族や支援者の視点でも、窓口、紙、Webのどれでも確認できることが大切なため、具体的な運用条件まで示してほしいです。,高齢者・免許返納者,駅周辺,70代,電話相談
406,バスが遅れているのか、もう通過したのか分からないことがあります。停留所や電話で現在の運行状況を確認できると安心して待てます。 農村集落の高齢者・免許返納者からは、日常的に利用する人からも、実際の生活動線に合う運用でないと使い続けにくいため、地域別の影響を確認してから判断してほしいです。,高齢者・免許返納者,農村集落,70代,紙アンケート
407,免許返納後の割引制度はありがたいですが、どの路線で使えるのか分かりにくいです。制度と使い方を一枚で見られる案内がほしいです。 中心市街地の高齢者・免許返納者からは、初めて制度を調べた人からも、利用する時間帯や曜日で困り方が変わるため、試行期間を設けて利用者の声を再確認してほしいです。,高齢者・免許返納者,中心市街地,80代,窓口投稿
408,買い物帰りは荷物が多く、乗り継ぎで長く歩くのが負担です。商業施設と自宅方面を結ぶ便は、短い距離でも直行に近い形が助かります。 郊外住宅地の高齢者・免許返納者からは、平日昼間に動きづらい人からも、情報の届き方に個人差があるため、対象者に届く案内方法も合わせて検討してほしいです。,高齢者・免許返納者,郊外住宅地,70代,民生委員聞き取り
409,朝のバスが一本遅れると始業に間に合いません。通勤時間帯だけでも本数を確保し、鉄道との接続を時刻表上で分かりやすくしてほしいです。 駅周辺の通勤通学者・保護者からは、地域活動に関わる人からも、費用負担と手続きの分かりやすさが利用を左右するため、必要な人が使えなくならないよう段階的に見直してほしいです。,通勤通学者・保護者,駅周辺,40代,Webアンケート
410,子どもの部活後に帰れる便が少なく、迎えに行けない日は不安です。夕方以降の通学利用を想定した運行を見直してほしいです。 郊外住宅地の通勤通学者・保護者からは、同じ立場の利用者からも、地区ごとの距離や交通手段の違いが大きいため、利用実績だけでなく困っている人の声も判断材料にしてほしいです。,通勤通学者・保護者,郊外住宅地,40代,PTA経由
411,保育園の送迎と出勤を両立するには、バス停の位置と時刻が合いません。子育て世帯の移動経路も調査してルートを考えてほしいです。 新興住宅地の通勤通学者・保護者からは、別の地区の回答でも、急な予定変更に対応できるかが重要なため、変更後の問い合わせ先と代替手段を分かりやすく示してほしいです。,通勤通学者・保護者,新興住宅地,30代,Webアンケート
412,乗り継ぎ前提でもよいですが、待ち時間が二十分を超えると車を選びます。主要停留所では接続便をそろえ、遅延時の扱いも決めてください。 中心市街地の通勤通学者・保護者からは、説明会後の意見としても、家族に頼れない場合の選択肢が必要なため、関係する部署や地域団体と連携して改善してほしいです。,通勤通学者・保護者,中心市街地,30代,Webアンケート
413,アプリで時刻検索できると助かりますが、学校から配られる紙の案内も必要です。家庭によって情報の受け取り方が違うことを考えてほしいです。 学区全域の通勤通学者・保護者からは、家族や支援者の視点でも、窓口、紙、Webのどれでも確認できることが大切なため、具体的な運用条件まで示してほしいです。,通勤通学者・保護者,学区全域,40代,PTA経由
414,雨の日は自転車通学ができず、バスに集中して乗り切れないことがあります。天候による需要増を見込んだ臨時便や混雑情報が必要です。 郊外団地の通勤通学者・保護者からは、日常的に利用する人からも、実際の生活動線に合う運用でないと使い続けにくいため、地域別の影響を確認してから判断してほしいです。,通勤通学者・保護者,郊外団地,10代,学校アンケート
415,予約型交通は柔軟ですが、通勤では毎回予約する手間が負担です。定期利用者向けに曜日固定の予約やキャンセル通知を整えてほしいです。 農村集落の通勤通学者・保護者からは、初めて制度を調べた人からも、利用する時間帯や曜日で困り方が変わるため、試行期間を設けて利用者の声を再確認してほしいです。,通勤通学者・保護者,農村集落,50代,Webアンケート
416,帰宅時間が残業で変わるため、最終便が早いと利用を諦めます。毎日でなくても、平日の夜に選択肢が残る運行にしてほしいです。 工業団地周辺の通勤通学者・保護者からは、平日昼間に動きづらい人からも、情報の届き方に個人差があるため、対象者に届く案内方法も合わせて検討してほしいです。,通勤通学者・保護者,工業団地周辺,30代,Webアンケート
417,高校への直通便がなく、乗り換えでかなり遠回りになります。生徒数の多い方面だけでも登下校時間に合わせた短絡ルートを検討してください。 中山間地域の通勤通学者・保護者からは、地域活動に関わる人からも、費用負担と手続きの分かりやすさが利用を左右するため、必要な人が使えなくならないよう段階的に見直してほしいです。,通勤通学者・保護者,中山間地域,10代,学校アンケート
418,時刻表が複数の会社に分かれていて、初めて使う人には分かりません。市のサイトで目的地別に検索できる統一案内がほしいです。 市内全域の通勤通学者・保護者からは、同じ立場の利用者からも、地区ごとの距離や交通手段の違いが大きいため、利用実績だけでなく困っている人の声も判断材料にしてほしいです。,通勤通学者・保護者,市内全域,40代,Webアンケート
419,子どもだけで乗る場合、予約型交通の乗車場所や運転手への伝え方が心配です。保護者へ事前に分かる確認通知を出してほしいです。 郊外住宅地の通勤通学者・保護者からは、別の地区の回答でも、急な予定変更に対応できるかが重要なため、変更後の問い合わせ先と代替手段を分かりやすく示してほしいです。,通勤通学者・保護者,郊外住宅地,30代,PTA経由
420,駅までの短い移動でも、朝は道路が混んでバスの時間が読めません。遅延を前提にした接続案内やリアルタイム表示を整備してください。 駅周辺の通勤通学者・保護者からは、説明会後の意見としても、家族に頼れない場合の選択肢が必要なため、関係する部署や地域団体と連携して改善してほしいです。,通勤通学者・保護者,駅周辺,50代,Webアンケート
421,商店街の利用者は高齢の方が多く、バスが減ると来店そのものが減ります。買い物時間帯に合わせた循環便を維持してほしいです。 商店街の地域事業者・自治会からは、家族や支援者の視点でも、窓口、紙、Webのどれでも確認できることが大切なため、具体的な運用条件まで示してほしいです。,地域事業者・自治会,商店街,60代,事業者ヒアリング
422,イベント開催日は通常の時刻表では来場者をさばけません。臨時便の予約方法や運行情報を、主催者と早めに共有できる仕組みが必要です。 中心市街地の地域事業者・自治会からは、日常的に利用する人からも、実際の生活動線に合う運用でないと使い続けにくいため、地域別の影響を確認してから判断してほしいです。,地域事業者・自治会,中心市街地,50代,自治会会議
423,自治会で高齢者の外出支援をしていますが、運行変更の説明が遅いと住民に伝えきれません。地域単位の説明資料を早めに出してください。 農村集落の地域事業者・自治会からは、初めて制度を調べた人からも、利用する時間帯や曜日で困り方が変わるため、試行期間を設けて利用者の声を再確認してほしいです。,地域事業者・自治会,農村集落,60代,自治会会議
424,デマンド交通を導入するなら、地域の集会所を予約相談の窓口にできます。ただし担当者だけに負担が集中しない運用設計が必要です。 山あい地区の地域事業者・自治会からは、平日昼間に動きづらい人からも、情報の届き方に個人差があるため、対象者に届く案内方法も合わせて検討してほしいです。,地域事業者・自治会,山あい地区,60代,地域説明会
425,観光客が駅から店舗まで来る手段が少なく、週末だけでも接続が良くなれば回遊が増えます。観光施設との乗り継ぎを意識してほしいです。 観光地区の地域事業者・自治会からは、地域活動に関わる人からも、費用負担と手続きの分かりやすさが利用を左右するため、必要な人が使えなくならないよう段階的に見直してほしいです。,地域事業者・自治会,観光地区,40代,事業者ヒアリング
426,朝夕だけでなく、昼の買い物時間帯に空白があると地域の店は利用されません。生活と商業の両方を支えるダイヤにしてほしいです。 旧市街の地域事業者・自治会からは、同じ立場の利用者からも、地区ごとの距離や交通手段の違いが大きいため、利用実績だけでなく困っている人の声も判断材料にしてほしいです。,地域事業者・自治会,旧市街,50代,事業者ヒアリング
427,地域内の停留所名が古い通称のままで、初めて来る人には場所が分かりません。地図、施設名、写真を組み合わせた案内に改善してください。 商店街の地域事業者・自治会からは、別の地区の回答でも、急な予定変更に対応できるかが重要なため、変更後の問い合わせ先と代替手段を分かりやすく示してほしいです。,地域事業者・自治会,商店街,40代,Webアンケート
428,自治会で移動困難者を把握しても、個別送迎だけでは限界があります。公共交通と地域ボランティアが役割分担できる制度にしてほしいです。 郊外団地の地域事業者・自治会からは、説明会後の意見としても、家族に頼れない場合の選択肢が必要なため、関係する部署や地域団体と連携して改善してほしいです。,地域事業者・自治会,郊外団地,70代,自治会会議
429,予約制にする場合、当日朝まで受け付けないと急な通院や買い物に対応できません。空き状況を地域でも確認できる方法があると助かります。 中山間地域の地域事業者・自治会からは、家族や支援者の視点でも、窓口、紙、Webのどれでも確認できることが大切なため、具体的な運用条件まで示してほしいです。,地域事業者・自治会,中山間地域,50代,地域説明会
430,工業団地の勤務交代時間と路線バスの時刻が合わず、従業員募集にも影響しています。企業側のシフト情報も聞いてダイヤを組んでください。 工業団地周辺の地域事業者・自治会からは、日常的に利用する人からも、実際の生活動線に合う運用でないと使い続けにくいため、地域別の影響を確認してから判断してほしいです。,地域事業者・自治会,工業団地周辺,50代,事業者ヒアリング
431,地域の会合に来る人が、帰りの便を心配して参加を控えることがあります。夜間は多くなくてよいので、主要行事に合わせた便が必要です。 農村集落の地域事業者・自治会からは、初めて制度を調べた人からも、利用する時間帯や曜日で困り方が変わるため、試行期間を設けて利用者の声を再確認してほしいです。,地域事業者・自治会,農村集落,60代,自治会会議
432,複数路線の乗り継ぎ拠点を作るなら、待合スペースや案内板も一体で整備してほしいです。単に乗り換え時間を短くするだけでは不十分です。 中心市街地の地域事業者・自治会からは、平日昼間に動きづらい人からも、情報の届き方に個人差があるため、対象者に届く案内方法も合わせて検討してほしいです。,地域事業者・自治会,中心市街地,50代,地域説明会
433,駅前の病院へ行く便が昼前に集中しており、診察が長引くと帰りの足がなくなります。午後にも高齢者が安心して使える便を残してほしいです。 郊外住宅地の高齢者・免許返納者からは、日常的に利用する人からも、実際の生活動線に合う運用でないと使い続けにくいため、地域別の影響を確認してから判断してほしいです。,高齢者・免許返納者,郊外住宅地,70代,紙アンケート
434,免許を返してから買い物が一番困っています。週に数回でもスーパーと薬局を回る小型バスがあれば、家族に頼らず暮らせます。 中山間地域の高齢者・免許返納者からは、初めて制度を調べた人からも、利用する時間帯や曜日で困り方が変わるため、試行期間を設けて利用者の声を再確認してほしいです。,高齢者・免許返納者,中山間地域,80代,民生委員聞き取り
435,予約制の乗合交通は便利そうですが、電話が混んでいると不安です。前日までに予約でき、変更も簡単に伝えられる仕組みにしてほしいです。 農村集落の高齢者・免許返納者からは、平日昼間に動きづらい人からも、情報の届き方に個人差があるため、対象者に届く案内方法も合わせて検討してほしいです。,高齢者・免許返納者,農村集落,70代,電話相談
436,バス停まで歩く距離が長く、雨の日や冬場は転倒が心配です。集落内にもう少し細かく停車場所を設けるか、玄関先に近い乗降を検討してほしいです。 山あい地区の高齢者・免許返納者からは、地域活動に関わる人からも、費用負担と手続きの分かりやすさが利用を左右するため、必要な人が使えなくならないよう段階的に見直してほしいです。,高齢者・免許返納者,山あい地区,80代,地域説明会
437,時刻表が変わっても掲示だけでは気づきません。自治会の回覧や広報紙で、乗り継ぎ例まで具体的に知らせてもらえると使いやすいです。 旧市街の高齢者・免許返納者からは、同じ立場の利用者からも、地区ごとの距離や交通手段の違いが大きいため、利用実績だけでなく困っている人の声も判断材料にしてほしいです。,高齢者・免許返納者,旧市街,70代,紙アンケート
438,病院からコミュニティバスへ乗り継ぐ時間が短く、会計で少し遅れると一時間待ちになります。利用者の動きに合わせた余裕が必要です。 中心市街地の高齢者・免許返納者からは、別の地区の回答でも、急な予定変更に対応できるかが重要なため、変更後の問い合わせ先と代替手段を分かりやすく示してほしいです。,高齢者・免許返納者,中心市街地,80代,窓口投稿
439,家族が働いている時間帯に移動できないと、結局タクシー代が重くなります。少人数でも利用できる昼間の便を削りすぎないでください。 郊外団地の高齢者・免許返納者からは、説明会後の意見としても、家族に頼れない場合の選択肢が必要なため、関係する部署や地域団体と連携して改善してほしいです。,高齢者・免許返納者,郊外団地,70代,紙アンケート
440,スマートフォンで予約と言われても操作に自信がありません。電話、紙の申込、家族による代理予約など複数の方法を用意してほしいです。 沿岸部の高齢者・免許返納者からは、家族や支援者の視点でも、窓口、紙、Webのどれでも確認できることが大切なため、具体的な運用条件まで示してほしいです。,高齢者・免許返納者,沿岸部,80代,地域説明会
441,朝の便は学生で混み、杖を持って立つのが怖い時があります。高齢者の通院時間と通学時間が重なりすぎない調整をお願いしたいです。 駅周辺の高齢者・免許返納者からは、日常的に利用する人からも、実際の生活動線に合う運用でないと使い続けにくいため、地域別の影響を確認してから判断してほしいです。,高齢者・免許返納者,駅周辺,70代,電話相談
442,バスが遅れているのか、もう通過したのか分からないことがあります。停留所や電話で現在の運行状況を確認できると安心して待てます。 農村集落の高齢者・免許返納者からは、初めて制度を調べた人からも、利用する時間帯や曜日で困り方が変わるため、試行期間を設けて利用者の声を再確認してほしいです。,高齢者・免許返納者,農村集落,70代,紙アンケート
443,免許返納後の割引制度はありがたいですが、どの路線で使えるのか分かりにくいです。制度と使い方を一枚で見られる案内がほしいです。 中心市街地の高齢者・免許返納者からは、平日昼間に動きづらい人からも、情報の届き方に個人差があるため、対象者に届く案内方法も合わせて検討してほしいです。,高齢者・免許返納者,中心市街地,80代,窓口投稿
444,買い物帰りは荷物が多く、乗り継ぎで長く歩くのが負担です。商業施設と自宅方面を結ぶ便は、短い距離でも直行に近い形が助かります。 郊外住宅地の高齢者・免許返納者からは、地域活動に関わる人からも、費用負担と手続きの分かりやすさが利用を左右するため、必要な人が使えなくならないよう段階的に見直してほしいです。,高齢者・免許返納者,郊外住宅地,70代,民生委員聞き取り
445,朝のバスが一本遅れると始業に間に合いません。通勤時間帯だけでも本数を確保し、鉄道との接続を時刻表上で分かりやすくしてほしいです。 駅周辺の通勤通学者・保護者からは、同じ立場の利用者からも、地区ごとの距離や交通手段の違いが大きいため、利用実績だけでなく困っている人の声も判断材料にしてほしいです。,通勤通学者・保護者,駅周辺,40代,Webアンケート
446,子どもの部活後に帰れる便が少なく、迎えに行けない日は不安です。夕方以降の通学利用を想定した運行を見直してほしいです。 郊外住宅地の通勤通学者・保護者からは、別の地区の回答でも、急な予定変更に対応できるかが重要なため、変更後の問い合わせ先と代替手段を分かりやすく示してほしいです。,通勤通学者・保護者,郊外住宅地,40代,PTA経由
447,保育園の送迎と出勤を両立するには、バス停の位置と時刻が合いません。子育て世帯の移動経路も調査してルートを考えてほしいです。 新興住宅地の通勤通学者・保護者からは、説明会後の意見としても、家族に頼れない場合の選択肢が必要なため、関係する部署や地域団体と連携して改善してほしいです。,通勤通学者・保護者,新興住宅地,30代,Webアンケート
448,乗り継ぎ前提でもよいですが、待ち時間が二十分を超えると車を選びます。主要停留所では接続便をそろえ、遅延時の扱いも決めてください。 中心市街地の通勤通学者・保護者からは、家族や支援者の視点でも、窓口、紙、Webのどれでも確認できることが大切なため、具体的な運用条件まで示してほしいです。,通勤通学者・保護者,中心市街地,30代,Webアンケート
449,アプリで時刻検索できると助かりますが、学校から配られる紙の案内も必要です。家庭によって情報の受け取り方が違うことを考えてほしいです。 学区全域の通勤通学者・保護者からは、日常的に利用する人からも、実際の生活動線に合う運用でないと使い続けにくいため、地域別の影響を確認してから判断してほしいです。,通勤通学者・保護者,学区全域,40代,PTA経由
450,雨の日は自転車通学ができず、バスに集中して乗り切れないことがあります。天候による需要増を見込んだ臨時便や混雑情報が必要です。 郊外団地の通勤通学者・保護者からは、初めて制度を調べた人からも、利用する時間帯や曜日で困り方が変わるため、試行期間を設けて利用者の声を再確認してほしいです。,通勤通学者・保護者,郊外団地,10代,学校アンケート
451,予約型交通は柔軟ですが、通勤では毎回予約する手間が負担です。定期利用者向けに曜日固定の予約やキャンセル通知を整えてほしいです。 農村集落の通勤通学者・保護者からは、平日昼間に動きづらい人からも、情報の届き方に個人差があるため、対象者に届く案内方法も合わせて検討してほしいです。,通勤通学者・保護者,農村集落,50代,Webアンケート
452,帰宅時間が残業で変わるため、最終便が早いと利用を諦めます。毎日でなくても、平日の夜に選択肢が残る運行にしてほしいです。 工業団地周辺の通勤通学者・保護者からは、地域活動に関わる人からも、費用負担と手続きの分かりやすさが利用を左右するため、必要な人が使えなくならないよう段階的に見直してほしいです。,通勤通学者・保護者,工業団地周辺,30代,Webアンケート
453,高校への直通便がなく、乗り換えでかなり遠回りになります。生徒数の多い方面だけでも登下校時間に合わせた短絡ルートを検討してください。 中山間地域の通勤通学者・保護者からは、同じ立場の利用者からも、地区ごとの距離や交通手段の違いが大きいため、利用実績だけでなく困っている人の声も判断材料にしてほしいです。,通勤通学者・保護者,中山間地域,10代,学校アンケート
454,時刻表が複数の会社に分かれていて、初めて使う人には分かりません。市のサイトで目的地別に検索できる統一案内がほしいです。 市内全域の通勤通学者・保護者からは、別の地区の回答でも、急な予定変更に対応できるかが重要なため、変更後の問い合わせ先と代替手段を分かりやすく示してほしいです。,通勤通学者・保護者,市内全域,40代,Webアンケート
455,子どもだけで乗る場合、予約型交通の乗車場所や運転手への伝え方が心配です。保護者へ事前に分かる確認通知を出してほしいです。 郊外住宅地の通勤通学者・保護者からは、説明会後の意見としても、家族に頼れない場合の選択肢が必要なため、関係する部署や地域団体と連携して改善してほしいです。,通勤通学者・保護者,郊外住宅地,30代,PTA経由
456,駅までの短い移動でも、朝は道路が混んでバスの時間が読めません。遅延を前提にした接続案内やリアルタイム表示を整備してください。 駅周辺の通勤通学者・保護者からは、家族や支援者の視点でも、窓口、紙、Webのどれでも確認できることが大切なため、具体的な運用条件まで示してほしいです。,通勤通学者・保護者,駅周辺,50代,Webアンケート
457,商店街の利用者は高齢の方が多く、バスが減ると来店そのものが減ります。買い物時間帯に合わせた循環便を維持してほしいです。 商店街の地域事業者・自治会からは、日常的に利用する人からも、実際の生活動線に合う運用でないと使い続けにくいため、地域別の影響を確認してから判断してほしいです。,地域事業者・自治会,商店街,60代,事業者ヒアリング
458,イベント開催日は通常の時刻表では来場者をさばけません。臨時便の予約方法や運行情報を、主催者と早めに共有できる仕組みが必要です。 中心市街地の地域事業者・自治会からは、初めて制度を調べた人からも、利用する時間帯や曜日で困り方が変わるため、試行期間を設けて利用者の声を再確認してほしいです。,地域事業者・自治会,中心市街地,50代,自治会会議
459,自治会で高齢者の外出支援をしていますが、運行変更の説明が遅いと住民に伝えきれません。地域単位の説明資料を早めに出してください。 農村集落の地域事業者・自治会からは、平日昼間に動きづらい人からも、情報の届き方に個人差があるため、対象者に届く案内方法も合わせて検討してほしいです。,地域事業者・自治会,農村集落,60代,自治会会議
460,デマンド交通を導入するなら、地域の集会所を予約相談の窓口にできます。ただし担当者だけに負担が集中しない運用設計が必要です。 山あい地区の地域事業者・自治会からは、地域活動に関わる人からも、費用負担と手続きの分かりやすさが利用を左右するため、必要な人が使えなくならないよう段階的に見直してほしいです。,地域事業者・自治会,山あい地区,60代,地域説明会
461,観光客が駅から店舗まで来る手段が少なく、週末だけでも接続が良くなれば回遊が増えます。観光施設との乗り継ぎを意識してほしいです。 観光地区の地域事業者・自治会からは、同じ立場の利用者からも、地区ごとの距離や交通手段の違いが大きいため、利用実績だけでなく困っている人の声も判断材料にしてほしいです。,地域事業者・自治会,観光地区,40代,事業者ヒアリング
462,朝夕だけでなく、昼の買い物時間帯に空白があると地域の店は利用されません。生活と商業の両方を支えるダイヤにしてほしいです。 旧市街の地域事業者・自治会からは、別の地区の回答でも、急な予定変更に対応できるかが重要なため、変更後の問い合わせ先と代替手段を分かりやすく示してほしいです。,地域事業者・自治会,旧市街,50代,事業者ヒアリング
463,地域内の停留所名が古い通称のままで、初めて来る人には場所が分かりません。地図、施設名、写真を組み合わせた案内に改善してください。 商店街の地域事業者・自治会からは、説明会後の意見としても、家族に頼れない場合の選択肢が必要なため、関係する部署や地域団体と連携して改善してほしいです。,地域事業者・自治会,商店街,40代,Webアンケート
464,自治会で移動困難者を把握しても、個別送迎だけでは限界があります。公共交通と地域ボランティアが役割分担できる制度にしてほしいです。 郊外団地の地域事業者・自治会からは、家族や支援者の視点でも、窓口、紙、Webのどれでも確認できることが大切なため、具体的な運用条件まで示してほしいです。,地域事業者・自治会,郊外団地,70代,自治会会議
465,予約制にする場合、当日朝まで受け付けないと急な通院や買い物に対応できません。空き状況を地域でも確認できる方法があると助かります。 中山間地域の地域事業者・自治会からは、日常的に利用する人からも、実際の生活動線に合う運用でないと使い続けにくいため、地域別の影響を確認してから判断してほしいです。,地域事業者・自治会,中山間地域,50代,地域説明会
466,工業団地の勤務交代時間と路線バスの時刻が合わず、従業員募集にも影響しています。企業側のシフト情報も聞いてダイヤを組んでください。 工業団地周辺の地域事業者・自治会からは、初めて制度を調べた人からも、利用する時間帯や曜日で困り方が変わるため、試行期間を設けて利用者の声を再確認してほしいです。,地域事業者・自治会,工業団地周辺,50代,事業者ヒアリング
467,地域の会合に来る人が、帰りの便を心配して参加を控えることがあります。夜間は多くなくてよいので、主要行事に合わせた便が必要です。 農村集落の地域事業者・自治会からは、平日昼間に動きづらい人からも、情報の届き方に個人差があるため、対象者に届く案内方法も合わせて検討してほしいです。,地域事業者・自治会,農村集落,60代,自治会会議
468,複数路線の乗り継ぎ拠点を作るなら、待合スペースや案内板も一体で整備してほしいです。単に乗り換え時間を短くするだけでは不十分です。 中心市街地の地域事業者・自治会からは、地域活動に関わる人からも、費用負担と手続きの分かりやすさが利用を左右するため、必要な人が使えなくならないよう段階的に見直してほしいです。,地域事業者・自治会,中心市街地,50代,地域説明会
469,駅前の病院へ行く便が昼前に集中しており、診察が長引くと帰りの足がなくなります。午後にも高齢者が安心して使える便を残してほしいです。 郊外住宅地の高齢者・免許返納者からは、初めて制度を調べた人からも、利用する時間帯や曜日で困り方が変わるため、試行期間を設けて利用者の声を再確認してほしいです。,高齢者・免許返納者,郊外住宅地,70代,紙アンケート
470,免許を返してから買い物が一番困っています。週に数回でもスーパーと薬局を回る小型バスがあれば、家族に頼らず暮らせます。 中山間地域の高齢者・免許返納者からは、平日昼間に動きづらい人からも、情報の届き方に個人差があるため、対象者に届く案内方法も合わせて検討してほしいです。,高齢者・免許返納者,中山間地域,80代,民生委員聞き取り
471,予約制の乗合交通は便利そうですが、電話が混んでいると不安です。前日までに予約でき、変更も簡単に伝えられる仕組みにしてほしいです。 農村集落の高齢者・免許返納者からは、地域活動に関わる人からも、費用負担と手続きの分かりやすさが利用を左右するため、必要な人が使えなくならないよう段階的に見直してほしいです。,高齢者・免許返納者,農村集落,70代,電話相談
472,バス停まで歩く距離が長く、雨の日や冬場は転倒が心配です。集落内にもう少し細かく停車場所を設けるか、玄関先に近い乗降を検討してほしいです。 山あい地区の高齢者・免許返納者からは、同じ立場の利用者からも、地区ごとの距離や交通手段の違いが大きいため、利用実績だけでなく困っている人の声も判断材料にしてほしいです。,高齢者・免許返納者,山あい地区,80代,地域説明会
473,時刻表が変わっても掲示だけでは気づきません。自治会の回覧や広報紙で、乗り継ぎ例まで具体的に知らせてもらえると使いやすいです。 旧市街の高齢者・免許返納者からは、別の地区の回答でも、急な予定変更に対応できるかが重要なため、変更後の問い合わせ先と代替手段を分かりやすく示してほしいです。,高齢者・免許返納者,旧市街,70代,紙アンケート
474,病院からコミュニティバスへ乗り継ぐ時間が短く、会計で少し遅れると一時間待ちになります。利用者の動きに合わせた余裕が必要です。 中心市街地の高齢者・免許返納者からは、説明会後の意見としても、家族に頼れない場合の選択肢が必要なため、関係する部署や地域団体と連携して改善してほしいです。,高齢者・免許返納者,中心市街地,80代,窓口投稿
475,家族が働いている時間帯に移動できないと、結局タクシー代が重くなります。少人数でも利用できる昼間の便を削りすぎないでください。 郊外団地の高齢者・免許返納者からは、家族や支援者の視点でも、窓口、紙、Webのどれでも確認できることが大切なため、具体的な運用条件まで示してほしいです。,高齢者・免許返納者,郊外団地,70代,紙アンケート
476,スマートフォンで予約と言われても操作に自信がありません。電話、紙の申込、家族による代理予約など複数の方法を用意してほしいです。 沿岸部の高齢者・免許返納者からは、日常的に利用する人からも、実際の生活動線に合う運用でないと使い続けにくいため、地域別の影響を確認してから判断してほしいです。,高齢者・免許返納者,沿岸部,80代,地域説明会
477,朝の便は学生で混み、杖を持って立つのが怖い時があります。高齢者の通院時間と通学時間が重なりすぎない調整をお願いしたいです。 駅周辺の高齢者・免許返納者からは、初めて制度を調べた人からも、利用する時間帯や曜日で困り方が変わるため、試行期間を設けて利用者の声を再確認してほしいです。,高齢者・免許返納者,駅周辺,70代,電話相談
478,バスが遅れているのか、もう通過したのか分からないことがあります。停留所や電話で現在の運行状況を確認できると安心して待てます。 農村集落の高齢者・免許返納者からは、平日昼間に動きづらい人からも、情報の届き方に個人差があるため、対象者に届く案内方法も合わせて検討してほしいです。,高齢者・免許返納者,農村集落,70代,紙アンケート
479,免許返納後の割引制度はありがたいですが、どの路線で使えるのか分かりにくいです。制度と使い方を一枚で見られる案内がほしいです。 中心市街地の高齢者・免許返納者からは、地域活動に関わる人からも、費用負担と手続きの分かりやすさが利用を左右するため、必要な人が使えなくならないよう段階的に見直してほしいです。,高齢者・免許返納者,中心市街地,80代,窓口投稿
480,買い物帰りは荷物が多く、乗り継ぎで長く歩くのが負担です。商業施設と自宅方面を結ぶ便は、短い距離でも直行に近い形が助かります。 郊外住宅地の高齢者・免許返納者からは、同じ立場の利用者からも、地区ごとの距離や交通手段の違いが大きいため、利用実績だけでなく困っている人の声も判断材料にしてほしいです。,高齢者・免許返納者,郊外住宅地,70代,民生委員聞き取り
481,朝のバスが一本遅れると始業に間に合いません。通勤時間帯だけでも本数を確保し、鉄道との接続を時刻表上で分かりやすくしてほしいです。 駅周辺の通勤通学者・保護者からは、別の地区の回答でも、急な予定変更に対応できるかが重要なため、変更後の問い合わせ先と代替手段を分かりやすく示してほしいです。,通勤通学者・保護者,駅周辺,40代,Webアンケート
482,子どもの部活後に帰れる便が少なく、迎えに行けない日は不安です。夕方以降の通学利用を想定した運行を見直してほしいです。 郊外住宅地の通勤通学者・保護者からは、説明会後の意見としても、家族に頼れない場合の選択肢が必要なため、関係する部署や地域団体と連携して改善してほしいです。,通勤通学者・保護者,郊外住宅地,40代,PTA経由
483,保育園の送迎と出勤を両立するには、バス停の位置と時刻が合いません。子育て世帯の移動経路も調査してルートを考えてほしいです。 新興住宅地の通勤通学者・保護者からは、家族や支援者の視点でも、窓口、紙、Webのどれでも確認できることが大切なため、具体的な運用条件まで示してほしいです。,通勤通学者・保護者,新興住宅地,30代,Webアンケート
484,乗り継ぎ前提でもよいですが、待ち時間が二十分を超えると車を選びます。主要停留所では接続便をそろえ、遅延時の扱いも決めてください。 中心市街地の通勤通学者・保護者からは、日常的に利用する人からも、実際の生活動線に合う運用でないと使い続けにくいため、地域別の影響を確認してから判断してほしいです。,通勤通学者・保護者,中心市街地,30代,Webアンケート
485,アプリで時刻検索できると助かりますが、学校から配られる紙の案内も必要です。家庭によって情報の受け取り方が違うことを考えてほしいです。 学区全域の通勤通学者・保護者からは、初めて制度を調べた人からも、利用する時間帯や曜日で困り方が変わるため、試行期間を設けて利用者の声を再確認してほしいです。,通勤通学者・保護者,学区全域,40代,PTA経由
486,雨の日は自転車通学ができず、バスに集中して乗り切れないことがあります。天候による需要増を見込んだ臨時便や混雑情報が必要です。 郊外団地の通勤通学者・保護者からは、平日昼間に動きづらい人からも、情報の届き方に個人差があるため、対象者に届く案内方法も合わせて検討してほしいです。,通勤通学者・保護者,郊外団地,10代,学校アンケート
487,予約型交通は柔軟ですが、通勤では毎回予約する手間が負担です。定期利用者向けに曜日固定の予約やキャンセル通知を整えてほしいです。 農村集落の通勤通学者・保護者からは、地域活動に関わる人からも、費用負担と手続きの分かりやすさが利用を左右するため、必要な人が使えなくならないよう段階的に見直してほしいです。,通勤通学者・保護者,農村集落,50代,Webアンケート
488,帰宅時間が残業で変わるため、最終便が早いと利用を諦めます。毎日でなくても、平日の夜に選択肢が残る運行にしてほしいです。 工業団地周辺の通勤通学者・保護者からは、同じ立場の利用者からも、地区ごとの距離や交通手段の違いが大きいため、利用実績だけでなく困っている人の声も判断材料にしてほしいです。,通勤通学者・保護者,工業団地周辺,30代,Webアンケート
489,高校への直通便がなく、乗り換えでかなり遠回りになります。生徒数の多い方面だけでも登下校時間に合わせた短絡ルートを検討してください。 中山間地域の通勤通学者・保護者からは、別の地区の回答でも、急な予定変更に対応できるかが重要なため、変更後の問い合わせ先と代替手段を分かりやすく示してほしいです。,通勤通学者・保護者,中山間地域,10代,学校アンケート
490,時刻表が複数の会社に分かれていて、初めて使う人には分かりません。市のサイトで目的地別に検索できる統一案内がほしいです。 市内全域の通勤通学者・保護者からは、説明会後の意見としても、家族に頼れない場合の選択肢が必要なため、関係する部署や地域団体と連携して改善してほしいです。,通勤通学者・保護者,市内全域,40代,Webアンケート
491,子どもだけで乗る場合、予約型交通の乗車場所や運転手への伝え方が心配です。保護者へ事前に分かる確認通知を出してほしいです。 郊外住宅地の通勤通学者・保護者からは、家族や支援者の視点でも、窓口、紙、Webのどれでも確認できることが大切なため、具体的な運用条件まで示してほしいです。,通勤通学者・保護者,郊外住宅地,30代,PTA経由
492,駅までの短い移動でも、朝は道路が混んでバスの時間が読めません。遅延を前提にした接続案内やリアルタイム表示を整備してください。 駅周辺の通勤通学者・保護者からは、日常的に利用する人からも、実際の生活動線に合う運用でないと使い続けにくいため、地域別の影響を確認してから判断してほしいです。,通勤通学者・保護者,駅周辺,50代,Webアンケート
493,商店街の利用者は高齢の方が多く、バスが減ると来店そのものが減ります。買い物時間帯に合わせた循環便を維持してほしいです。 商店街の地域事業者・自治会からは、初めて制度を調べた人からも、利用する時間帯や曜日で困り方が変わるため、試行期間を設けて利用者の声を再確認してほしいです。,地域事業者・自治会,商店街,60代,事業者ヒアリング
494,イベント開催日は通常の時刻表では来場者をさばけません。臨時便の予約方法や運行情報を、主催者と早めに共有できる仕組みが必要です。 中心市街地の地域事業者・自治会からは、平日昼間に動きづらい人からも、情報の届き方に個人差があるため、対象者に届く案内方法も合わせて検討してほしいです。,地域事業者・自治会,中心市街地,50代,自治会会議
495,自治会で高齢者の外出支援をしていますが、運行変更の説明が遅いと住民に伝えきれません。地域単位の説明資料を早めに出してください。 農村集落の地域事業者・自治会からは、地域活動に関わる人からも、費用負担と手続きの分かりやすさが利用を左右するため、必要な人が使えなくならないよう段階的に見直してほしいです。,地域事業者・自治会,農村集落,60代,自治会会議
496,デマンド交通を導入するなら、地域の集会所を予約相談の窓口にできます。ただし担当者だけに負担が集中しない運用設計が必要です。 山あい地区の地域事業者・自治会からは、同じ立場の利用者からも、地区ごとの距離や交通手段の違いが大きいため、利用実績だけでなく困っている人の声も判断材料にしてほしいです。,地域事業者・自治会,山あい地区,60代,地域説明会
497,観光客が駅から店舗まで来る手段が少なく、週末だけでも接続が良くなれば回遊が増えます。観光施設との乗り継ぎを意識してほしいです。 観光地区の地域事業者・自治会からは、別の地区の回答でも、急な予定変更に対応できるかが重要なため、変更後の問い合わせ先と代替手段を分かりやすく示してほしいです。,地域事業者・自治会,観光地区,40代,事業者ヒアリング
498,朝夕だけでなく、昼の買い物時間帯に空白があると地域の店は利用されません。生活と商業の両方を支えるダイヤにしてほしいです。 旧市街の地域事業者・自治会からは、説明会後の意見としても、家族に頼れない場合の選択肢が必要なため、関係する部署や地域団体と連携して改善してほしいです。,地域事業者・自治会,旧市街,50代,事業者ヒアリング
499,地域内の停留所名が古い通称のままで、初めて来る人には場所が分かりません。地図、施設名、写真を組み合わせた案内に改善してください。 商店街の地域事業者・自治会からは、家族や支援者の視点でも、窓口、紙、Webのどれでも確認できることが大切なため、具体的な運用条件まで示してほしいです。,地域事業者・自治会,商店街,40代,Webアンケート
500,自治会で移動困難者を把握しても、個別送迎だけでは限界があります。公共交通と地域ボランティアが役割分担できる制度にしてほしいです。 郊外団地の地域事業者・自治会からは、日常的に利用する人からも、実際の生活動線に合う運用でないと使い続けにくいため、地域別の影響を確認してから判断してほしいです。,地域事業者・自治会,郊外団地,70代,自治会会議
501,予約制にする場合、当日朝まで受け付けないと急な通院や買い物に対応できません。空き状況を地域でも確認できる方法があると助かります。 中山間地域の地域事業者・自治会からは、初めて制度を調べた人からも、利用する時間帯や曜日で困り方が変わるため、試行期間を設けて利用者の声を再確認してほしいです。,地域事業者・自治会,中山間地域,50代,地域説明会
502,工業団地の勤務交代時間と路線バスの時刻が合わず、従業員募集にも影響しています。企業側のシフト情報も聞いてダイヤを組んでください。 工業団地周辺の地域事業者・自治会からは、平日昼間に動きづらい人からも、情報の届き方に個人差があるため、対象者に届く案内方法も合わせて検討してほしいです。,地域事業者・自治会,工業団地周辺,50代,事業者ヒアリング
503,地域の会合に来る人が、帰りの便を心配して参加を控えることがあります。夜間は多くなくてよいので、主要行事に合わせた便が必要です。 農村集落の地域事業者・自治会からは、地域活動に関わる人からも、費用負担と手続きの分かりやすさが利用を左右するため、必要な人が使えなくならないよう段階的に見直してほしいです。,地域事業者・自治会,農村集落,60代,自治会会議
504,複数路線の乗り継ぎ拠点を作るなら、待合スペースや案内板も一体で整備してほしいです。単に乗り換え時間を短くするだけでは不十分です。 中心市街地の地域事業者・自治会からは、同じ立場の利用者からも、地区ごとの距離や交通手段の違いが大きいため、利用実績だけでなく困っている人の声も判断材料にしてほしいです。,地域事業者・自治会,中心市街地,50代,地域説明会
505,駅前の病院へ行く便が昼前に集中しており、診察が長引くと帰りの足がなくなります。午後にも高齢者が安心して使える便を残してほしいです。 郊外住宅地の高齢者・免許返納者からは、平日昼間に動きづらい人からも、情報の届き方に個人差があるため、対象者に届く案内方法も合わせて検討してほしいです。,高齢者・免許返納者,郊外住宅地,70代,紙アンケート
506,免許を返してから買い物が一番困っています。週に数回でもスーパーと薬局を回る小型バスがあれば、家族に頼らず暮らせます。 中山間地域の高齢者・免許返納者からは、地域活動に関わる人からも、費用負担と手続きの分かりやすさが利用を左右するため、必要な人が使えなくならないよう段階的に見直してほしいです。,高齢者・免許返納者,中山間地域,80代,民生委員聞き取り
507,予約制の乗合交通は便利そうですが、電話が混んでいると不安です。前日までに予約でき、変更も簡単に伝えられる仕組みにしてほしいです。 農村集落の高齢者・免許返納者からは、同じ立場の利用者からも、地区ごとの距離や交通手段の違いが大きいため、利用実績だけでなく困っている人の声も判断材料にしてほしいです。,高齢者・免許返納者,農村集落,70代,電話相談
508,バス停まで歩く距離が長く、雨の日や冬場は転倒が心配です。集落内にもう少し細かく停車場所を設けるか、玄関先に近い乗降を検討してほしいです。 山あい地区の高齢者・免許返納者からは、別の地区の回答でも、急な予定変更に対応できるかが重要なため、変更後の問い合わせ先と代替手段を分かりやすく示してほしいです。,高齢者・免許返納者,山あい地区,80代,地域説明会
509,時刻表が変わっても掲示だけでは気づきません。自治会の回覧や広報紙で、乗り継ぎ例まで具体的に知らせてもらえると使いやすいです。 旧市街の高齢者・免許返納者からは、説明会後の意見としても、家族に頼れない場合の選択肢が必要なため、関係する部署や地域団体と連携して改善してほしいです。,高齢者・免許返納者,旧市街,70代,紙アンケート
510,病院からコミュニティバスへ乗り継ぐ時間が短く、会計で少し遅れると一時間待ちになります。利用者の動きに合わせた余裕が必要です。 中心市街地の高齢者・免許返納者からは、家族や支援者の視点でも、窓口、紙、Webのどれでも確認できることが大切なため、具体的な運用条件まで示してほしいです。,高齢者・免許返納者,中心市街地,80代,窓口投稿
511,家族が働いている時間帯に移動できないと、結局タクシー代が重くなります。少人数でも利用できる昼間の便を削りすぎないでください。 郊外団地の高齢者・免許返納者からは、日常的に利用する人からも、実際の生活動線に合う運用でないと使い続けにくいため、地域別の影響を確認してから判断してほしいです。,高齢者・免許返納者,郊外団地,70代,紙アンケート
512,スマートフォンで予約と言われても操作に自信がありません。電話、紙の申込、家族による代理予約など複数の方法を用意してほしいです。 沿岸部の高齢者・免許返納者からは、初めて制度を調べた人からも、利用する時間帯や曜日で困り方が変わるため、試行期間を設けて利用者の声を再確認してほしいです。,高齢者・免許返納者,沿岸部,80代,地域説明会
513,朝の便は学生で混み、杖を持って立つのが怖い時があります。高齢者の通院時間と通学時間が重なりすぎない調整をお願いしたいです。 駅周辺の高齢者・免許返納者からは、平日昼間に動きづらい人からも、情報の届き方に個人差があるため、対象者に届く案内方法も合わせて検討してほしいです。,高齢者・免許返納者,駅周辺,70代,電話相談
514,バスが遅れているのか、もう通過したのか分からないことがあります。停留所や電話で現在の運行状況を確認できると安心して待てます。 農村集落の高齢者・免許返納者からは、地域活動に関わる人からも、費用負担と手続きの分かりやすさが利用を左右するため、必要な人が使えなくならないよう段階的に見直してほしいです。,高齢者・免許返納者,農村集落,70代,紙アンケート
515,免許返納後の割引制度はありがたいですが、どの路線で使えるのか分かりにくいです。制度と使い方を一枚で見られる案内がほしいです。 中心市街地の高齢者・免許返納者からは、同じ立場の利用者からも、地区ごとの距離や交通手段の違いが大きいため、利用実績だけでなく困っている人の声も判断材料にしてほしいです。,高齢者・免許返納者,中心市街地,80代,窓口投稿
516,買い物帰りは荷物が多く、乗り継ぎで長く歩くのが負担です。商業施設と自宅方面を結ぶ便は、短い距離でも直行に近い形が助かります。 郊外住宅地の高齢者・免許返納者からは、別の地区の回答でも、急な予定変更に対応できるかが重要なため、変更後の問い合わせ先と代替手段を分かりやすく示してほしいです。,高齢者・免許返納者,郊外住宅地,70代,民生委員聞き取り
517,朝のバスが一本遅れると始業に間に合いません。通勤時間帯だけでも本数を確保し、鉄道との接続を時刻表上で分かりやすくしてほしいです。 駅周辺の通勤通学者・保護者からは、説明会後の意見としても、家族に頼れない場合の選択肢が必要なため、関係する部署や地域団体と連携して改善してほしいです。,通勤通学者・保護者,駅周辺,40代,Webアンケート
518,子どもの部活後に帰れる便が少なく、迎えに行けない日は不安です。夕方以降の通学利用を想定した運行を見直してほしいです。 郊外住宅地の通勤通学者・保護者からは、家族や支援者の視点でも、窓口、紙、Webのどれでも確認できることが大切なため、具体的な運用条件まで示してほしいです。,通勤通学者・保護者,郊外住宅地,40代,PTA経由
519,保育園の送迎と出勤を両立するには、バス停の位置と時刻が合いません。子育て世帯の移動経路も調査してルートを考えてほしいです。 新興住宅地の通勤通学者・保護者からは、日常的に利用する人からも、実際の生活動線に合う運用でないと使い続けにくいため、地域別の影響を確認してから判断してほしいです。,通勤通学者・保護者,新興住宅地,30代,Webアンケート
520,乗り継ぎ前提でもよいですが、待ち時間が二十分を超えると車を選びます。主要停留所では接続便をそろえ、遅延時の扱いも決めてください。 中心市街地の通勤通学者・保護者からは、初めて制度を調べた人からも、利用する時間帯や曜日で困り方が変わるため、試行期間を設けて利用者の声を再確認してほしいです。,通勤通学者・保護者,中心市街地,30代,Webアンケート
521,アプリで時刻検索できると助かりますが、学校から配られる紙の案内も必要です。家庭によって情報の受け取り方が違うことを考えてほしいです。 学区全域の通勤通学者・保護者からは、平日昼間に動きづらい人からも、情報の届き方に個人差があるため、対象者に届く案内方法も合わせて検討してほしいです。,通勤通学者・保護者,学区全域,40代,PTA経由
522,雨の日は自転車通学ができず、バスに集中して乗り切れないことがあります。天候による需要増を見込んだ臨時便や混雑情報が必要です。 郊外団地の通勤通学者・保護者からは、地域活動に関わる人からも、費用負担と手続きの分かりやすさが利用を左右するため、必要な人が使えなくならないよう段階的に見直してほしいです。,通勤通学者・保護者,郊外団地,10代,学校アンケート
523,予約型交通は柔軟ですが、通勤では毎回予約する手間が負担です。定期利用者向けに曜日固定の予約やキャンセル通知を整えてほしいです。 農村集落の通勤通学者・保護者からは、同じ立場の利用者からも、地区ごとの距離や交通手段の違いが大きいため、利用実績だけでなく困っている人の声も判断材料にしてほしいです。,通勤通学者・保護者,農村集落,50代,Webアンケート
524,帰宅時間が残業で変わるため、最終便が早いと利用を諦めます。毎日でなくても、平日の夜に選択肢が残る運行にしてほしいです。 工業団地周辺の通勤通学者・保護者からは、別の地区の回答でも、急な予定変更に対応できるかが重要なため、変更後の問い合わせ先と代替手段を分かりやすく示してほしいです。,通勤通学者・保護者,工業団地周辺,30代,Webアンケート
525,高校への直通便がなく、乗り換えでかなり遠回りになります。生徒数の多い方面だけでも登下校時間に合わせた短絡ルートを検討してください。 中山間地域の通勤通学者・保護者からは、説明会後の意見としても、家族に頼れない場合の選択肢が必要なため、関係する部署や地域団体と連携して改善してほしいです。,通勤通学者・保護者,中山間地域,10代,学校アンケート
526,時刻表が複数の会社に分かれていて、初めて使う人には分かりません。市のサイトで目的地別に検索できる統一案内がほしいです。 市内全域の通勤通学者・保護者からは、家族や支援者の視点でも、窓口、紙、Webのどれでも確認できることが大切なため、具体的な運用条件まで示してほしいです。,通勤通学者・保護者,市内全域,40代,Webアンケート
527,子どもだけで乗る場合、予約型交通の乗車場所や運転手への伝え方が心配です。保護者へ事前に分かる確認通知を出してほしいです。 郊外住宅地の通勤通学者・保護者からは、日常的に利用する人からも、実際の生活動線に合う運用でないと使い続けにくいため、地域別の影響を確認してから判断してほしいです。,通勤通学者・保護者,郊外住宅地,30代,PTA経由
528,駅までの短い移動でも、朝は道路が混んでバスの時間が読めません。遅延を前提にした接続案内やリアルタイム表示を整備してください。 駅周辺の通勤通学者・保護者からは、初めて制度を調べた人からも、利用する時間帯や曜日で困り方が変わるため、試行期間を設けて利用者の声を再確認してほしいです。,通勤通学者・保護者,駅周辺,50代,Webアンケート
529,商店街の利用者は高齢の方が多く、バスが減ると来店そのものが減ります。買い物時間帯に合わせた循環便を維持してほしいです。 商店街の地域事業者・自治会からは、平日昼間に動きづらい人からも、情報の届き方に個人差があるため、対象者に届く案内方法も合わせて検討してほしいです。,地域事業者・自治会,商店街,60代,事業者ヒアリング
530,イベント開催日は通常の時刻表では来場者をさばけません。臨時便の予約方法や運行情報を、主催者と早めに共有できる仕組みが必要です。 中心市街地の地域事業者・自治会からは、地域活動に関わる人からも、費用負担と手続きの分かりやすさが利用を左右するため、必要な人が使えなくならないよう段階的に見直してほしいです。,地域事業者・自治会,中心市街地,50代,自治会会議
531,自治会で高齢者の外出支援をしていますが、運行変更の説明が遅いと住民に伝えきれません。地域単位の説明資料を早めに出してください。 農村集落の地域事業者・自治会からは、同じ立場の利用者からも、地区ごとの距離や交通手段の違いが大きいため、利用実績だけでなく困っている人の声も判断材料にしてほしいです。,地域事業者・自治会,農村集落,60代,自治会会議
532,デマンド交通を導入するなら、地域の集会所を予約相談の窓口にできます。ただし担当者だけに負担が集中しない運用設計が必要です。 山あい地区の地域事業者・自治会からは、別の地区の回答でも、急な予定変更に対応できるかが重要なため、変更後の問い合わせ先と代替手段を分かりやすく示してほしいです。,地域事業者・自治会,山あい地区,60代,地域説明会
533,観光客が駅から店舗まで来る手段が少なく、週末だけでも接続が良くなれば回遊が増えます。観光施設との乗り継ぎを意識してほしいです。 観光地区の地域事業者・自治会からは、説明会後の意見としても、家族に頼れない場合の選択肢が必要なため、関係する部署や地域団体と連携して改善してほしいです。,地域事業者・自治会,観光地区,40代,事業者ヒアリング
534,朝夕だけでなく、昼の買い物時間帯に空白があると地域の店は利用されません。生活と商業の両方を支えるダイヤにしてほしいです。 旧市街の地域事業者・自治会からは、家族や支援者の視点でも、窓口、紙、Webのどれでも確認できることが大切なため、具体的な運用条件まで示してほしいです。,地域事業者・自治会,旧市街,50代,事業者ヒアリング
535,地域内の停留所名が古い通称のままで、初めて来る人には場所が分かりません。地図、施設名、写真を組み合わせた案内に改善してください。 商店街の地域事業者・自治会からは、日常的に利用する人からも、実際の生活動線に合う運用でないと使い続けにくいため、地域別の影響を確認してから判断してほしいです。,地域事業者・自治会,商店街,40代,Webアンケート
536,自治会で移動困難者を把握しても、個別送迎だけでは限界があります。公共交通と地域ボランティアが役割分担できる制度にしてほしいです。 郊外団地の地域事業者・自治会からは、初めて制度を調べた人からも、利用する時間帯や曜日で困り方が変わるため、試行期間を設けて利用者の声を再確認してほしいです。,地域事業者・自治会,郊外団地,70代,自治会会議
537,予約制にする場合、当日朝まで受け付けないと急な通院や買い物に対応できません。空き状況を地域でも確認できる方法があると助かります。 中山間地域の地域事業者・自治会からは、平日昼間に動きづらい人からも、情報の届き方に個人差があるため、対象者に届く案内方法も合わせて検討してほしいです。,地域事業者・自治会,中山間地域,50代,地域説明会
538,工業団地の勤務交代時間と路線バスの時刻が合わず、従業員募集にも影響しています。企業側のシフト情報も聞いてダイヤを組んでください。 工業団地周辺の地域事業者・自治会からは、地域活動に関わる人からも、費用負担と手続きの分かりやすさが利用を左右するため、必要な人が使えなくならないよう段階的に見直してほしいです。,地域事業者・自治会,工業団地周辺,50代,事業者ヒアリング
539,地域の会合に来る人が、帰りの便を心配して参加を控えることがあります。夜間は多くなくてよいので、主要行事に合わせた便が必要です。 農村集落の地域事業者・自治会からは、同じ立場の利用者からも、地区ごとの距離や交通手段の違いが大きいため、利用実績だけでなく困っている人の声も判断材料にしてほしいです。,地域事業者・自治会,農村集落,60代,自治会会議
540,複数路線の乗り継ぎ拠点を作るなら、待合スペースや案内板も一体で整備してほしいです。単に乗り換え時間を短くするだけでは不十分です。 中心市街地の地域事業者・自治会からは、別の地区の回答でも、急な予定変更に対応できるかが重要なため、変更後の問い合わせ先と代替手段を分かりやすく示してほしいです。,地域事業者・自治会,中心市街地,50代,地域説明会
541,駅前の病院へ行く便が昼前に集中しており、診察が長引くと帰りの足がなくなります。午後にも高齢者が安心して使える便を残してほしいです。 郊外住宅地の高齢者・免許返納者からは、地域活動に関わる人からも、費用負担と手続きの分かりやすさが利用を左右するため、必要な人が使えなくならないよう段階的に見直してほしいです。,高齢者・免許返納者,郊外住宅地,70代,紙アンケート
542,免許を返してから買い物が一番困っています。週に数回でもスーパーと薬局を回る小型バスがあれば、家族に頼らず暮らせます。 中山間地域の高齢者・免許返納者からは、同じ立場の利用者からも、地区ごとの距離や交通手段の違いが大きいため、利用実績だけでなく困っている人の声も判断材料にしてほしいです。,高齢者・免許返納者,中山間地域,80代,民生委員聞き取り
543,予約制の乗合交通は便利そうですが、電話が混んでいると不安です。前日までに予約でき、変更も簡単に伝えられる仕組みにしてほしいです。 農村集落の高齢者・免許返納者からは、別の地区の回答でも、急な予定変更に対応できるかが重要なため、変更後の問い合わせ先と代替手段を分かりやすく示してほしいです。,高齢者・免許返納者,農村集落,70代,電話相談
544,バス停まで歩く距離が長く、雨の日や冬場は転倒が心配です。集落内にもう少し細かく停車場所を設けるか、玄関先に近い乗降を検討してほしいです。 山あい地区の高齢者・免許返納者からは、説明会後の意見としても、家族に頼れない場合の選択肢が必要なため、関係する部署や地域団体と連携して改善してほしいです。,高齢者・免許返納者,山あい地区,80代,地域説明会
545,時刻表が変わっても掲示だけでは気づきません。自治会の回覧や広報紙で、乗り継ぎ例まで具体的に知らせてもらえると使いやすいです。 旧市街の高齢者・免許返納者からは、家族や支援者の視点でも、窓口、紙、Webのどれでも確認できることが大切なため、具体的な運用条件まで示してほしいです。,高齢者・免許返納者,旧市街,70代,紙アンケート
546,病院からコミュニティバスへ乗り継ぐ時間が短く、会計で少し遅れると一時間待ちになります。利用者の動きに合わせた余裕が必要です。 中心市街地の高齢者・免許返納者からは、日常的に利用する人からも、実際の生活動線に合う運用でないと使い続けにくいため、地域別の影響を確認してから判断してほしいです。,高齢者・免許返納者,中心市街地,80代,窓口投稿
547,家族が働いている時間帯に移動できないと、結局タクシー代が重くなります。少人数でも利用できる昼間の便を削りすぎないでください。 郊外団地の高齢者・免許返納者からは、初めて制度を調べた人からも、利用する時間帯や曜日で困り方が変わるため、試行期間を設けて利用者の声を再確認してほしいです。,高齢者・免許返納者,郊外団地,70代,紙アンケート
548,スマートフォンで予約と言われても操作に自信がありません。電話、紙の申込、家族による代理予約など複数の方法を用意してほしいです。 沿岸部の高齢者・免許返納者からは、平日昼間に動きづらい人からも、情報の届き方に個人差があるため、対象者に届く案内方法も合わせて検討してほしいです。,高齢者・免許返納者,沿岸部,80代,地域説明会
549,朝の便は学生で混み、杖を持って立つのが怖い時があります。高齢者の通院時間と通学時間が重なりすぎない調整をお願いしたいです。 駅周辺の高齢者・免許返納者からは、地域活動に関わる人からも、費用負担と手続きの分かりやすさが利用を左右するため、必要な人が使えなくならないよう段階的に見直してほしいです。,高齢者・免許返納者,駅周辺,70代,電話相談
550,バスが遅れているのか、もう通過したのか分からないことがあります。停留所や電話で現在の運行状況を確認できると安心して待てます。 農村集落の高齢者・免許返納者からは、同じ立場の利用者からも、地区ごとの距離や交通手段の違いが大きいため、利用実績だけでなく困っている人の声も判断材料にしてほしいです。,高齢者・免許返納者,農村集落,70代,紙アンケート
551,免許返納後の割引制度はありがたいですが、どの路線で使えるのか分かりにくいです。制度と使い方を一枚で見られる案内がほしいです。 中心市街地の高齢者・免許返納者からは、別の地区の回答でも、急な予定変更に対応できるかが重要なため、変更後の問い合わせ先と代替手段を分かりやすく示してほしいです。,高齢者・免許返納者,中心市街地,80代,窓口投稿
552,買い物帰りは荷物が多く、乗り継ぎで長く歩くのが負担です。商業施設と自宅方面を結ぶ便は、短い距離でも直行に近い形が助かります。 郊外住宅地の高齢者・免許返納者からは、説明会後の意見としても、家族に頼れない場合の選択肢が必要なため、関係する部署や地域団体と連携して改善してほしいです。,高齢者・免許返納者,郊外住宅地,70代,民生委員聞き取り
553,朝のバスが一本遅れると始業に間に合いません。通勤時間帯だけでも本数を確保し、鉄道との接続を時刻表上で分かりやすくしてほしいです。 駅周辺の通勤通学者・保護者からは、家族や支援者の視点でも、窓口、紙、Webのどれでも確認できることが大切なため、具体的な運用条件まで示してほしいです。,通勤通学者・保護者,駅周辺,40代,Webアンケート
554,子どもの部活後に帰れる便が少なく、迎えに行けない日は不安です。夕方以降の通学利用を想定した運行を見直してほしいです。 郊外住宅地の通勤通学者・保護者からは、日常的に利用する人からも、実際の生活動線に合う運用でないと使い続けにくいため、地域別の影響を確認してから判断してほしいです。,通勤通学者・保護者,郊外住宅地,40代,PTA経由
555,保育園の送迎と出勤を両立するには、バス停の位置と時刻が合いません。子育て世帯の移動経路も調査してルートを考えてほしいです。 新興住宅地の通勤通学者・保護者からは、初めて制度を調べた人からも、利用する時間帯や曜日で困り方が変わるため、試行期間を設けて利用者の声を再確認してほしいです。,通勤通学者・保護者,新興住宅地,30代,Webアンケート
556,乗り継ぎ前提でもよいですが、待ち時間が二十分を超えると車を選びます。主要停留所では接続便をそろえ、遅延時の扱いも決めてください。 中心市街地の通勤通学者・保護者からは、平日昼間に動きづらい人からも、情報の届き方に個人差があるため、対象者に届く案内方法も合わせて検討してほしいです。,通勤通学者・保護者,中心市街地,30代,Webアンケート
557,アプリで時刻検索できると助かりますが、学校から配られる紙の案内も必要です。家庭によって情報の受け取り方が違うことを考えてほしいです。 学区全域の通勤通学者・保護者からは、地域活動に関わる人からも、費用負担と手続きの分かりやすさが利用を左右するため、必要な人が使えなくならないよう段階的に見直してほしいです。,通勤通学者・保護者,学区全域,40代,PTA経由
558,雨の日は自転車通学ができず、バスに集中して乗り切れないことがあります。天候による需要増を見込んだ臨時便や混雑情報が必要です。 郊外団地の通勤通学者・保護者からは、同じ立場の利用者からも、地区ごとの距離や交通手段の違いが大きいため、利用実績だけでなく困っている人の声も判断材料にしてほしいです。,通勤通学者・保護者,郊外団地,10代,学校アンケート
559,予約型交通は柔軟ですが、通勤では毎回予約する手間が負担です。定期利用者向けに曜日固定の予約やキャンセル通知を整えてほしいです。 農村集落の通勤通学者・保護者からは、別の地区の回答でも、急な予定変更に対応できるかが重要なため、変更後の問い合わせ先と代替手段を分かりやすく示してほしいです。,通勤通学者・保護者,農村集落,50代,Webアンケート
560,帰宅時間が残業で変わるため、最終便が早いと利用を諦めます。毎日でなくても、平日の夜に選択肢が残る運行にしてほしいです。 工業団地周辺の通勤通学者・保護者からは、説明会後の意見としても、家族に頼れない場合の選択肢が必要なため、関係する部署や地域団体と連携して改善してほしいです。,通勤通学者・保護者,工業団地周辺,30代,Webアンケート
561,高校への直通便がなく、乗り換えでかなり遠回りになります。生徒数の多い方面だけでも登下校時間に合わせた短絡ルートを検討してください。 中山間地域の通勤通学者・保護者からは、家族や支援者の視点でも、窓口、紙、Webのどれでも確認できることが大切なため、具体的な運用条件まで示してほしいです。,通勤通学者・保護者,中山間地域,10代,学校アンケート
562,時刻表が複数の会社に分かれていて、初めて使う人には分かりません。市のサイトで目的地別に検索できる統一案内がほしいです。 市内全域の通勤通学者・保護者からは、日常的に利用する人からも、実際の生活動線に合う運用でないと使い続けにくいため、地域別の影響を確認してから判断してほしいです。,通勤通学者・保護者,市内全域,40代,Webアンケート
563,子どもだけで乗る場合、予約型交通の乗車場所や運転手への伝え方が心配です。保護者へ事前に分かる確認通知を出してほしいです。 郊外住宅地の通勤通学者・保護者からは、初めて制度を調べた人からも、利用する時間帯や曜日で困り方が変わるため、試行期間を設けて利用者の声を再確認してほしいです。,通勤通学者・保護者,郊外住宅地,30代,PTA経由
564,駅までの短い移動でも、朝は道路が混んでバスの時間が読めません。遅延を前提にした接続案内やリアルタイム表示を整備してください。 駅周辺の通勤通学者・保護者からは、平日昼間に動きづらい人からも、情報の届き方に個人差があるため、対象者に届く案内方法も合わせて検討してほしいです。,通勤通学者・保護者,駅周辺,50代,Webアンケート
565,商店街の利用者は高齢の方が多く、バスが減ると来店そのものが減ります。買い物時間帯に合わせた循環便を維持してほしいです。 商店街の地域事業者・自治会からは、地域活動に関わる人からも、費用負担と手続きの分かりやすさが利用を左右するため、必要な人が使えなくならないよう段階的に見直してほしいです。,地域事業者・自治会,商店街,60代,事業者ヒアリング
566,イベント開催日は通常の時刻表では来場者をさばけません。臨時便の予約方法や運行情報を、主催者と早めに共有できる仕組みが必要です。 中心市街地の地域事業者・自治会からは、同じ立場の利用者からも、地区ごとの距離や交通手段の違いが大きいため、利用実績だけでなく困っている人の声も判断材料にしてほしいです。,地域事業者・自治会,中心市街地,50代,自治会会議
567,自治会で高齢者の外出支援をしていますが、運行変更の説明が遅いと住民に伝えきれません。地域単位の説明資料を早めに出してください。 農村集落の地域事業者・自治会からは、別の地区の回答でも、急な予定変更に対応できるかが重要なため、変更後の問い合わせ先と代替手段を分かりやすく示してほしいです。,地域事業者・自治会,農村集落,60代,自治会会議
568,デマンド交通を導入するなら、地域の集会所を予約相談の窓口にできます。ただし担当者だけに負担が集中しない運用設計が必要です。 山あい地区の地域事業者・自治会からは、説明会後の意見としても、家族に頼れない場合の選択肢が必要なため、関係する部署や地域団体と連携して改善してほしいです。,地域事業者・自治会,山あい地区,60代,地域説明会
569,観光客が駅から店舗まで来る手段が少なく、週末だけでも接続が良くなれば回遊が増えます。観光施設との乗り継ぎを意識してほしいです。 観光地区の地域事業者・自治会からは、家族や支援者の視点でも、窓口、紙、Webのどれでも確認できることが大切なため、具体的な運用条件まで示してほしいです。,地域事業者・自治会,観光地区,40代,事業者ヒアリング
570,朝夕だけでなく、昼の買い物時間帯に空白があると地域の店は利用されません。生活と商業の両方を支えるダイヤにしてほしいです。 旧市街の地域事業者・自治会からは、日常的に利用する人からも、実際の生活動線に合う運用でないと使い続けにくいため、地域別の影響を確認してから判断してほしいです。,地域事業者・自治会,旧市街,50代,事業者ヒアリング
571,地域内の停留所名が古い通称のままで、初めて来る人には場所が分かりません。地図、施設名、写真を組み合わせた案内に改善してください。 商店街の地域事業者・自治会からは、初めて制度を調べた人からも、利用する時間帯や曜日で困り方が変わるため、試行期間を設けて利用者の声を再確認してほしいです。,地域事業者・自治会,商店街,40代,Webアンケート
572,自治会で移動困難者を把握しても、個別送迎だけでは限界があります。公共交通と地域ボランティアが役割分担できる制度にしてほしいです。 郊外団地の地域事業者・自治会からは、平日昼間に動きづらい人からも、情報の届き方に個人差があるため、対象者に届く案内方法も合わせて検討してほしいです。,地域事業者・自治会,郊外団地,70代,自治会会議
573,予約制にする場合、当日朝まで受け付けないと急な通院や買い物に対応できません。空き状況を地域でも確認できる方法があると助かります。 中山間地域の地域事業者・自治会からは、地域活動に関わる人からも、費用負担と手続きの分かりやすさが利用を左右するため、必要な人が使えなくならないよう段階的に見直してほしいです。,地域事業者・自治会,中山間地域,50代,地域説明会
574,工業団地の勤務交代時間と路線バスの時刻が合わず、従業員募集にも影響しています。企業側のシフト情報も聞いてダイヤを組んでください。 工業団地周辺の地域事業者・自治会からは、同じ立場の利用者からも、地区ごとの距離や交通手段の違いが大きいため、利用実績だけでなく困っている人の声も判断材料にしてほしいです。,地域事業者・自治会,工業団地周辺,50代,事業者ヒアリング
575,地域の会合に来る人が、帰りの便を心配して参加を控えることがあります。夜間は多くなくてよいので、主要行事に合わせた便が必要です。 農村集落の地域事業者・自治会からは、別の地区の回答でも、急な予定変更に対応できるかが重要なため、変更後の問い合わせ先と代替手段を分かりやすく示してほしいです。,地域事業者・自治会,農村集落,60代,自治会会議
576,複数路線の乗り継ぎ拠点を作るなら、待合スペースや案内板も一体で整備してほしいです。単に乗り換え時間を短くするだけでは不十分です。 中心市街地の地域事業者・自治会からは、説明会後の意見としても、家族に頼れない場合の選択肢が必要なため、関係する部署や地域団体と連携して改善してほしいです。,地域事業者・自治会,中心市街地,50代,地域説明会
577,駅前の病院へ行く便が昼前に集中しており、診察が長引くと帰りの足がなくなります。午後にも高齢者が安心して使える便を残してほしいです。 郊外住宅地の高齢者・免許返納者からは、同じ立場の利用者からも、地区ごとの距離や交通手段の違いが大きいため、利用実績だけでなく困っている人の声も判断材料にしてほしいです。,高齢者・免許返納者,郊外住宅地,70代,紙アンケート
578,免許を返してから買い物が一番困っています。週に数回でもスーパーと薬局を回る小型バスがあれば、家族に頼らず暮らせます。 中山間地域の高齢者・免許返納者からは、別の地区の回答でも、急な予定変更に対応できるかが重要なため、変更後の問い合わせ先と代替手段を分かりやすく示してほしいです。,高齢者・免許返納者,中山間地域,80代,民生委員聞き取り
579,予約制の乗合交通は便利そうですが、電話が混んでいると不安です。前日までに予約でき、変更も簡単に伝えられる仕組みにしてほしいです。 農村集落の高齢者・免許返納者からは、説明会後の意見としても、家族に頼れない場合の選択肢が必要なため、関係する部署や地域団体と連携して改善してほしいです。,高齢者・免許返納者,農村集落,70代,電話相談
580,バス停まで歩く距離が長く、雨の日や冬場は転倒が心配です。集落内にもう少し細かく停車場所を設けるか、玄関先に近い乗降を検討してほしいです。 山あい地区の高齢者・免許返納者からは、家族や支援者の視点でも、窓口、紙、Webのどれでも確認できることが大切なため、具体的な運用条件まで示してほしいです。,高齢者・免許返納者,山あい地区,80代,地域説明会
581,時刻表が変わっても掲示だけでは気づきません。自治会の回覧や広報紙で、乗り継ぎ例まで具体的に知らせてもらえると使いやすいです。 旧市街の高齢者・免許返納者からは、日常的に利用する人からも、実際の生活動線に合う運用でないと使い続けにくいため、地域別の影響を確認してから判断してほしいです。,高齢者・免許返納者,旧市街,70代,紙アンケート
582,病院からコミュニティバスへ乗り継ぐ時間が短く、会計で少し遅れると一時間待ちになります。利用者の動きに合わせた余裕が必要です。 中心市街地の高齢者・免許返納者からは、初めて制度を調べた人からも、利用する時間帯や曜日で困り方が変わるため、試行期間を設けて利用者の声を再確認してほしいです。,高齢者・免許返納者,中心市街地,80代,窓口投稿
583,家族が働いている時間帯に移動できないと、結局タクシー代が重くなります。少人数でも利用できる昼間の便を削りすぎないでください。 郊外団地の高齢者・免許返納者からは、平日昼間に動きづらい人からも、情報の届き方に個人差があるため、対象者に届く案内方法も合わせて検討してほしいです。,高齢者・免許返納者,郊外団地,70代,紙アンケート
584,スマートフォンで予約と言われても操作に自信がありません。電話、紙の申込、家族による代理予約など複数の方法を用意してほしいです。 沿岸部の高齢者・免許返納者からは、地域活動に関わる人からも、費用負担と手続きの分かりやすさが利用を左右するため、必要な人が使えなくならないよう段階的に見直してほしいです。,高齢者・免許返納者,沿岸部,80代,地域説明会
585,朝の便は学生で混み、杖を持って立つのが怖い時があります。高齢者の通院時間と通学時間が重なりすぎない調整をお願いしたいです。 駅周辺の高齢者・免許返納者からは、同じ立場の利用者からも、地区ごとの距離や交通手段の違いが大きいため、利用実績だけでなく困っている人の声も判断材料にしてほしいです。,高齢者・免許返納者,駅周辺,70代,電話相談
586,バスが遅れているのか、もう通過したのか分からないことがあります。停留所や電話で現在の運行状況を確認できると安心して待てます。 農村集落の高齢者・免許返納者からは、別の地区の回答でも、急な予定変更に対応できるかが重要なため、変更後の問い合わせ先と代替手段を分かりやすく示してほしいです。,高齢者・免許返納者,農村集落,70代,紙アンケート
587,免許返納後の割引制度はありがたいですが、どの路線で使えるのか分かりにくいです。制度と使い方を一枚で見られる案内がほしいです。 中心市街地の高齢者・免許返納者からは、説明会後の意見としても、家族に頼れない場合の選択肢が必要なため、関係する部署や地域団体と連携して改善してほしいです。,高齢者・免許返納者,中心市街地,80代,窓口投稿
588,買い物帰りは荷物が多く、乗り継ぎで長く歩くのが負担です。商業施設と自宅方面を結ぶ便は、短い距離でも直行に近い形が助かります。 郊外住宅地の高齢者・免許返納者からは、家族や支援者の視点でも、窓口、紙、Webのどれでも確認できることが大切なため、具体的な運用条件まで示してほしいです。,高齢者・免許返納者,郊外住宅地,70代,民生委員聞き取り
589,朝のバスが一本遅れると始業に間に合いません。通勤時間帯だけでも本数を確保し、鉄道との接続を時刻表上で分かりやすくしてほしいです。 駅周辺の通勤通学者・保護者からは、日常的に利用する人からも、実際の生活動線に合う運用でないと使い続けにくいため、地域別の影響を確認してから判断してほしいです。,通勤通学者・保護者,駅周辺,40代,Webアンケート
590,子どもの部活後に帰れる便が少なく、迎えに行けない日は不安です。夕方以降の通学利用を想定した運行を見直してほしいです。 郊外住宅地の通勤通学者・保護者からは、初めて制度を調べた人からも、利用する時間帯や曜日で困り方が変わるため、試行期間を設けて利用者の声を再確認してほしいです。,通勤通学者・保護者,郊外住宅地,40代,PTA経由
591,保育園の送迎と出勤を両立するには、バス停の位置と時刻が合いません。子育て世帯の移動経路も調査してルートを考えてほしいです。 新興住宅地の通勤通学者・保護者からは、平日昼間に動きづらい人からも、情報の届き方に個人差があるため、対象者に届く案内方法も合わせて検討してほしいです。,通勤通学者・保護者,新興住宅地,30代,Webアンケート
592,乗り継ぎ前提でもよいですが、待ち時間が二十分を超えると車を選びます。主要停留所では接続便をそろえ、遅延時の扱いも決めてください。 中心市街地の通勤通学者・保護者からは、地域活動に関わる人からも、費用負担と手続きの分かりやすさが利用を左右するため、必要な人が使えなくならないよう段階的に見直してほしいです。,通勤通学者・保護者,中心市街地,30代,Webアンケート
593,アプリで時刻検索できると助かりますが、学校から配られる紙の案内も必要です。家庭によって情報の受け取り方が違うことを考えてほしいです。 学区全域の通勤通学者・保護者からは、同じ立場の利用者からも、地区ごとの距離や交通手段の違いが大きいため、利用実績だけでなく困っている人の声も判断材料にしてほしいです。,通勤通学者・保護者,学区全域,40代,PTA経由
594,雨の日は自転車通学ができず、バスに集中して乗り切れないことがあります。天候による需要増を見込んだ臨時便や混雑情報が必要です。 郊外団地の通勤通学者・保護者からは、別の地区の回答でも、急な予定変更に対応できるかが重要なため、変更後の問い合わせ先と代替手段を分かりやすく示してほしいです。,通勤通学者・保護者,郊外団地,10代,学校アンケート
595,予約型交通は柔軟ですが、通勤では毎回予約する手間が負担です。定期利用者向けに曜日固定の予約やキャンセル通知を整えてほしいです。 農村集落の通勤通学者・保護者からは、説明会後の意見としても、家族に頼れない場合の選択肢が必要なため、関係する部署や地域団体と連携して改善してほしいです。,通勤通学者・保護者,農村集落,50代,Webアンケート
596,帰宅時間が残業で変わるため、最終便が早いと利用を諦めます。毎日でなくても、平日の夜に選択肢が残る運行にしてほしいです。 工業団地周辺の通勤通学者・保護者からは、家族や支援者の視点でも、窓口、紙、Webのどれでも確認できることが大切なため、具体的な運用条件まで示してほしいです。,通勤通学者・保護者,工業団地周辺,30代,Webアンケート
597,高校への直通便がなく、乗り換えでかなり遠回りになります。生徒数の多い方面だけでも登下校時間に合わせた短絡ルートを検討してください。 中山間地域の通勤通学者・保護者からは、日常的に利用する人からも、実際の生活動線に合う運用でないと使い続けにくいため、地域別の影響を確認してから判断してほしいです。,通勤通学者・保護者,中山間地域,10代,学校アンケート
598,時刻表が複数の会社に分かれていて、初めて使う人には分かりません。市のサイトで目的地別に検索できる統一案内がほしいです。 市内全域の通勤通学者・保護者からは、初めて制度を調べた人からも、利用する時間帯や曜日で困り方が変わるため、試行期間を設けて利用者の声を再確認してほしいです。,通勤通学者・保護者,市内全域,40代,Webアンケート
599,子どもだけで乗る場合、予約型交通の乗車場所や運転手への伝え方が心配です。保護者へ事前に分かる確認通知を出してほしいです。 郊外住宅地の通勤通学者・保護者からは、平日昼間に動きづらい人からも、情報の届き方に個人差があるため、対象者に届く案内方法も合わせて検討してほしいです。,通勤通学者・保護者,郊外住宅地,30代,PTA経由
600,駅までの短い移動でも、朝は道路が混んでバスの時間が読めません。遅延を前提にした接続案内やリアルタイム表示を整備してください。 駅周辺の通勤通学者・保護者からは、地域活動に関わる人からも、費用負担と手続きの分かりやすさが利用を左右するため、必要な人が使えなくならないよう段階的に見直してほしいです。,通勤通学者・保護者,駅周辺,50代,Webアンケート
601,商店街の利用者は高齢の方が多く、バスが減ると来店そのものが減ります。買い物時間帯に合わせた循環便を維持してほしいです。 商店街の地域事業者・自治会からは、同じ立場の利用者からも、地区ごとの距離や交通手段の違いが大きいため、利用実績だけでなく困っている人の声も判断材料にしてほしいです。,地域事業者・自治会,商店街,60代,事業者ヒアリング
602,イベント開催日は通常の時刻表では来場者をさばけません。臨時便の予約方法や運行情報を、主催者と早めに共有できる仕組みが必要です。 中心市街地の地域事業者・自治会からは、別の地区の回答でも、急な予定変更に対応できるかが重要なため、変更後の問い合わせ先と代替手段を分かりやすく示してほしいです。,地域事業者・自治会,中心市街地,50代,自治会会議
603,自治会で高齢者の外出支援をしていますが、運行変更の説明が遅いと住民に伝えきれません。地域単位の説明資料を早めに出してください。 農村集落の地域事業者・自治会からは、説明会後の意見としても、家族に頼れない場合の選択肢が必要なため、関係する部署や地域団体と連携して改善してほしいです。,地域事業者・自治会,農村集落,60代,自治会会議
604,デマンド交通を導入するなら、地域の集会所を予約相談の窓口にできます。ただし担当者だけに負担が集中しない運用設計が必要です。 山あい地区の地域事業者・自治会からは、家族や支援者の視点でも、窓口、紙、Webのどれでも確認できることが大切なため、具体的な運用条件まで示してほしいです。,地域事業者・自治会,山あい地区,60代,地域説明会
605,観光客が駅から店舗まで来る手段が少なく、週末だけでも接続が良くなれば回遊が増えます。観光施設との乗り継ぎを意識してほしいです。 観光地区の地域事業者・自治会からは、日常的に利用する人からも、実際の生活動線に合う運用でないと使い続けにくいため、地域別の影響を確認してから判断してほしいです。,地域事業者・自治会,観光地区,40代,事業者ヒアリング
606,朝夕だけでなく、昼の買い物時間帯に空白があると地域の店は利用されません。生活と商業の両方を支えるダイヤにしてほしいです。 旧市街の地域事業者・自治会からは、初めて制度を調べた人からも、利用する時間帯や曜日で困り方が変わるため、試行期間を設けて利用者の声を再確認してほしいです。,地域事業者・自治会,旧市街,50代,事業者ヒアリング
607,地域内の停留所名が古い通称のままで、初めて来る人には場所が分かりません。地図、施設名、写真を組み合わせた案内に改善してください。 商店街の地域事業者・自治会からは、平日昼間に動きづらい人からも、情報の届き方に個人差があるため、対象者に届く案内方法も合わせて検討してほしいです。,地域事業者・自治会,商店街,40代,Webアンケート
608,自治会で移動困難者を把握しても、個別送迎だけでは限界があります。公共交通と地域ボランティアが役割分担できる制度にしてほしいです。 郊外団地の地域事業者・自治会からは、地域活動に関わる人からも、費用負担と手続きの分かりやすさが利用を左右するため、必要な人が使えなくならないよう段階的に見直してほしいです。,地域事業者・自治会,郊外団地,70代,自治会会議
609,予約制にする場合、当日朝まで受け付けないと急な通院や買い物に対応できません。空き状況を地域でも確認できる方法があると助かります。 中山間地域の地域事業者・自治会からは、同じ立場の利用者からも、地区ごとの距離や交通手段の違いが大きいため、利用実績だけでなく困っている人の声も判断材料にしてほしいです。,地域事業者・自治会,中山間地域,50代,地域説明会
610,工業団地の勤務交代時間と路線バスの時刻が合わず、従業員募集にも影響しています。企業側のシフト情報も聞いてダイヤを組んでください。 工業団地周辺の地域事業者・自治会からは、別の地区の回答でも、急な予定変更に対応できるかが重要なため、変更後の問い合わせ先と代替手段を分かりやすく示してほしいです。,地域事業者・自治会,工業団地周辺,50代,事業者ヒアリング
611,地域の会合に来る人が、帰りの便を心配して参加を控えることがあります。夜間は多くなくてよいので、主要行事に合わせた便が必要です。 農村集落の地域事業者・自治会からは、説明会後の意見としても、家族に頼れない場合の選択肢が必要なため、関係する部署や地域団体と連携して改善してほしいです。,地域事業者・自治会,農村集落,60代,自治会会議
612,複数路線の乗り継ぎ拠点を作るなら、待合スペースや案内板も一体で整備してほしいです。単に乗り換え時間を短くするだけでは不十分です。 中心市街地の地域事業者・自治会からは、家族や支援者の視点でも、窓口、紙、Webのどれでも確認できることが大切なため、具体的な運用条件まで示してほしいです。,地域事業者・自治会,中心市街地,50代,地域説明会
613,駅前の病院へ行く便が昼前に集中しており、診察が長引くと帰りの足がなくなります。午後にも高齢者が安心して使える便を残してほしいです。 郊外住宅地の高齢者・免許返納者からは、別の地区の回答でも、急な予定変更に対応できるかが重要なため、変更後の問い合わせ先と代替手段を分かりやすく示してほしいです。,高齢者・免許返納者,郊外住宅地,70代,紙アンケート
614,免許を返してから買い物が一番困っています。週に数回でもスーパーと薬局を回る小型バスがあれば、家族に頼らず暮らせます。 中山間地域の高齢者・免許返納者からは、説明会後の意見としても、家族に頼れない場合の選択肢が必要なため、関係する部署や地域団体と連携して改善してほしいです。,高齢者・免許返納者,中山間地域,80代,民生委員聞き取り
615,予約制の乗合交通は便利そうですが、電話が混んでいると不安です。前日までに予約でき、変更も簡単に伝えられる仕組みにしてほしいです。 農村集落の高齢者・免許返納者からは、家族や支援者の視点でも、窓口、紙、Webのどれでも確認できることが大切なため、具体的な運用条件まで示してほしいです。,高齢者・免許返納者,農村集落,70代,電話相談
616,バス停まで歩く距離が長く、雨の日や冬場は転倒が心配です。集落内にもう少し細かく停車場所を設けるか、玄関先に近い乗降を検討してほしいです。 山あい地区の高齢者・免許返納者からは、日常的に利用する人からも、実際の生活動線に合う運用でないと使い続けにくいため、地域別の影響を確認してから判断してほしいです。,高齢者・免許返納者,山あい地区,80代,地域説明会
617,時刻表が変わっても掲示だけでは気づきません。自治会の回覧や広報紙で、乗り継ぎ例まで具体的に知らせてもらえると使いやすいです。 旧市街の高齢者・免許返納者からは、初めて制度を調べた人からも、利用する時間帯や曜日で困り方が変わるため、試行期間を設けて利用者の声を再確認してほしいです。,高齢者・免許返納者,旧市街,70代,紙アンケート
618,病院からコミュニティバスへ乗り継ぐ時間が短く、会計で少し遅れると一時間待ちになります。利用者の動きに合わせた余裕が必要です。 中心市街地の高齢者・免許返納者からは、平日昼間に動きづらい人からも、情報の届き方に個人差があるため、対象者に届く案内方法も合わせて検討してほしいです。,高齢者・免許返納者,中心市街地,80代,窓口投稿
619,家族が働いている時間帯に移動できないと、結局タクシー代が重くなります。少人数でも利用できる昼間の便を削りすぎないでください。 郊外団地の高齢者・免許返納者からは、地域活動に関わる人からも、費用負担と手続きの分かりやすさが利用を左右するため、必要な人が使えなくならないよう段階的に見直してほしいです。,高齢者・免許返納者,郊外団地,70代,紙アンケート
620,スマートフォンで予約と言われても操作に自信がありません。電話、紙の申込、家族による代理予約など複数の方法を用意してほしいです。 沿岸部の高齢者・免許返納者からは、同じ立場の利用者からも、地区ごとの距離や交通手段の違いが大きいため、利用実績だけでなく困っている人の声も判断材料にしてほしいです。,高齢者・免許返納者,沿岸部,80代,地域説明会
621,朝の便は学生で混み、杖を持って立つのが怖い時があります。高齢者の通院時間と通学時間が重なりすぎない調整をお願いしたいです。 駅周辺の高齢者・免許返納者からは、別の地区の回答でも、急な予定変更に対応できるかが重要なため、変更後の問い合わせ先と代替手段を分かりやすく示してほしいです。,高齢者・免許返納者,駅周辺,70代,電話相談
622,バスが遅れているのか、もう通過したのか分からないことがあります。停留所や電話で現在の運行状況を確認できると安心して待てます。 農村集落の高齢者・免許返納者からは、説明会後の意見としても、家族に頼れない場合の選択肢が必要なため、関係する部署や地域団体と連携して改善してほしいです。,高齢者・免許返納者,農村集落,70代,紙アンケート
623,免許返納後の割引制度はありがたいですが、どの路線で使えるのか分かりにくいです。制度と使い方を一枚で見られる案内がほしいです。 中心市街地の高齢者・免許返納者からは、家族や支援者の視点でも、窓口、紙、Webのどれでも確認できることが大切なため、具体的な運用条件まで示してほしいです。,高齢者・免許返納者,中心市街地,80代,窓口投稿
624,買い物帰りは荷物が多く、乗り継ぎで長く歩くのが負担です。商業施設と自宅方面を結ぶ便は、短い距離でも直行に近い形が助かります。 郊外住宅地の高齢者・免許返納者からは、日常的に利用する人からも、実際の生活動線に合う運用でないと使い続けにくいため、地域別の影響を確認してから判断してほしいです。,高齢者・免許返納者,郊外住宅地,70代,民生委員聞き取り
625,朝のバスが一本遅れると始業に間に合いません。通勤時間帯だけでも本数を確保し、鉄道との接続を時刻表上で分かりやすくしてほしいです。 駅周辺の通勤通学者・保護者からは、初めて制度を調べた人からも、利用する時間帯や曜日で困り方が変わるため、試行期間を設けて利用者の声を再確認してほしいです。,通勤通学者・保護者,駅周辺,40代,Webアンケート
626,子どもの部活後に帰れる便が少なく、迎えに行けない日は不安です。夕方以降の通学利用を想定した運行を見直してほしいです。 郊外住宅地の通勤通学者・保護者からは、平日昼間に動きづらい人からも、情報の届き方に個人差があるため、対象者に届く案内方法も合わせて検討してほしいです。,通勤通学者・保護者,郊外住宅地,40代,PTA経由
627,保育園の送迎と出勤を両立するには、バス停の位置と時刻が合いません。子育て世帯の移動経路も調査してルートを考えてほしいです。 新興住宅地の通勤通学者・保護者からは、地域活動に関わる人からも、費用負担と手続きの分かりやすさが利用を左右するため、必要な人が使えなくならないよう段階的に見直してほしいです。,通勤通学者・保護者,新興住宅地,30代,Webアンケート
628,乗り継ぎ前提でもよいですが、待ち時間が二十分を超えると車を選びます。主要停留所では接続便をそろえ、遅延時の扱いも決めてください。 中心市街地の通勤通学者・保護者からは、同じ立場の利用者からも、地区ごとの距離や交通手段の違いが大きいため、利用実績だけでなく困っている人の声も判断材料にしてほしいです。,通勤通学者・保護者,中心市街地,30代,Webアンケート
629,アプリで時刻検索できると助かりますが、学校から配られる紙の案内も必要です。家庭によって情報の受け取り方が違うことを考えてほしいです。 学区全域の通勤通学者・保護者からは、別の地区の回答でも、急な予定変更に対応できるかが重要なため、変更後の問い合わせ先と代替手段を分かりやすく示してほしいです。,通勤通学者・保護者,学区全域,40代,PTA経由
630,雨の日は自転車通学ができず、バスに集中して乗り切れないことがあります。天候による需要増を見込んだ臨時便や混雑情報が必要です。 郊外団地の通勤通学者・保護者からは、説明会後の意見としても、家族に頼れない場合の選択肢が必要なため、関係する部署や地域団体と連携して改善してほしいです。,通勤通学者・保護者,郊外団地,10代,学校アンケート
631,予約型交通は柔軟ですが、通勤では毎回予約する手間が負担です。定期利用者向けに曜日固定の予約やキャンセル通知を整えてほしいです。 農村集落の通勤通学者・保護者からは、家族や支援者の視点でも、窓口、紙、Webのどれでも確認できることが大切なため、具体的な運用条件まで示してほしいです。,通勤通学者・保護者,農村集落,50代,Webアンケート
632,帰宅時間が残業で変わるため、最終便が早いと利用を諦めます。毎日でなくても、平日の夜に選択肢が残る運行にしてほしいです。 工業団地周辺の通勤通学者・保護者からは、日常的に利用する人からも、実際の生活動線に合う運用でないと使い続けにくいため、地域別の影響を確認してから判断してほしいです。,通勤通学者・保護者,工業団地周辺,30代,Webアンケート
633,高校への直通便がなく、乗り換えでかなり遠回りになります。生徒数の多い方面だけでも登下校時間に合わせた短絡ルートを検討してください。 中山間地域の通勤通学者・保護者からは、初めて制度を調べた人からも、利用する時間帯や曜日で困り方が変わるため、試行期間を設けて利用者の声を再確認してほしいです。,通勤通学者・保護者,中山間地域,10代,学校アンケート
634,時刻表が複数の会社に分かれていて、初めて使う人には分かりません。市のサイトで目的地別に検索できる統一案内がほしいです。 市内全域の通勤通学者・保護者からは、平日昼間に動きづらい人からも、情報の届き方に個人差があるため、対象者に届く案内方法も合わせて検討してほしいです。,通勤通学者・保護者,市内全域,40代,Webアンケート
635,子どもだけで乗る場合、予約型交通の乗車場所や運転手への伝え方が心配です。保護者へ事前に分かる確認通知を出してほしいです。 郊外住宅地の通勤通学者・保護者からは、地域活動に関わる人からも、費用負担と手続きの分かりやすさが利用を左右するため、必要な人が使えなくならないよう段階的に見直してほしいです。,通勤通学者・保護者,郊外住宅地,30代,PTA経由
636,駅までの短い移動でも、朝は道路が混んでバスの時間が読めません。遅延を前提にした接続案内やリアルタイム表示を整備してください。 駅周辺の通勤通学者・保護者からは、同じ立場の利用者からも、地区ごとの距離や交通手段の違いが大きいため、利用実績だけでなく困っている人の声も判断材料にしてほしいです。,通勤通学者・保護者,駅周辺,50代,Webアンケート
637,商店街の利用者は高齢の方が多く、バスが減ると来店そのものが減ります。買い物時間帯に合わせた循環便を維持してほしいです。 商店街の地域事業者・自治会からは、別の地区の回答でも、急な予定変更に対応できるかが重要なため、変更後の問い合わせ先と代替手段を分かりやすく示してほしいです。,地域事業者・自治会,商店街,60代,事業者ヒアリング
638,イベント開催日は通常の時刻表では来場者をさばけません。臨時便の予約方法や運行情報を、主催者と早めに共有できる仕組みが必要です。 中心市街地の地域事業者・自治会からは、説明会後の意見としても、家族に頼れない場合の選択肢が必要なため、関係する部署や地域団体と連携して改善してほしいです。,地域事業者・自治会,中心市街地,50代,自治会会議
639,自治会で高齢者の外出支援をしていますが、運行変更の説明が遅いと住民に伝えきれません。地域単位の説明資料を早めに出してください。 農村集落の地域事業者・自治会からは、家族や支援者の視点でも、窓口、紙、Webのどれでも確認できることが大切なため、具体的な運用条件まで示してほしいです。,地域事業者・自治会,農村集落,60代,自治会会議
640,デマンド交通を導入するなら、地域の集会所を予約相談の窓口にできます。ただし担当者だけに負担が集中しない運用設計が必要です。 山あい地区の地域事業者・自治会からは、日常的に利用する人からも、実際の生活動線に合う運用でないと使い続けにくいため、地域別の影響を確認してから判断してほしいです。,地域事業者・自治会,山あい地区,60代,地域説明会
641,観光客が駅から店舗まで来る手段が少なく、週末だけでも接続が良くなれば回遊が増えます。観光施設との乗り継ぎを意識してほしいです。 観光地区の地域事業者・自治会からは、初めて制度を調べた人からも、利用する時間帯や曜日で困り方が変わるため、試行期間を設けて利用者の声を再確認してほしいです。,地域事業者・自治会,観光地区,40代,事業者ヒアリング
642,朝夕だけでなく、昼の買い物時間帯に空白があると地域の店は利用されません。生活と商業の両方を支えるダイヤにしてほしいです。 旧市街の地域事業者・自治会からは、平日昼間に動きづらい人からも、情報の届き方に個人差があるため、対象者に届く案内方法も合わせて検討してほしいです。,地域事業者・自治会,旧市街,50代,事業者ヒアリング
643,地域内の停留所名が古い通称のままで、初めて来る人には場所が分かりません。地図、施設名、写真を組み合わせた案内に改善してください。 商店街の地域事業者・自治会からは、地域活動に関わる人からも、費用負担と手続きの分かりやすさが利用を左右するため、必要な人が使えなくならないよう段階的に見直してほしいです。,地域事業者・自治会,商店街,40代,Webアンケート
644,自治会で移動困難者を把握しても、個別送迎だけでは限界があります。公共交通と地域ボランティアが役割分担できる制度にしてほしいです。 郊外団地の地域事業者・自治会からは、同じ立場の利用者からも、地区ごとの距離や交通手段の違いが大きいため、利用実績だけでなく困っている人の声も判断材料にしてほしいです。,地域事業者・自治会,郊外団地,70代,自治会会議
645,予約制にする場合、当日朝まで受け付けないと急な通院や買い物に対応できません。空き状況を地域でも確認できる方法があると助かります。 中山間地域の地域事業者・自治会からは、別の地区の回答でも、急な予定変更に対応できるかが重要なため、変更後の問い合わせ先と代替手段を分かりやすく示してほしいです。,地域事業者・自治会,中山間地域,50代,地域説明会
646,工業団地の勤務交代時間と路線バスの時刻が合わず、従業員募集にも影響しています。企業側のシフト情報も聞いてダイヤを組んでください。 工業団地周辺の地域事業者・自治会からは、説明会後の意見としても、家族に頼れない場合の選択肢が必要なため、関係する部署や地域団体と連携して改善してほしいです。,地域事業者・自治会,工業団地周辺,50代,事業者ヒアリング
647,地域の会合に来る人が、帰りの便を心配して参加を控えることがあります。夜間は多くなくてよいので、主要行事に合わせた便が必要です。 農村集落の地域事業者・自治会からは、家族や支援者の視点でも、窓口、紙、Webのどれでも確認できることが大切なため、具体的な運用条件まで示してほしいです。,地域事業者・自治会,農村集落,60代,自治会会議
648,複数路線の乗り継ぎ拠点を作るなら、待合スペースや案内板も一体で整備してほしいです。単に乗り換え時間を短くするだけでは不十分です。 中心市街地の地域事業者・自治会からは、日常的に利用する人からも、実際の生活動線に合う運用でないと使い続けにくいため、地域別の影響を確認してから判断してほしいです。,地域事業者・自治会,中心市街地,50代,地域説明会
649,駅前の病院へ行く便が昼前に集中しており、診察が長引くと帰りの足がなくなります。午後にも高齢者が安心して使える便を残してほしいです。 郊外住宅地の高齢者・免許返納者からは、説明会後の意見としても、家族に頼れない場合の選択肢が必要なため、関係する部署や地域団体と連携して改善してほしいです。,高齢者・免許返納者,郊外住宅地,70代,紙アンケート
650,免許を返してから買い物が一番困っています。週に数回でもスーパーと薬局を回る小型バスがあれば、家族に頼らず暮らせます。 中山間地域の高齢者・免許返納者からは、家族や支援者の視点でも、窓口、紙、Webのどれでも確認できることが大切なため、具体的な運用条件まで示してほしいです。,高齢者・免許返納者,中山間地域,80代,民生委員聞き取り
651,予約制の乗合交通は便利そうですが、電話が混んでいると不安です。前日までに予約でき、変更も簡単に伝えられる仕組みにしてほしいです。 農村集落の高齢者・免許返納者からは、日常的に利用する人からも、実際の生活動線に合う運用でないと使い続けにくいため、地域別の影響を確認してから判断してほしいです。,高齢者・免許返納者,農村集落,70代,電話相談
652,バス停まで歩く距離が長く、雨の日や冬場は転倒が心配です。集落内にもう少し細かく停車場所を設けるか、玄関先に近い乗降を検討してほしいです。 山あい地区の高齢者・免許返納者からは、初めて制度を調べた人からも、利用する時間帯や曜日で困り方が変わるため、試行期間を設けて利用者の声を再確認してほしいです。,高齢者・免許返納者,山あい地区,80代,地域説明会
653,時刻表が変わっても掲示だけでは気づきません。自治会の回覧や広報紙で、乗り継ぎ例まで具体的に知らせてもらえると使いやすいです。 旧市街の高齢者・免許返納者からは、平日昼間に動きづらい人からも、情報の届き方に個人差があるため、対象者に届く案内方法も合わせて検討してほしいです。,高齢者・免許返納者,旧市街,70代,紙アンケート
654,病院からコミュニティバスへ乗り継ぐ時間が短く、会計で少し遅れると一時間待ちになります。利用者の動きに合わせた余裕が必要です。 中心市街地の高齢者・免許返納者からは、地域活動に関わる人からも、費用負担と手続きの分かりやすさが利用を左右するため、必要な人が使えなくならないよう段階的に見直してほしいです。,高齢者・免許返納者,中心市街地,80代,窓口投稿
655,家族が働いている時間帯に移動できないと、結局タクシー代が重くなります。少人数でも利用できる昼間の便を削りすぎないでください。 郊外団地の高齢者・免許返納者からは、同じ立場の利用者からも、地区ごとの距離や交通手段の違いが大きいため、利用実績だけでなく困っている人の声も判断材料にしてほしいです。,高齢者・免許返納者,郊外団地,70代,紙アンケート
656,スマートフォンで予約と言われても操作に自信がありません。電話、紙の申込、家族による代理予約など複数の方法を用意してほしいです。 沿岸部の高齢者・免許返納者からは、別の地区の回答でも、急な予定変更に対応できるかが重要なため、変更後の問い合わせ先と代替手段を分かりやすく示してほしいです。,高齢者・免許返納者,沿岸部,80代,地域説明会
657,朝の便は学生で混み、杖を持って立つのが怖い時があります。高齢者の通院時間と通学時間が重なりすぎない調整をお願いしたいです。 駅周辺の高齢者・免許返納者からは、説明会後の意見としても、家族に頼れない場合の選択肢が必要なため、関係する部署や地域団体と連携して改善してほしいです。,高齢者・免許返納者,駅周辺,70代,電話相談
658,バスが遅れているのか、もう通過したのか分からないことがあります。停留所や電話で現在の運行状況を確認できると安心して待てます。 農村集落の高齢者・免許返納者からは、家族や支援者の視点でも、窓口、紙、Webのどれでも確認できることが大切なため、具体的な運用条件まで示してほしいです。,高齢者・免許返納者,農村集落,70代,紙アンケート
659,免許返納後の割引制度はありがたいですが、どの路線で使えるのか分かりにくいです。制度と使い方を一枚で見られる案内がほしいです。 中心市街地の高齢者・免許返納者からは、日常的に利用する人からも、実際の生活動線に合う運用でないと使い続けにくいため、地域別の影響を確認してから判断してほしいです。,高齢者・免許返納者,中心市街地,80代,窓口投稿
660,買い物帰りは荷物が多く、乗り継ぎで長く歩くのが負担です。商業施設と自宅方面を結ぶ便は、短い距離でも直行に近い形が助かります。 郊外住宅地の高齢者・免許返納者からは、初めて制度を調べた人からも、利用する時間帯や曜日で困り方が変わるため、試行期間を設けて利用者の声を再確認してほしいです。,高齢者・免許返納者,郊外住宅地,70代,民生委員聞き取り
661,朝のバスが一本遅れると始業に間に合いません。通勤時間帯だけでも本数を確保し、鉄道との接続を時刻表上で分かりやすくしてほしいです。 駅周辺の通勤通学者・保護者からは、平日昼間に動きづらい人からも、情報の届き方に個人差があるため、対象者に届く案内方法も合わせて検討してほしいです。,通勤通学者・保護者,駅周辺,40代,Webアンケート
662,子どもの部活後に帰れる便が少なく、迎えに行けない日は不安です。夕方以降の通学利用を想定した運行を見直してほしいです。 郊外住宅地の通勤通学者・保護者からは、地域活動に関わる人からも、費用負担と手続きの分かりやすさが利用を左右するため、必要な人が使えなくならないよう段階的に見直してほしいです。,通勤通学者・保護者,郊外住宅地,40代,PTA経由
663,保育園の送迎と出勤を両立するには、バス停の位置と時刻が合いません。子育て世帯の移動経路も調査してルートを考えてほしいです。 新興住宅地の通勤通学者・保護者からは、同じ立場の利用者からも、地区ごとの距離や交通手段の違いが大きいため、利用実績だけでなく困っている人の声も判断材料にしてほしいです。,通勤通学者・保護者,新興住宅地,30代,Webアンケート
664,乗り継ぎ前提でもよいですが、待ち時間が二十分を超えると車を選びます。主要停留所では接続便をそろえ、遅延時の扱いも決めてください。 中心市街地の通勤通学者・保護者からは、別の地区の回答でも、急な予定変更に対応できるかが重要なため、変更後の問い合わせ先と代替手段を分かりやすく示してほしいです。,通勤通学者・保護者,中心市街地,30代,Webアンケート
665,アプリで時刻検索できると助かりますが、学校から配られる紙の案内も必要です。家庭によって情報の受け取り方が違うことを考えてほしいです。 学区全域の通勤通学者・保護者からは、説明会後の意見としても、家族に頼れない場合の選択肢が必要なため、関係する部署や地域団体と連携して改善してほしいです。,通勤通学者・保護者,学区全域,40代,PTA経由
666,雨の日は自転車通学ができず、バスに集中して乗り切れないことがあります。天候による需要増を見込んだ臨時便や混雑情報が必要です。 郊外団地の通勤通学者・保護者からは、家族や支援者の視点でも、窓口、紙、Webのどれでも確認できることが大切なため、具体的な運用条件まで示してほしいです。,通勤通学者・保護者,郊外団地,10代,学校アンケート
667,予約型交通は柔軟ですが、通勤では毎回予約する手間が負担です。定期利用者向けに曜日固定の予約やキャンセル通知を整えてほしいです。 農村集落の通勤通学者・保護者からは、日常的に利用する人からも、実際の生活動線に合う運用でないと使い続けにくいため、地域別の影響を確認してから判断してほしいです。,通勤通学者・保護者,農村集落,50代,Webアンケート
668,帰宅時間が残業で変わるため、最終便が早いと利用を諦めます。毎日でなくても、平日の夜に選択肢が残る運行にしてほしいです。 工業団地周辺の通勤通学者・保護者からは、初めて制度を調べた人からも、利用する時間帯や曜日で困り方が変わるため、試行期間を設けて利用者の声を再確認してほしいです。,通勤通学者・保護者,工業団地周辺,30代,Webアンケート
669,高校への直通便がなく、乗り換えでかなり遠回りになります。生徒数の多い方面だけでも登下校時間に合わせた短絡ルートを検討してください。 中山間地域の通勤通学者・保護者からは、平日昼間に動きづらい人からも、情報の届き方に個人差があるため、対象者に届く案内方法も合わせて検討してほしいです。,通勤通学者・保護者,中山間地域,10代,学校アンケート
670,時刻表が複数の会社に分かれていて、初めて使う人には分かりません。市のサイトで目的地別に検索できる統一案内がほしいです。 市内全域の通勤通学者・保護者からは、地域活動に関わる人からも、費用負担と手続きの分かりやすさが利用を左右するため、必要な人が使えなくならないよう段階的に見直してほしいです。,通勤通学者・保護者,市内全域,40代,Webアンケート
671,子どもだけで乗る場合、予約型交通の乗車場所や運転手への伝え方が心配です。保護者へ事前に分かる確認通知を出してほしいです。 郊外住宅地の通勤通学者・保護者からは、同じ立場の利用者からも、地区ごとの距離や交通手段の違いが大きいため、利用実績だけでなく困っている人の声も判断材料にしてほしいです。,通勤通学者・保護者,郊外住宅地,30代,PTA経由
672,駅までの短い移動でも、朝は道路が混んでバスの時間が読めません。遅延を前提にした接続案内やリアルタイム表示を整備してください。 駅周辺の通勤通学者・保護者からは、別の地区の回答でも、急な予定変更に対応できるかが重要なため、変更後の問い合わせ先と代替手段を分かりやすく示してほしいです。,通勤通学者・保護者,駅周辺,50代,Webアンケート
673,商店街の利用者は高齢の方が多く、バスが減ると来店そのものが減ります。買い物時間帯に合わせた循環便を維持してほしいです。 商店街の地域事業者・自治会からは、説明会後の意見としても、家族に頼れない場合の選択肢が必要なため、関係する部署や地域団体と連携して改善してほしいです。,地域事業者・自治会,商店街,60代,事業者ヒアリング
674,イベント開催日は通常の時刻表では来場者をさばけません。臨時便の予約方法や運行情報を、主催者と早めに共有できる仕組みが必要です。 中心市街地の地域事業者・自治会からは、家族や支援者の視点でも、窓口、紙、Webのどれでも確認できることが大切なため、具体的な運用条件まで示してほしいです。,地域事業者・自治会,中心市街地,50代,自治会会議
675,自治会で高齢者の外出支援をしていますが、運行変更の説明が遅いと住民に伝えきれません。地域単位の説明資料を早めに出してください。 農村集落の地域事業者・自治会からは、日常的に利用する人からも、実際の生活動線に合う運用でないと使い続けにくいため、地域別の影響を確認してから判断してほしいです。,地域事業者・自治会,農村集落,60代,自治会会議
676,デマンド交通を導入するなら、地域の集会所を予約相談の窓口にできます。ただし担当者だけに負担が集中しない運用設計が必要です。 山あい地区の地域事業者・自治会からは、初めて制度を調べた人からも、利用する時間帯や曜日で困り方が変わるため、試行期間を設けて利用者の声を再確認してほしいです。,地域事業者・自治会,山あい地区,60代,地域説明会
677,観光客が駅から店舗まで来る手段が少なく、週末だけでも接続が良くなれば回遊が増えます。観光施設との乗り継ぎを意識してほしいです。 観光地区の地域事業者・自治会からは、平日昼間に動きづらい人からも、情報の届き方に個人差があるため、対象者に届く案内方法も合わせて検討してほしいです。,地域事業者・自治会,観光地区,40代,事業者ヒアリング
678,朝夕だけでなく、昼の買い物時間帯に空白があると地域の店は利用されません。生活と商業の両方を支えるダイヤにしてほしいです。 旧市街の地域事業者・自治会からは、地域活動に関わる人からも、費用負担と手続きの分かりやすさが利用を左右するため、必要な人が使えなくならないよう段階的に見直してほしいです。,地域事業者・自治会,旧市街,50代,事業者ヒアリング
679,地域内の停留所名が古い通称のままで、初めて来る人には場所が分かりません。地図、施設名、写真を組み合わせた案内に改善してください。 商店街の地域事業者・自治会からは、同じ立場の利用者からも、地区ごとの距離や交通手段の違いが大きいため、利用実績だけでなく困っている人の声も判断材料にしてほしいです。,地域事業者・自治会,商店街,40代,Webアンケート
680,自治会で移動困難者を把握しても、個別送迎だけでは限界があります。公共交通と地域ボランティアが役割分担できる制度にしてほしいです。 郊外団地の地域事業者・自治会からは、別の地区の回答でも、急な予定変更に対応できるかが重要なため、変更後の問い合わせ先と代替手段を分かりやすく示してほしいです。,地域事業者・自治会,郊外団地,70代,自治会会議
681,予約制にする場合、当日朝まで受け付けないと急な通院や買い物に対応できません。空き状況を地域でも確認できる方法があると助かります。 中山間地域の地域事業者・自治会からは、説明会後の意見としても、家族に頼れない場合の選択肢が必要なため、関係する部署や地域団体と連携して改善してほしいです。,地域事業者・自治会,中山間地域,50代,地域説明会
682,工業団地の勤務交代時間と路線バスの時刻が合わず、従業員募集にも影響しています。企業側のシフト情報も聞いてダイヤを組んでください。 工業団地周辺の地域事業者・自治会からは、家族や支援者の視点でも、窓口、紙、Webのどれでも確認できることが大切なため、具体的な運用条件まで示してほしいです。,地域事業者・自治会,工業団地周辺,50代,事業者ヒアリング
683,地域の会合に来る人が、帰りの便を心配して参加を控えることがあります。夜間は多くなくてよいので、主要行事に合わせた便が必要です。 農村集落の地域事業者・自治会からは、日常的に利用する人からも、実際の生活動線に合う運用でないと使い続けにくいため、地域別の影響を確認してから判断してほしいです。,地域事業者・自治会,農村集落,60代,自治会会議
684,複数路線の乗り継ぎ拠点を作るなら、待合スペースや案内板も一体で整備してほしいです。単に乗り換え時間を短くするだけでは不十分です。 中心市街地の地域事業者・自治会からは、初めて制度を調べた人からも、利用する時間帯や曜日で困り方が変わるため、試行期間を設けて利用者の声を再確認してほしいです。,地域事業者・自治会,中心市街地,50代,地域説明会
685,駅前の病院へ行く便が昼前に集中しており、診察が長引くと帰りの足がなくなります。午後にも高齢者が安心して使える便を残してほしいです。 郊外住宅地の高齢者・免許返納者からは、家族や支援者の視点でも、窓口、紙、Webのどれでも確認できることが大切なため、具体的な運用条件まで示してほしいです。,高齢者・免許返納者,郊外住宅地,70代,紙アンケート
686,免許を返してから買い物が一番困っています。週に数回でもスーパーと薬局を回る小型バスがあれば、家族に頼らず暮らせます。 中山間地域の高齢者・免許返納者からは、日常的に利用する人からも、実際の生活動線に合う運用でないと使い続けにくいため、地域別の影響を確認してから判断してほしいです。,高齢者・免許返納者,中山間地域,80代,民生委員聞き取り
687,予約制の乗合交通は便利そうですが、電話が混んでいると不安です。前日までに予約でき、変更も簡単に伝えられる仕組みにしてほしいです。 農村集落の高齢者・免許返納者からは、初めて制度を調べた人からも、利用する時間帯や曜日で困り方が変わるため、試行期間を設けて利用者の声を再確認してほしいです。,高齢者・免許返納者,農村集落,70代,電話相談
688,バス停まで歩く距離が長く、雨の日や冬場は転倒が心配です。集落内にもう少し細かく停車場所を設けるか、玄関先に近い乗降を検討してほしいです。 山あい地区の高齢者・免許返納者からは、平日昼間に動きづらい人からも、情報の届き方に個人差があるため、対象者に届く案内方法も合わせて検討してほしいです。,高齢者・免許返納者,山あい地区,80代,地域説明会
689,時刻表が変わっても掲示だけでは気づきません。自治会の回覧や広報紙で、乗り継ぎ例まで具体的に知らせてもらえると使いやすいです。 旧市街の高齢者・免許返納者からは、地域活動に関わる人からも、費用負担と手続きの分かりやすさが利用を左右するため、必要な人が使えなくならないよう段階的に見直してほしいです。,高齢者・免許返納者,旧市街,70代,紙アンケート
690,病院からコミュニティバスへ乗り継ぐ時間が短く、会計で少し遅れると一時間待ちになります。利用者の動きに合わせた余裕が必要です。 中心市街地の高齢者・免許返納者からは、同じ立場の利用者からも、地区ごとの距離や交通手段の違いが大きいため、利用実績だけでなく困っている人の声も判断材料にしてほしいです。,高齢者・免許返納者,中心市街地,80代,窓口投稿
691,家族が働いている時間帯に移動できないと、結局タクシー代が重くなります。少人数でも利用できる昼間の便を削りすぎないでください。 郊外団地の高齢者・免許返納者からは、別の地区の回答でも、急な予定変更に対応できるかが重要なため、変更後の問い合わせ先と代替手段を分かりやすく示してほしいです。,高齢者・免許返納者,郊外団地,70代,紙アンケート
692,スマートフォンで予約と言われても操作に自信がありません。電話、紙の申込、家族による代理予約など複数の方法を用意してほしいです。 沿岸部の高齢者・免許返納者からは、説明会後の意見としても、家族に頼れない場合の選択肢が必要なため、関係する部署や地域団体と連携して改善してほしいです。,高齢者・免許返納者,沿岸部,80代,地域説明会
693,朝の便は学生で混み、杖を持って立つのが怖い時があります。高齢者の通院時間と通学時間が重なりすぎない調整をお願いしたいです。 駅周辺の高齢者・免許返納者からは、家族や支援者の視点でも、窓口、紙、Webのどれでも確認できることが大切なため、具体的な運用条件まで示してほしいです。,高齢者・免許返納者,駅周辺,70代,電話相談
694,バスが遅れているのか、もう通過したのか分からないことがあります。停留所や電話で現在の運行状況を確認できると安心して待てます。 農村集落の高齢者・免許返納者からは、日常的に利用する人からも、実際の生活動線に合う運用でないと使い続けにくいため、地域別の影響を確認してから判断してほしいです。,高齢者・免許返納者,農村集落,70代,紙アンケート
695,免許返納後の割引制度はありがたいですが、どの路線で使えるのか分かりにくいです。制度と使い方を一枚で見られる案内がほしいです。 中心市街地の高齢者・免許返納者からは、初めて制度を調べた人からも、利用する時間帯や曜日で困り方が変わるため、試行期間を設けて利用者の声を再確認してほしいです。,高齢者・免許返納者,中心市街地,80代,窓口投稿
696,買い物帰りは荷物が多く、乗り継ぎで長く歩くのが負担です。商業施設と自宅方面を結ぶ便は、短い距離でも直行に近い形が助かります。 郊外住宅地の高齢者・免許返納者からは、平日昼間に動きづらい人からも、情報の届き方に個人差があるため、対象者に届く案内方法も合わせて検討してほしいです。,高齢者・免許返納者,郊外住宅地,70代,民生委員聞き取り
697,朝のバスが一本遅れると始業に間に合いません。通勤時間帯だけでも本数を確保し、鉄道との接続を時刻表上で分かりやすくしてほしいです。 駅周辺の通勤通学者・保護者からは、地域活動に関わる人からも、費用負担と手続きの分かりやすさが利用を左右するため、必要な人が使えなくならないよう段階的に見直してほしいです。,通勤通学者・保護者,駅周辺,40代,Webアンケート
698,子どもの部活後に帰れる便が少なく、迎えに行けない日は不安です。夕方以降の通学利用を想定した運行を見直してほしいです。 郊外住宅地の通勤通学者・保護者からは、同じ立場の利用者からも、地区ごとの距離や交通手段の違いが大きいため、利用実績だけでなく困っている人の声も判断材料にしてほしいです。,通勤通学者・保護者,郊外住宅地,40代,PTA経由
699,保育園の送迎と出勤を両立するには、バス停の位置と時刻が合いません。子育て世帯の移動経路も調査してルートを考えてほしいです。 新興住宅地の通勤通学者・保護者からは、別の地区の回答でも、急な予定変更に対応できるかが重要なため、変更後の問い合わせ先と代替手段を分かりやすく示してほしいです。,通勤通学者・保護者,新興住宅地,30代,Webアンケート
700,乗り継ぎ前提でもよいですが、待ち時間が二十分を超えると車を選びます。主要停留所では接続便をそろえ、遅延時の扱いも決めてください。 中心市街地の通勤通学者・保護者からは、説明会後の意見としても、家族に頼れない場合の選択肢が必要なため、関係する部署や地域団体と連携して改善してほしいです。,通勤通学者・保護者,中心市街地,30代,Webアンケート
701,アプリで時刻検索できると助かりますが、学校から配られる紙の案内も必要です。家庭によって情報の受け取り方が違うことを考えてほしいです。 学区全域の通勤通学者・保護者からは、家族や支援者の視点でも、窓口、紙、Webのどれでも確認できることが大切なため、具体的な運用条件まで示してほしいです。,通勤通学者・保護者,学区全域,40代,PTA経由
702,雨の日は自転車通学ができず、バスに集中して乗り切れないことがあります。天候による需要増を見込んだ臨時便や混雑情報が必要です。 郊外団地の通勤通学者・保護者からは、日常的に利用する人からも、実際の生活動線に合う運用でないと使い続けにくいため、地域別の影響を確認してから判断してほしいです。,通勤通学者・保護者,郊外団地,10代,学校アンケート
703,予約型交通は柔軟ですが、通勤では毎回予約する手間が負担です。定期利用者向けに曜日固定の予約やキャンセル通知を整えてほしいです。 農村集落の通勤通学者・保護者からは、初めて制度を調べた人からも、利用する時間帯や曜日で困り方が変わるため、試行期間を設けて利用者の声を再確認してほしいです。,通勤通学者・保護者,農村集落,50代,Webアンケート
704,帰宅時間が残業で変わるため、最終便が早いと利用を諦めます。毎日でなくても、平日の夜に選択肢が残る運行にしてほしいです。 工業団地周辺の通勤通学者・保護者からは、平日昼間に動きづらい人からも、情報の届き方に個人差があるため、対象者に届く案内方法も合わせて検討してほしいです。,通勤通学者・保護者,工業団地周辺,30代,Webアンケート
705,高校への直通便がなく、乗り換えでかなり遠回りになります。生徒数の多い方面だけでも登下校時間に合わせた短絡ルートを検討してください。 中山間地域の通勤通学者・保護者からは、地域活動に関わる人からも、費用負担と手続きの分かりやすさが利用を左右するため、必要な人が使えなくならないよう段階的に見直してほしいです。,通勤通学者・保護者,中山間地域,10代,学校アンケート
706,時刻表が複数の会社に分かれていて、初めて使う人には分かりません。市のサイトで目的地別に検索できる統一案内がほしいです。 市内全域の通勤通学者・保護者からは、同じ立場の利用者からも、地区ごとの距離や交通手段の違いが大きいため、利用実績だけでなく困っている人の声も判断材料にしてほしいです。,通勤通学者・保護者,市内全域,40代,Webアンケート
707,子どもだけで乗る場合、予約型交通の乗車場所や運転手への伝え方が心配です。保護者へ事前に分かる確認通知を出してほしいです。 郊外住宅地の通勤通学者・保護者からは、別の地区の回答でも、急な予定変更に対応できるかが重要なため、変更後の問い合わせ先と代替手段を分かりやすく示してほしいです。,通勤通学者・保護者,郊外住宅地,30代,PTA経由
708,駅までの短い移動でも、朝は道路が混んでバスの時間が読めません。遅延を前提にした接続案内やリアルタイム表示を整備してください。 駅周辺の通勤通学者・保護者からは、説明会後の意見としても、家族に頼れない場合の選択肢が必要なため、関係する部署や地域団体と連携して改善してほしいです。,通勤通学者・保護者,駅周辺,50代,Webアンケート
709,商店街の利用者は高齢の方が多く、バスが減ると来店そのものが減ります。買い物時間帯に合わせた循環便を維持してほしいです。 商店街の地域事業者・自治会からは、家族や支援者の視点でも、窓口、紙、Webのどれでも確認できることが大切なため、具体的な運用条件まで示してほしいです。,地域事業者・自治会,商店街,60代,事業者ヒアリング
710,イベント開催日は通常の時刻表では来場者をさばけません。臨時便の予約方法や運行情報を、主催者と早めに共有できる仕組みが必要です。 中心市街地の地域事業者・自治会からは、日常的に利用する人からも、実際の生活動線に合う運用でないと使い続けにくいため、地域別の影響を確認してから判断してほしいです。,地域事業者・自治会,中心市街地,50代,自治会会議
711,自治会で高齢者の外出支援をしていますが、運行変更の説明が遅いと住民に伝えきれません。地域単位の説明資料を早めに出してください。 農村集落の地域事業者・自治会からは、初めて制度を調べた人からも、利用する時間帯や曜日で困り方が変わるため、試行期間を設けて利用者の声を再確認してほしいです。,地域事業者・自治会,農村集落,60代,自治会会議
712,デマンド交通を導入するなら、地域の集会所を予約相談の窓口にできます。ただし担当者だけに負担が集中しない運用設計が必要です。 山あい地区の地域事業者・自治会からは、平日昼間に動きづらい人からも、情報の届き方に個人差があるため、対象者に届く案内方法も合わせて検討してほしいです。,地域事業者・自治会,山あい地区,60代,地域説明会
713,観光客が駅から店舗まで来る手段が少なく、週末だけでも接続が良くなれば回遊が増えます。観光施設との乗り継ぎを意識してほしいです。 観光地区の地域事業者・自治会からは、地域活動に関わる人からも、費用負担と手続きの分かりやすさが利用を左右するため、必要な人が使えなくならないよう段階的に見直してほしいです。,地域事業者・自治会,観光地区,40代,事業者ヒアリング
714,朝夕だけでなく、昼の買い物時間帯に空白があると地域の店は利用されません。生活と商業の両方を支えるダイヤにしてほしいです。 旧市街の地域事業者・自治会からは、同じ立場の利用者からも、地区ごとの距離や交通手段の違いが大きいため、利用実績だけでなく困っている人の声も判断材料にしてほしいです。,地域事業者・自治会,旧市街,50代,事業者ヒアリング
715,地域内の停留所名が古い通称のままで、初めて来る人には場所が分かりません。地図、施設名、写真を組み合わせた案内に改善してください。 商店街の地域事業者・自治会からは、別の地区の回答でも、急な予定変更に対応できるかが重要なため、変更後の問い合わせ先と代替手段を分かりやすく示してほしいです。,地域事業者・自治会,商店街,40代,Webアンケート
716,自治会で移動困難者を把握しても、個別送迎だけでは限界があります。公共交通と地域ボランティアが役割分担できる制度にしてほしいです。 郊外団地の地域事業者・自治会からは、説明会後の意見としても、家族に頼れない場合の選択肢が必要なため、関係する部署や地域団体と連携して改善してほしいです。,地域事業者・自治会,郊外団地,70代,自治会会議
717,予約制にする場合、当日朝まで受け付けないと急な通院や買い物に対応できません。空き状況を地域でも確認できる方法があると助かります。 中山間地域の地域事業者・自治会からは、家族や支援者の視点でも、窓口、紙、Webのどれでも確認できることが大切なため、具体的な運用条件まで示してほしいです。,地域事業者・自治会,中山間地域,50代,地域説明会
718,工業団地の勤務交代時間と路線バスの時刻が合わず、従業員募集にも影響しています。企業側のシフト情報も聞いてダイヤを組んでください。 工業団地周辺の地域事業者・自治会からは、日常的に利用する人からも、実際の生活動線に合う運用でないと使い続けにくいため、地域別の影響を確認してから判断してほしいです。,地域事業者・自治会,工業団地周辺,50代,事業者ヒアリング
719,地域の会合に来る人が、帰りの便を心配して参加を控えることがあります。夜間は多くなくてよいので、主要行事に合わせた便が必要です。 農村集落の地域事業者・自治会からは、初めて制度を調べた人からも、利用する時間帯や曜日で困り方が変わるため、試行期間を設けて利用者の声を再確認してほしいです。,地域事業者・自治会,農村集落,60代,自治会会議
720,複数路線の乗り継ぎ拠点を作るなら、待合スペースや案内板も一体で整備してほしいです。単に乗り換え時間を短くするだけでは不十分です。 中心市街地の地域事業者・自治会からは、平日昼間に動きづらい人からも、情報の届き方に個人差があるため、対象者に届く案内方法も合わせて検討してほしいです。,地域事業者・自治会,中心市街地,50代,地域説明会
721,駅前の病院へ行く便が昼前に集中しており、診察が長引くと帰りの足がなくなります。午後にも高齢者が安心して使える便を残してほしいです。 郊外住宅地の高齢者・免許返納者からは、日常的に利用する人からも、実際の生活動線に合う運用でないと使い続けにくいため、地域別の影響を確認してから判断してほしいです。,高齢者・免許返納者,郊外住宅地,70代,紙アンケート
722,免許を返してから買い物が一番困っています。週に数回でもスーパーと薬局を回る小型バスがあれば、家族に頼らず暮らせます。 中山間地域の高齢者・免許返納者からは、初めて制度を調べた人からも、利用する時間帯や曜日で困り方が変わるため、試行期間を設けて利用者の声を再確認してほしいです。,高齢者・免許返納者,中山間地域,80代,民生委員聞き取り
723,予約制の乗合交通は便利そうですが、電話が混んでいると不安です。前日までに予約でき、変更も簡単に伝えられる仕組みにしてほしいです。 農村集落の高齢者・免許返納者からは、平日昼間に動きづらい人からも、情報の届き方に個人差があるため、対象者に届く案内方法も合わせて検討してほしいです。,高齢者・免許返納者,農村集落,70代,電話相談
724,バス停まで歩く距離が長く、雨の日や冬場は転倒が心配です。集落内にもう少し細かく停車場所を設けるか、玄関先に近い乗降を検討してほしいです。 山あい地区の高齢者・免許返納者からは、地域活動に関わる人からも、費用負担と手続きの分かりやすさが利用を左右するため、必要な人が使えなくならないよう段階的に見直してほしいです。,高齢者・免許返納者,山あい地区,80代,地域説明会
725,時刻表が変わっても掲示だけでは気づきません。自治会の回覧や広報紙で、乗り継ぎ例まで具体的に知らせてもらえると使いやすいです。 旧市街の高齢者・免許返納者からは、同じ立場の利用者からも、地区ごとの距離や交通手段の違いが大きいため、利用実績だけでなく困っている人の声も判断材料にしてほしいです。,高齢者・免許返納者,旧市街,70代,紙アンケート
726,病院からコミュニティバスへ乗り継ぐ時間が短く、会計で少し遅れると一時間待ちになります。利用者の動きに合わせた余裕が必要です。 中心市街地の高齢者・免許返納者からは、別の地区の回答でも、急な予定変更に対応できるかが重要なため、変更後の問い合わせ先と代替手段を分かりやすく示してほしいです。,高齢者・免許返納者,中心市街地,80代,窓口投稿
727,家族が働いている時間帯に移動できないと、結局タクシー代が重くなります。少人数でも利用できる昼間の便を削りすぎないでください。 郊外団地の高齢者・免許返納者からは、説明会後の意見としても、家族に頼れない場合の選択肢が必要なため、関係する部署や地域団体と連携して改善してほしいです。,高齢者・免許返納者,郊外団地,70代,紙アンケート
728,スマートフォンで予約と言われても操作に自信がありません。電話、紙の申込、家族による代理予約など複数の方法を用意してほしいです。 沿岸部の高齢者・免許返納者からは、家族や支援者の視点でも、窓口、紙、Webのどれでも確認できることが大切なため、具体的な運用条件まで示してほしいです。,高齢者・免許返納者,沿岸部,80代,地域説明会
729,朝の便は学生で混み、杖を持って立つのが怖い時があります。高齢者の通院時間と通学時間が重なりすぎない調整をお願いしたいです。 駅周辺の高齢者・免許返納者からは、日常的に利用する人からも、実際の生活動線に合う運用でないと使い続けにくいため、地域別の影響を確認してから判断してほしいです。,高齢者・免許返納者,駅周辺,70代,電話相談
730,バスが遅れているのか、もう通過したのか分からないことがあります。停留所や電話で現在の運行状況を確認できると安心して待てます。 農村集落の高齢者・免許返納者からは、初めて制度を調べた人からも、利用する時間帯や曜日で困り方が変わるため、試行期間を設けて利用者の声を再確認してほしいです。,高齢者・免許返納者,農村集落,70代,紙アンケート
731,免許返納後の割引制度はありがたいですが、どの路線で使えるのか分かりにくいです。制度と使い方を一枚で見られる案内がほしいです。 中心市街地の高齢者・免許返納者からは、平日昼間に動きづらい人からも、情報の届き方に個人差があるため、対象者に届く案内方法も合わせて検討してほしいです。,高齢者・免許返納者,中心市街地,80代,窓口投稿
732,買い物帰りは荷物が多く、乗り継ぎで長く歩くのが負担です。商業施設と自宅方面を結ぶ便は、短い距離でも直行に近い形が助かります。 郊外住宅地の高齢者・免許返納者からは、地域活動に関わる人からも、費用負担と手続きの分かりやすさが利用を左右するため、必要な人が使えなくならないよう段階的に見直してほしいです。,高齢者・免許返納者,郊外住宅地,70代,民生委員聞き取り
733,朝のバスが一本遅れると始業に間に合いません。通勤時間帯だけでも本数を確保し、鉄道との接続を時刻表上で分かりやすくしてほしいです。 駅周辺の通勤通学者・保護者からは、同じ立場の利用者からも、地区ごとの距離や交通手段の違いが大きいため、利用実績だけでなく困っている人の声も判断材料にしてほしいです。,通勤通学者・保護者,駅周辺,40代,Webアンケート
734,子どもの部活後に帰れる便が少なく、迎えに行けない日は不安です。夕方以降の通学利用を想定した運行を見直してほしいです。 郊外住宅地の通勤通学者・保護者からは、別の地区の回答でも、急な予定変更に対応できるかが重要なため、変更後の問い合わせ先と代替手段を分かりやすく示してほしいです。,通勤通学者・保護者,郊外住宅地,40代,PTA経由
735,保育園の送迎と出勤を両立するには、バス停の位置と時刻が合いません。子育て世帯の移動経路も調査してルートを考えてほしいです。 新興住宅地の通勤通学者・保護者からは、説明会後の意見としても、家族に頼れない場合の選択肢が必要なため、関係する部署や地域団体と連携して改善してほしいです。,通勤通学者・保護者,新興住宅地,30代,Webアンケート
736,乗り継ぎ前提でもよいですが、待ち時間が二十分を超えると車を選びます。主要停留所では接続便をそろえ、遅延時の扱いも決めてください。 中心市街地の通勤通学者・保護者からは、家族や支援者の視点でも、窓口、紙、Webのどれでも確認できることが大切なため、具体的な運用条件まで示してほしいです。,通勤通学者・保護者,中心市街地,30代,Webアンケート
737,アプリで時刻検索できると助かりますが、学校から配られる紙の案内も必要です。家庭によって情報の受け取り方が違うことを考えてほしいです。 学区全域の通勤通学者・保護者からは、日常的に利用する人からも、実際の生活動線に合う運用でないと使い続けにくいため、地域別の影響を確認してから判断してほしいです。,通勤通学者・保護者,学区全域,40代,PTA経由
738,雨の日は自転車通学ができず、バスに集中して乗り切れないことがあります。天候による需要増を見込んだ臨時便や混雑情報が必要です。 郊外団地の通勤通学者・保護者からは、初めて制度を調べた人からも、利用する時間帯や曜日で困り方が変わるため、試行期間を設けて利用者の声を再確認してほしいです。,通勤通学者・保護者,郊外団地,10代,学校アンケート
739,予約型交通は柔軟ですが、通勤では毎回予約する手間が負担です。定期利用者向けに曜日固定の予約やキャンセル通知を整えてほしいです。 農村集落の通勤通学者・保護者からは、平日昼間に動きづらい人からも、情報の届き方に個人差があるため、対象者に届く案内方法も合わせて検討してほしいです。,通勤通学者・保護者,農村集落,50代,Webアンケート
740,帰宅時間が残業で変わるため、最終便が早いと利用を諦めます。毎日でなくても、平日の夜に選択肢が残る運行にしてほしいです。 工業団地周辺の通勤通学者・保護者からは、地域活動に関わる人からも、費用負担と手続きの分かりやすさが利用を左右するため、必要な人が使えなくならないよう段階的に見直してほしいです。,通勤通学者・保護者,工業団地周辺,30代,Webアンケート
741,高校への直通便がなく、乗り換えでかなり遠回りになります。生徒数の多い方面だけでも登下校時間に合わせた短絡ルートを検討してください。 中山間地域の通勤通学者・保護者からは、同じ立場の利用者からも、地区ごとの距離や交通手段の違いが大きいため、利用実績だけでなく困っている人の声も判断材料にしてほしいです。,通勤通学者・保護者,中山間地域,10代,学校アンケート
742,時刻表が複数の会社に分かれていて、初めて使う人には分かりません。市のサイトで目的地別に検索できる統一案内がほしいです。 市内全域の通勤通学者・保護者からは、別の地区の回答でも、急な予定変更に対応できるかが重要なため、変更後の問い合わせ先と代替手段を分かりやすく示してほしいです。,通勤通学者・保護者,市内全域,40代,Webアンケート
743,子どもだけで乗る場合、予約型交通の乗車場所や運転手への伝え方が心配です。保護者へ事前に分かる確認通知を出してほしいです。 郊外住宅地の通勤通学者・保護者からは、説明会後の意見としても、家族に頼れない場合の選択肢が必要なため、関係する部署や地域団体と連携して改善してほしいです。,通勤通学者・保護者,郊外住宅地,30代,PTA経由
744,駅までの短い移動でも、朝は道路が混んでバスの時間が読めません。遅延を前提にした接続案内やリアルタイム表示を整備してください。 駅周辺の通勤通学者・保護者からは、家族や支援者の視点でも、窓口、紙、Webのどれでも確認できることが大切なため、具体的な運用条件まで示してほしいです。,通勤通学者・保護者,駅周辺,50代,Webアンケート
745,商店街の利用者は高齢の方が多く、バスが減ると来店そのものが減ります。買い物時間帯に合わせた循環便を維持してほしいです。 商店街の地域事業者・自治会からは、日常的に利用する人からも、実際の生活動線に合う運用でないと使い続けにくいため、地域別の影響を確認してから判断してほしいです。,地域事業者・自治会,商店街,60代,事業者ヒアリング
746,イベント開催日は通常の時刻表では来場者をさばけません。臨時便の予約方法や運行情報を、主催者と早めに共有できる仕組みが必要です。 中心市街地の地域事業者・自治会からは、初めて制度を調べた人からも、利用する時間帯や曜日で困り方が変わるため、試行期間を設けて利用者の声を再確認してほしいです。,地域事業者・自治会,中心市街地,50代,自治会会議
747,自治会で高齢者の外出支援をしていますが、運行変更の説明が遅いと住民に伝えきれません。地域単位の説明資料を早めに出してください。 農村集落の地域事業者・自治会からは、平日昼間に動きづらい人からも、情報の届き方に個人差があるため、対象者に届く案内方法も合わせて検討してほしいです。,地域事業者・自治会,農村集落,60代,自治会会議
748,デマンド交通を導入するなら、地域の集会所を予約相談の窓口にできます。ただし担当者だけに負担が集中しない運用設計が必要です。 山あい地区の地域事業者・自治会からは、地域活動に関わる人からも、費用負担と手続きの分かりやすさが利用を左右するため、必要な人が使えなくならないよう段階的に見直してほしいです。,地域事業者・自治会,山あい地区,60代,地域説明会
749,観光客が駅から店舗まで来る手段が少なく、週末だけでも接続が良くなれば回遊が増えます。観光施設との乗り継ぎを意識してほしいです。 観光地区の地域事業者・自治会からは、同じ立場の利用者からも、地区ごとの距離や交通手段の違いが大きいため、利用実績だけでなく困っている人の声も判断材料にしてほしいです。,地域事業者・自治会,観光地区,40代,事業者ヒアリング
750,朝夕だけでなく、昼の買い物時間帯に空白があると地域の店は利用されません。生活と商業の両方を支えるダイヤにしてほしいです。 旧市街の地域事業者・自治会からは、別の地区の回答でも、急な予定変更に対応できるかが重要なため、変更後の問い合わせ先と代替手段を分かりやすく示してほしいです。,地域事業者・自治会,旧市街,50代,事業者ヒアリング
751,地域内の停留所名が古い通称のままで、初めて来る人には場所が分かりません。地図、施設名、写真を組み合わせた案内に改善してください。 商店街の地域事業者・自治会からは、説明会後の意見としても、家族に頼れない場合の選択肢が必要なため、関係する部署や地域団体と連携して改善してほしいです。,地域事業者・自治会,商店街,40代,Webアンケート
752,自治会で移動困難者を把握しても、個別送迎だけでは限界があります。公共交通と地域ボランティアが役割分担できる制度にしてほしいです。 郊外団地の地域事業者・自治会からは、家族や支援者の視点でも、窓口、紙、Webのどれでも確認できることが大切なため、具体的な運用条件まで示してほしいです。,地域事業者・自治会,郊外団地,70代,自治会会議
753,予約制にする場合、当日朝まで受け付けないと急な通院や買い物に対応できません。空き状況を地域でも確認できる方法があると助かります。 中山間地域の地域事業者・自治会からは、日常的に利用する人からも、実際の生活動線に合う運用でないと使い続けにくいため、地域別の影響を確認してから判断してほしいです。,地域事業者・自治会,中山間地域,50代,地域説明会
754,工業団地の勤務交代時間と路線バスの時刻が合わず、従業員募集にも影響しています。企業側のシフト情報も聞いてダイヤを組んでください。 工業団地周辺の地域事業者・自治会からは、初めて制度を調べた人からも、利用する時間帯や曜日で困り方が変わるため、試行期間を設けて利用者の声を再確認してほしいです。,地域事業者・自治会,工業団地周辺,50代,事業者ヒアリング
755,地域の会合に来る人が、帰りの便を心配して参加を控えることがあります。夜間は多くなくてよいので、主要行事に合わせた便が必要です。 農村集落の地域事業者・自治会からは、平日昼間に動きづらい人からも、情報の届き方に個人差があるため、対象者に届く案内方法も合わせて検討してほしいです。,地域事業者・自治会,農村集落,60代,自治会会議
756,複数路線の乗り継ぎ拠点を作るなら、待合スペースや案内板も一体で整備してほしいです。単に乗り換え時間を短くするだけでは不十分です。 中心市街地の地域事業者・自治会からは、地域活動に関わる人からも、費用負担と手続きの分かりやすさが利用を左右するため、必要な人が使えなくならないよう段階的に見直してほしいです。,地域事業者・自治会,中心市街地,50代,地域説明会
757,駅前の病院へ行く便が昼前に集中しており、診察が長引くと帰りの足がなくなります。午後にも高齢者が安心して使える便を残してほしいです。 郊外住宅地の高齢者・免許返納者からは、初めて制度を調べた人からも、利用する時間帯や曜日で困り方が変わるため、試行期間を設けて利用者の声を再確認してほしいです。,高齢者・免許返納者,郊外住宅地,70代,紙アンケート
758,免許を返してから買い物が一番困っています。週に数回でもスーパーと薬局を回る小型バスがあれば、家族に頼らず暮らせます。 中山間地域の高齢者・免許返納者からは、平日昼間に動きづらい人からも、情報の届き方に個人差があるため、対象者に届く案内方法も合わせて検討してほしいです。,高齢者・免許返納者,中山間地域,80代,民生委員聞き取り
759,予約制の乗合交通は便利そうですが、電話が混んでいると不安です。前日までに予約でき、変更も簡単に伝えられる仕組みにしてほしいです。 農村集落の高齢者・免許返納者からは、地域活動に関わる人からも、費用負担と手続きの分かりやすさが利用を左右するため、必要な人が使えなくならないよう段階的に見直してほしいです。,高齢者・免許返納者,農村集落,70代,電話相談
760,バス停まで歩く距離が長く、雨の日や冬場は転倒が心配です。集落内にもう少し細かく停車場所を設けるか、玄関先に近い乗降を検討してほしいです。 山あい地区の高齢者・免許返納者からは、同じ立場の利用者からも、地区ごとの距離や交通手段の違いが大きいため、利用実績だけでなく困っている人の声も判断材料にしてほしいです。,高齢者・免許返納者,山あい地区,80代,地域説明会
761,時刻表が変わっても掲示だけでは気づきません。自治会の回覧や広報紙で、乗り継ぎ例まで具体的に知らせてもらえると使いやすいです。 旧市街の高齢者・免許返納者からは、別の地区の回答でも、急な予定変更に対応できるかが重要なため、変更後の問い合わせ先と代替手段を分かりやすく示してほしいです。,高齢者・免許返納者,旧市街,70代,紙アンケート
762,病院からコミュニティバスへ乗り継ぐ時間が短く、会計で少し遅れると一時間待ちになります。利用者の動きに合わせた余裕が必要です。 中心市街地の高齢者・免許返納者からは、説明会後の意見としても、家族に頼れない場合の選択肢が必要なため、関係する部署や地域団体と連携して改善してほしいです。,高齢者・免許返納者,中心市街地,80代,窓口投稿
763,家族が働いている時間帯に移動できないと、結局タクシー代が重くなります。少人数でも利用できる昼間の便を削りすぎないでください。 郊外団地の高齢者・免許返納者からは、家族や支援者の視点でも、窓口、紙、Webのどれでも確認できることが大切なため、具体的な運用条件まで示してほしいです。,高齢者・免許返納者,郊外団地,70代,紙アンケート
764,スマートフォンで予約と言われても操作に自信がありません。電話、紙の申込、家族による代理予約など複数の方法を用意してほしいです。 沿岸部の高齢者・免許返納者からは、日常的に利用する人からも、実際の生活動線に合う運用でないと使い続けにくいため、地域別の影響を確認してから判断してほしいです。,高齢者・免許返納者,沿岸部,80代,地域説明会
765,朝の便は学生で混み、杖を持って立つのが怖い時があります。高齢者の通院時間と通学時間が重なりすぎない調整をお願いしたいです。 駅周辺の高齢者・免許返納者からは、初めて制度を調べた人からも、利用する時間帯や曜日で困り方が変わるため、試行期間を設けて利用者の声を再確認してほしいです。,高齢者・免許返納者,駅周辺,70代,電話相談
766,バスが遅れているのか、もう通過したのか分からないことがあります。停留所や電話で現在の運行状況を確認できると安心して待てます。 農村集落の高齢者・免許返納者からは、平日昼間に動きづらい人からも、情報の届き方に個人差があるため、対象者に届く案内方法も合わせて検討してほしいです。,高齢者・免許返納者,農村集落,70代,紙アンケート
767,免許返納後の割引制度はありがたいですが、どの路線で使えるのか分かりにくいです。制度と使い方を一枚で見られる案内がほしいです。 中心市街地の高齢者・免許返納者からは、地域活動に関わる人からも、費用負担と手続きの分かりやすさが利用を左右するため、必要な人が使えなくならないよう段階的に見直してほしいです。,高齢者・免許返納者,中心市街地,80代,窓口投稿
768,買い物帰りは荷物が多く、乗り継ぎで長く歩くのが負担です。商業施設と自宅方面を結ぶ便は、短い距離でも直行に近い形が助かります。 郊外住宅地の高齢者・免許返納者からは、同じ立場の利用者からも、地区ごとの距離や交通手段の違いが大きいため、利用実績だけでなく困っている人の声も判断材料にしてほしいです。,高齢者・免許返納者,郊外住宅地,70代,民生委員聞き取り
769,朝のバスが一本遅れると始業に間に合いません。通勤時間帯だけでも本数を確保し、鉄道との接続を時刻表上で分かりやすくしてほしいです。 駅周辺の通勤通学者・保護者からは、別の地区の回答でも、急な予定変更に対応できるかが重要なため、変更後の問い合わせ先と代替手段を分かりやすく示してほしいです。,通勤通学者・保護者,駅周辺,40代,Webアンケート
770,子どもの部活後に帰れる便が少なく、迎えに行けない日は不安です。夕方以降の通学利用を想定した運行を見直してほしいです。 郊外住宅地の通勤通学者・保護者からは、説明会後の意見としても、家族に頼れない場合の選択肢が必要なため、関係する部署や地域団体と連携して改善してほしいです。,通勤通学者・保護者,郊外住宅地,40代,PTA経由
771,保育園の送迎と出勤を両立するには、バス停の位置と時刻が合いません。子育て世帯の移動経路も調査してルートを考えてほしいです。 新興住宅地の通勤通学者・保護者からは、家族や支援者の視点でも、窓口、紙、Webのどれでも確認できることが大切なため、具体的な運用条件まで示してほしいです。,通勤通学者・保護者,新興住宅地,30代,Webアンケート
772,乗り継ぎ前提でもよいですが、待ち時間が二十分を超えると車を選びます。主要停留所では接続便をそろえ、遅延時の扱いも決めてください。 中心市街地の通勤通学者・保護者からは、日常的に利用する人からも、実際の生活動線に合う運用でないと使い続けにくいため、地域別の影響を確認してから判断してほしいです。,通勤通学者・保護者,中心市街地,30代,Webアンケート
773,アプリで時刻検索できると助かりますが、学校から配られる紙の案内も必要です。家庭によって情報の受け取り方が違うことを考えてほしいです。 学区全域の通勤通学者・保護者からは、初めて制度を調べた人からも、利用する時間帯や曜日で困り方が変わるため、試行期間を設けて利用者の声を再確認してほしいです。,通勤通学者・保護者,学区全域,40代,PTA経由
774,雨の日は自転車通学ができず、バスに集中して乗り切れないことがあります。天候による需要増を見込んだ臨時便や混雑情報が必要です。 郊外団地の通勤通学者・保護者からは、平日昼間に動きづらい人からも、情報の届き方に個人差があるため、対象者に届く案内方法も合わせて検討してほしいです。,通勤通学者・保護者,郊外団地,10代,学校アンケート
775,予約型交通は柔軟ですが、通勤では毎回予約する手間が負担です。定期利用者向けに曜日固定の予約やキャンセル通知を整えてほしいです。 農村集落の通勤通学者・保護者からは、地域活動に関わる人からも、費用負担と手続きの分かりやすさが利用を左右するため、必要な人が使えなくならないよう段階的に見直してほしいです。,通勤通学者・保護者,農村集落,50代,Webアンケート
776,帰宅時間が残業で変わるため、最終便が早いと利用を諦めます。毎日でなくても、平日の夜に選択肢が残る運行にしてほしいです。 工業団地周辺の通勤通学者・保護者からは、同じ立場の利用者からも、地区ごとの距離や交通手段の違いが大きいため、利用実績だけでなく困っている人の声も判断材料にしてほしいです。,通勤通学者・保護者,工業団地周辺,30代,Webアンケート
777,高校への直通便がなく、乗り換えでかなり遠回りになります。生徒数の多い方面だけでも登下校時間に合わせた短絡ルートを検討してください。 中山間地域の通勤通学者・保護者からは、別の地区の回答でも、急な予定変更に対応できるかが重要なため、変更後の問い合わせ先と代替手段を分かりやすく示してほしいです。,通勤通学者・保護者,中山間地域,10代,学校アンケート
778,時刻表が複数の会社に分かれていて、初めて使う人には分かりません。市のサイトで目的地別に検索できる統一案内がほしいです。 市内全域の通勤通学者・保護者からは、説明会後の意見としても、家族に頼れない場合の選択肢が必要なため、関係する部署や地域団体と連携して改善してほしいです。,通勤通学者・保護者,市内全域,40代,Webアンケート
779,子どもだけで乗る場合、予約型交通の乗車場所や運転手への伝え方が心配です。保護者へ事前に分かる確認通知を出してほしいです。 郊外住宅地の通勤通学者・保護者からは、家族や支援者の視点でも、窓口、紙、Webのどれでも確認できることが大切なため、具体的な運用条件まで示してほしいです。,通勤通学者・保護者,郊外住宅地,30代,PTA経由
780,駅までの短い移動でも、朝は道路が混んでバスの時間が読めません。遅延を前提にした接続案内やリアルタイム表示を整備してください。 駅周辺の通勤通学者・保護者からは、日常的に利用する人からも、実際の生活動線に合う運用でないと使い続けにくいため、地域別の影響を確認してから判断してほしいです。,通勤通学者・保護者,駅周辺,50代,Webアンケート
781,商店街の利用者は高齢の方が多く、バスが減ると来店そのものが減ります。買い物時間帯に合わせた循環便を維持してほしいです。 商店街の地域事業者・自治会からは、初めて制度を調べた人からも、利用する時間帯や曜日で困り方が変わるため、試行期間を設けて利用者の声を再確認してほしいです。,地域事業者・自治会,商店街,60代,事業者ヒアリング
782,イベント開催日は通常の時刻表では来場者をさばけません。臨時便の予約方法や運行情報を、主催者と早めに共有できる仕組みが必要です。 中心市街地の地域事業者・自治会からは、平日昼間に動きづらい人からも、情報の届き方に個人差があるため、対象者に届く案内方法も合わせて検討してほしいです。,地域事業者・自治会,中心市街地,50代,自治会会議
783,自治会で高齢者の外出支援をしていますが、運行変更の説明が遅いと住民に伝えきれません。地域単位の説明資料を早めに出してください。 農村集落の地域事業者・自治会からは、地域活動に関わる人からも、費用負担と手続きの分かりやすさが利用を左右するため、必要な人が使えなくならないよう段階的に見直してほしいです。,地域事業者・自治会,農村集落,60代,自治会会議
784,デマンド交通を導入するなら、地域の集会所を予約相談の窓口にできます。ただし担当者だけに負担が集中しない運用設計が必要です。 山あい地区の地域事業者・自治会からは、同じ立場の利用者からも、地区ごとの距離や交通手段の違いが大きいため、利用実績だけでなく困っている人の声も判断材料にしてほしいです。,地域事業者・自治会,山あい地区,60代,地域説明会
785,観光客が駅から店舗まで来る手段が少なく、週末だけでも接続が良くなれば回遊が増えます。観光施設との乗り継ぎを意識してほしいです。 観光地区の地域事業者・自治会からは、別の地区の回答でも、急な予定変更に対応できるかが重要なため、変更後の問い合わせ先と代替手段を分かりやすく示してほしいです。,地域事業者・自治会,観光地区,40代,事業者ヒアリング
786,朝夕だけでなく、昼の買い物時間帯に空白があると地域の店は利用されません。生活と商業の両方を支えるダイヤにしてほしいです。 旧市街の地域事業者・自治会からは、説明会後の意見としても、家族に頼れない場合の選択肢が必要なため、関係する部署や地域団体と連携して改善してほしいです。,地域事業者・自治会,旧市街,50代,事業者ヒアリング
787,地域内の停留所名が古い通称のままで、初めて来る人には場所が分かりません。地図、施設名、写真を組み合わせた案内に改善してください。 商店街の地域事業者・自治会からは、家族や支援者の視点でも、窓口、紙、Webのどれでも確認できることが大切なため、具体的な運用条件まで示してほしいです。,地域事業者・自治会,商店街,40代,Webアンケート
788,自治会で移動困難者を把握しても、個別送迎だけでは限界があります。公共交通と地域ボランティアが役割分担できる制度にしてほしいです。 郊外団地の地域事業者・自治会からは、日常的に利用する人からも、実際の生活動線に合う運用でないと使い続けにくいため、地域別の影響を確認してから判断してほしいです。,地域事業者・自治会,郊外団地,70代,自治会会議
789,予約制にする場合、当日朝まで受け付けないと急な通院や買い物に対応できません。空き状況を地域でも確認できる方法があると助かります。 中山間地域の地域事業者・自治会からは、初めて制度を調べた人からも、利用する時間帯や曜日で困り方が変わるため、試行期間を設けて利用者の声を再確認してほしいです。,地域事業者・自治会,中山間地域,50代,地域説明会
790,工業団地の勤務交代時間と路線バスの時刻が合わず、従業員募集にも影響しています。企業側のシフト情報も聞いてダイヤを組んでください。 工業団地周辺の地域事業者・自治会からは、平日昼間に動きづらい人からも、情報の届き方に個人差があるため、対象者に届く案内方法も合わせて検討してほしいです。,地域事業者・自治会,工業団地周辺,50代,事業者ヒアリング
791,地域の会合に来る人が、帰りの便を心配して参加を控えることがあります。夜間は多くなくてよいので、主要行事に合わせた便が必要です。 農村集落の地域事業者・自治会からは、地域活動に関わる人からも、費用負担と手続きの分かりやすさが利用を左右するため、必要な人が使えなくならないよう段階的に見直してほしいです。,地域事業者・自治会,農村集落,60代,自治会会議
792,複数路線の乗り継ぎ拠点を作るなら、待合スペースや案内板も一体で整備してほしいです。単に乗り換え時間を短くするだけでは不十分です。 中心市街地の地域事業者・自治会からは、同じ立場の利用者からも、地区ごとの距離や交通手段の違いが大きいため、利用実績だけでなく困っている人の声も判断材料にしてほしいです。,地域事業者・自治会,中心市街地,50代,地域説明会
793,駅前の病院へ行く便が昼前に集中しており、診察が長引くと帰りの足がなくなります。午後にも高齢者が安心して使える便を残してほしいです。 郊外住宅地の高齢者・免許返納者からは、平日昼間に動きづらい人からも、情報の届き方に個人差があるため、対象者に届く案内方法も合わせて検討してほしいです。,高齢者・免許返納者,郊外住宅地,70代,紙アンケート
794,免許を返してから買い物が一番困っています。週に数回でもスーパーと薬局を回る小型バスがあれば、家族に頼らず暮らせます。 中山間地域の高齢者・免許返納者からは、地域活動に関わる人からも、費用負担と手続きの分かりやすさが利用を左右するため、必要な人が使えなくならないよう段階的に見直してほしいです。,高齢者・免許返納者,中山間地域,80代,民生委員聞き取り
795,予約制の乗合交通は便利そうですが、電話が混んでいると不安です。前日までに予約でき、変更も簡単に伝えられる仕組みにしてほしいです。 農村集落の高齢者・免許返納者からは、同じ立場の利用者からも、地区ごとの距離や交通手段の違いが大きいため、利用実績だけでなく困っている人の声も判断材料にしてほしいです。,高齢者・免許返納者,農村集落,70代,電話相談
796,バス停まで歩く距離が長く、雨の日や冬場は転倒が心配です。集落内にもう少し細かく停車場所を設けるか、玄関先に近い乗降を検討してほしいです。 山あい地区の高齢者・免許返納者からは、別の地区の回答でも、急な予定変更に対応できるかが重要なため、変更後の問い合わせ先と代替手段を分かりやすく示してほしいです。,高齢者・免許返納者,山あい地区,80代,地域説明会
797,時刻表が変わっても掲示だけでは気づきません。自治会の回覧や広報紙で、乗り継ぎ例まで具体的に知らせてもらえると使いやすいです。 旧市街の高齢者・免許返納者からは、説明会後の意見としても、家族に頼れない場合の選択肢が必要なため、関係する部署や地域団体と連携して改善してほしいです。,高齢者・免許返納者,旧市街,70代,紙アンケート
798,病院からコミュニティバスへ乗り継ぐ時間が短く、会計で少し遅れると一時間待ちになります。利用者の動きに合わせた余裕が必要です。 中心市街地の高齢者・免許返納者からは、家族や支援者の視点でも、窓口、紙、Webのどれでも確認できることが大切なため、具体的な運用条件まで示してほしいです。,高齢者・免許返納者,中心市街地,80代,窓口投稿
799,家族が働いている時間帯に移動できないと、結局タクシー代が重くなります。少人数でも利用できる昼間の便を削りすぎないでください。 郊外団地の高齢者・免許返納者からは、日常的に利用する人からも、実際の生活動線に合う運用でないと使い続けにくいため、地域別の影響を確認してから判断してほしいです。,高齢者・免許返納者,郊外団地,70代,紙アンケート
800,スマートフォンで予約と言われても操作に自信がありません。電話、紙の申込、家族による代理予約など複数の方法を用意してほしいです。 沿岸部の高齢者・免許返納者からは、初めて制度を調べた人からも、利用する時間帯や曜日で困り方が変わるため、試行期間を設けて利用者の声を再確認してほしいです。,高齢者・免許返納者,沿岸部,80代,地域説明会
801,朝の便は学生で混み、杖を持って立つのが怖い時があります。高齢者の通院時間と通学時間が重なりすぎない調整をお願いしたいです。 駅周辺の高齢者・免許返納者からは、平日昼間に動きづらい人からも、情報の届き方に個人差があるため、対象者に届く案内方法も合わせて検討してほしいです。,高齢者・免許返納者,駅周辺,70代,電話相談
802,バスが遅れているのか、もう通過したのか分からないことがあります。停留所や電話で現在の運行状況を確認できると安心して待てます。 農村集落の高齢者・免許返納者からは、地域活動に関わる人からも、費用負担と手続きの分かりやすさが利用を左右するため、必要な人が使えなくならないよう段階的に見直してほしいです。,高齢者・免許返納者,農村集落,70代,紙アンケート
803,免許返納後の割引制度はありがたいですが、どの路線で使えるのか分かりにくいです。制度と使い方を一枚で見られる案内がほしいです。 中心市街地の高齢者・免許返納者からは、同じ立場の利用者からも、地区ごとの距離や交通手段の違いが大きいため、利用実績だけでなく困っている人の声も判断材料にしてほしいです。,高齢者・免許返納者,中心市街地,80代,窓口投稿
804,買い物帰りは荷物が多く、乗り継ぎで長く歩くのが負担です。商業施設と自宅方面を結ぶ便は、短い距離でも直行に近い形が助かります。 郊外住宅地の高齢者・免許返納者からは、別の地区の回答でも、急な予定変更に対応できるかが重要なため、変更後の問い合わせ先と代替手段を分かりやすく示してほしいです。,高齢者・免許返納者,郊外住宅地,70代,民生委員聞き取り
805,朝のバスが一本遅れると始業に間に合いません。通勤時間帯だけでも本数を確保し、鉄道との接続を時刻表上で分かりやすくしてほしいです。 駅周辺の通勤通学者・保護者からは、説明会後の意見としても、家族に頼れない場合の選択肢が必要なため、関係する部署や地域団体と連携して改善してほしいです。,通勤通学者・保護者,駅周辺,40代,Webアンケート
806,子どもの部活後に帰れる便が少なく、迎えに行けない日は不安です。夕方以降の通学利用を想定した運行を見直してほしいです。 郊外住宅地の通勤通学者・保護者からは、家族や支援者の視点でも、窓口、紙、Webのどれでも確認できることが大切なため、具体的な運用条件まで示してほしいです。,通勤通学者・保護者,郊外住宅地,40代,PTA経由
807,保育園の送迎と出勤を両立するには、バス停の位置と時刻が合いません。子育て世帯の移動経路も調査してルートを考えてほしいです。 新興住宅地の通勤通学者・保護者からは、日常的に利用する人からも、実際の生活動線に合う運用でないと使い続けにくいため、地域別の影響を確認してから判断してほしいです。,通勤通学者・保護者,新興住宅地,30代,Webアンケート
808,乗り継ぎ前提でもよいですが、待ち時間が二十分を超えると車を選びます。主要停留所では接続便をそろえ、遅延時の扱いも決めてください。 中心市街地の通勤通学者・保護者からは、初めて制度を調べた人からも、利用する時間帯や曜日で困り方が変わるため、試行期間を設けて利用者の声を再確認してほしいです。,通勤通学者・保護者,中心市街地,30代,Webアンケート
809,アプリで時刻検索できると助かりますが、学校から配られる紙の案内も必要です。家庭によって情報の受け取り方が違うことを考えてほしいです。 学区全域の通勤通学者・保護者からは、平日昼間に動きづらい人からも、情報の届き方に個人差があるため、対象者に届く案内方法も合わせて検討してほしいです。,通勤通学者・保護者,学区全域,40代,PTA経由
810,雨の日は自転車通学ができず、バスに集中して乗り切れないことがあります。天候による需要増を見込んだ臨時便や混雑情報が必要です。 郊外団地の通勤通学者・保護者からは、地域活動に関わる人からも、費用負担と手続きの分かりやすさが利用を左右するため、必要な人が使えなくならないよう段階的に見直してほしいです。,通勤通学者・保護者,郊外団地,10代,学校アンケート
811,予約型交通は柔軟ですが、通勤では毎回予約する手間が負担です。定期利用者向けに曜日固定の予約やキャンセル通知を整えてほしいです。 農村集落の通勤通学者・保護者からは、同じ立場の利用者からも、地区ごとの距離や交通手段の違いが大きいため、利用実績だけでなく困っている人の声も判断材料にしてほしいです。,通勤通学者・保護者,農村集落,50代,Webアンケート
812,帰宅時間が残業で変わるため、最終便が早いと利用を諦めます。毎日でなくても、平日の夜に選択肢が残る運行にしてほしいです。 工業団地周辺の通勤通学者・保護者からは、別の地区の回答でも、急な予定変更に対応できるかが重要なため、変更後の問い合わせ先と代替手段を分かりやすく示してほしいです。,通勤通学者・保護者,工業団地周辺,30代,Webアンケート
813,高校への直通便がなく、乗り換えでかなり遠回りになります。生徒数の多い方面だけでも登下校時間に合わせた短絡ルートを検討してください。 中山間地域の通勤通学者・保護者からは、説明会後の意見としても、家族に頼れない場合の選択肢が必要なため、関係する部署や地域団体と連携して改善してほしいです。,通勤通学者・保護者,中山間地域,10代,学校アンケート
814,時刻表が複数の会社に分かれていて、初めて使う人には分かりません。市のサイトで目的地別に検索できる統一案内がほしいです。 市内全域の通勤通学者・保護者からは、家族や支援者の視点でも、窓口、紙、Webのどれでも確認できることが大切なため、具体的な運用条件まで示してほしいです。,通勤通学者・保護者,市内全域,40代,Webアンケート
815,子どもだけで乗る場合、予約型交通の乗車場所や運転手への伝え方が心配です。保護者へ事前に分かる確認通知を出してほしいです。 郊外住宅地の通勤通学者・保護者からは、日常的に利用する人からも、実際の生活動線に合う運用でないと使い続けにくいため、地域別の影響を確認してから判断してほしいです。,通勤通学者・保護者,郊外住宅地,30代,PTA経由
816,駅までの短い移動でも、朝は道路が混んでバスの時間が読めません。遅延を前提にした接続案内やリアルタイム表示を整備してください。 駅周辺の通勤通学者・保護者からは、初めて制度を調べた人からも、利用する時間帯や曜日で困り方が変わるため、試行期間を設けて利用者の声を再確認してほしいです。,通勤通学者・保護者,駅周辺,50代,Webアンケート
817,商店街の利用者は高齢の方が多く、バスが減ると来店そのものが減ります。買い物時間帯に合わせた循環便を維持してほしいです。 商店街の地域事業者・自治会からは、平日昼間に動きづらい人からも、情報の届き方に個人差があるため、対象者に届く案内方法も合わせて検討してほしいです。,地域事業者・自治会,商店街,60代,事業者ヒアリング
818,イベント開催日は通常の時刻表では来場者をさばけません。臨時便の予約方法や運行情報を、主催者と早めに共有できる仕組みが必要です。 中心市街地の地域事業者・自治会からは、地域活動に関わる人からも、費用負担と手続きの分かりやすさが利用を左右するため、必要な人が使えなくならないよう段階的に見直してほしいです。,地域事業者・自治会,中心市街地,50代,自治会会議
819,自治会で高齢者の外出支援をしていますが、運行変更の説明が遅いと住民に伝えきれません。地域単位の説明資料を早めに出してください。 農村集落の地域事業者・自治会からは、同じ立場の利用者からも、地区ごとの距離や交通手段の違いが大きいため、利用実績だけでなく困っている人の声も判断材料にしてほしいです。,地域事業者・自治会,農村集落,60代,自治会会議
820,デマンド交通を導入するなら、地域の集会所を予約相談の窓口にできます。ただし担当者だけに負担が集中しない運用設計が必要です。 山あい地区の地域事業者・自治会からは、別の地区の回答でも、急な予定変更に対応できるかが重要なため、変更後の問い合わせ先と代替手段を分かりやすく示してほしいです。,地域事業者・自治会,山あい地区,60代,地域説明会
821,観光客が駅から店舗まで来る手段が少なく、週末だけでも接続が良くなれば回遊が増えます。観光施設との乗り継ぎを意識してほしいです。 観光地区の地域事業者・自治会からは、説明会後の意見としても、家族に頼れない場合の選択肢が必要なため、関係する部署や地域団体と連携して改善してほしいです。,地域事業者・自治会,観光地区,40代,事業者ヒアリング
822,朝夕だけでなく、昼の買い物時間帯に空白があると地域の店は利用されません。生活と商業の両方を支えるダイヤにしてほしいです。 旧市街の地域事業者・自治会からは、家族や支援者の視点でも、窓口、紙、Webのどれでも確認できることが大切なため、具体的な運用条件まで示してほしいです。,地域事業者・自治会,旧市街,50代,事業者ヒアリング
823,地域内の停留所名が古い通称のままで、初めて来る人には場所が分かりません。地図、施設名、写真を組み合わせた案内に改善してください。 商店街の地域事業者・自治会からは、日常的に利用する人からも、実際の生活動線に合う運用でないと使い続けにくいため、地域別の影響を確認してから判断してほしいです。,地域事業者・自治会,商店街,40代,Webアンケート
824,自治会で移動困難者を把握しても、個別送迎だけでは限界があります。公共交通と地域ボランティアが役割分担できる制度にしてほしいです。 郊外団地の地域事業者・自治会からは、初めて制度を調べた人からも、利用する時間帯や曜日で困り方が変わるため、試行期間を設けて利用者の声を再確認してほしいです。,地域事業者・自治会,郊外団地,70代,自治会会議
825,予約制にする場合、当日朝まで受け付けないと急な通院や買い物に対応できません。空き状況を地域でも確認できる方法があると助かります。 中山間地域の地域事業者・自治会からは、平日昼間に動きづらい人からも、情報の届き方に個人差があるため、対象者に届く案内方法も合わせて検討してほしいです。,地域事業者・自治会,中山間地域,50代,地域説明会
826,工業団地の勤務交代時間と路線バスの時刻が合わず、従業員募集にも影響しています。企業側のシフト情報も聞いてダイヤを組んでください。 工業団地周辺の地域事業者・自治会からは、地域活動に関わる人からも、費用負担と手続きの分かりやすさが利用を左右するため、必要な人が使えなくならないよう段階的に見直してほしいです。,地域事業者・自治会,工業団地周辺,50代,事業者ヒアリング
827,地域の会合に来る人が、帰りの便を心配して参加を控えることがあります。夜間は多くなくてよいので、主要行事に合わせた便が必要です。 農村集落の地域事業者・自治会からは、同じ立場の利用者からも、地区ごとの距離や交通手段の違いが大きいため、利用実績だけでなく困っている人の声も判断材料にしてほしいです。,地域事業者・自治会,農村集落,60代,自治会会議
828,複数路線の乗り継ぎ拠点を作るなら、待合スペースや案内板も一体で整備してほしいです。単に乗り換え時間を短くするだけでは不十分です。 中心市街地の地域事業者・自治会からは、別の地区の回答でも、急な予定変更に対応できるかが重要なため、変更後の問い合わせ先と代替手段を分かりやすく示してほしいです。,地域事業者・自治会,中心市街地,50代,地域説明会
829,駅前の病院へ行く便が昼前に集中しており、診察が長引くと帰りの足がなくなります。午後にも高齢者が安心して使える便を残してほしいです。 郊外住宅地の高齢者・免許返納者からは、地域活動に関わる人からも、費用負担と手続きの分かりやすさが利用を左右するため、必要な人が使えなくならないよう段階的に見直してほしいです。,高齢者・免許返納者,郊外住宅地,70代,紙アンケート
830,免許を返してから買い物が一番困っています。週に数回でもスーパーと薬局を回る小型バスがあれば、家族に頼らず暮らせます。 中山間地域の高齢者・免許返納者からは、同じ立場の利用者からも、地区ごとの距離や交通手段の違いが大きいため、利用実績だけでなく困っている人の声も判断材料にしてほしいです。,高齢者・免許返納者,中山間地域,80代,民生委員聞き取り
831,予約制の乗合交通は便利そうですが、電話が混んでいると不安です。前日までに予約でき、変更も簡単に伝えられる仕組みにしてほしいです。 農村集落の高齢者・免許返納者からは、別の地区の回答でも、急な予定変更に対応できるかが重要なため、変更後の問い合わせ先と代替手段を分かりやすく示してほしいです。,高齢者・免許返納者,農村集落,70代,電話相談
832,バス停まで歩く距離が長く、雨の日や冬場は転倒が心配です。集落内にもう少し細かく停車場所を設けるか、玄関先に近い乗降を検討してほしいです。 山あい地区の高齢者・免許返納者からは、説明会後の意見としても、家族に頼れない場合の選択肢が必要なため、関係する部署や地域団体と連携して改善してほしいです。,高齢者・免許返納者,山あい地区,80代,地域説明会
833,時刻表が変わっても掲示だけでは気づきません。自治会の回覧や広報紙で、乗り継ぎ例まで具体的に知らせてもらえると使いやすいです。 旧市街の高齢者・免許返納者からは、家族や支援者の視点でも、窓口、紙、Webのどれでも確認できることが大切なため、具体的な運用条件まで示してほしいです。,高齢者・免許返納者,旧市街,70代,紙アンケート
834,病院からコミュニティバスへ乗り継ぐ時間が短く、会計で少し遅れると一時間待ちになります。利用者の動きに合わせた余裕が必要です。 中心市街地の高齢者・免許返納者からは、日常的に利用する人からも、実際の生活動線に合う運用でないと使い続けにくいため、地域別の影響を確認してから判断してほしいです。,高齢者・免許返納者,中心市街地,80代,窓口投稿
835,家族が働いている時間帯に移動できないと、結局タクシー代が重くなります。少人数でも利用できる昼間の便を削りすぎないでください。 郊外団地の高齢者・免許返納者からは、初めて制度を調べた人からも、利用する時間帯や曜日で困り方が変わるため、試行期間を設けて利用者の声を再確認してほしいです。,高齢者・免許返納者,郊外団地,70代,紙アンケート
836,スマートフォンで予約と言われても操作に自信がありません。電話、紙の申込、家族による代理予約など複数の方法を用意してほしいです。 沿岸部の高齢者・免許返納者からは、平日昼間に動きづらい人からも、情報の届き方に個人差があるため、対象者に届く案内方法も合わせて検討してほしいです。,高齢者・免許返納者,沿岸部,80代,地域説明会
837,朝の便は学生で混み、杖を持って立つのが怖い時があります。高齢者の通院時間と通学時間が重なりすぎない調整をお願いしたいです。 駅周辺の高齢者・免許返納者からは、地域活動に関わる人からも、費用負担と手続きの分かりやすさが利用を左右するため、必要な人が使えなくならないよう段階的に見直してほしいです。,高齢者・免許返納者,駅周辺,70代,電話相談
838,バスが遅れているのか、もう通過したのか分からないことがあります。停留所や電話で現在の運行状況を確認できると安心して待てます。 農村集落の高齢者・免許返納者からは、同じ立場の利用者からも、地区ごとの距離や交通手段の違いが大きいため、利用実績だけでなく困っている人の声も判断材料にしてほしいです。,高齢者・免許返納者,農村集落,70代,紙アンケート
839,免許返納後の割引制度はありがたいですが、どの路線で使えるのか分かりにくいです。制度と使い方を一枚で見られる案内がほしいです。 中心市街地の高齢者・免許返納者からは、別の地区の回答でも、急な予定変更に対応できるかが重要なため、変更後の問い合わせ先と代替手段を分かりやすく示してほしいです。,高齢者・免許返納者,中心市街地,80代,窓口投稿
840,買い物帰りは荷物が多く、乗り継ぎで長く歩くのが負担です。商業施設と自宅方面を結ぶ便は、短い距離でも直行に近い形が助かります。 郊外住宅地の高齢者・免許返納者からは、説明会後の意見としても、家族に頼れない場合の選択肢が必要なため、関係する部署や地域団体と連携して改善してほしいです。,高齢者・免許返納者,郊外住宅地,70代,民生委員聞き取り
841,朝のバスが一本遅れると始業に間に合いません。通勤時間帯だけでも本数を確保し、鉄道との接続を時刻表上で分かりやすくしてほしいです。 駅周辺の通勤通学者・保護者からは、家族や支援者の視点でも、窓口、紙、Webのどれでも確認できることが大切なため、具体的な運用条件まで示してほしいです。,通勤通学者・保護者,駅周辺,40代,Webアンケート
842,子どもの部活後に帰れる便が少なく、迎えに行けない日は不安です。夕方以降の通学利用を想定した運行を見直してほしいです。 郊外住宅地の通勤通学者・保護者からは、日常的に利用する人からも、実際の生活動線に合う運用でないと使い続けにくいため、地域別の影響を確認してから判断してほしいです。,通勤通学者・保護者,郊外住宅地,40代,PTA経由
843,保育園の送迎と出勤を両立するには、バス停の位置と時刻が合いません。子育て世帯の移動経路も調査してルートを考えてほしいです。 新興住宅地の通勤通学者・保護者からは、初めて制度を調べた人からも、利用する時間帯や曜日で困り方が変わるため、試行期間を設けて利用者の声を再確認してほしいです。,通勤通学者・保護者,新興住宅地,30代,Webアンケート
844,乗り継ぎ前提でもよいですが、待ち時間が二十分を超えると車を選びます。主要停留所では接続便をそろえ、遅延時の扱いも決めてください。 中心市街地の通勤通学者・保護者からは、平日昼間に動きづらい人からも、情報の届き方に個人差があるため、対象者に届く案内方法も合わせて検討してほしいです。,通勤通学者・保護者,中心市街地,30代,Webアンケート
845,アプリで時刻検索できると助かりますが、学校から配られる紙の案内も必要です。家庭によって情報の受け取り方が違うことを考えてほしいです。 学区全域の通勤通学者・保護者からは、地域活動に関わる人からも、費用負担と手続きの分かりやすさが利用を左右するため、必要な人が使えなくならないよう段階的に見直してほしいです。,通勤通学者・保護者,学区全域,40代,PTA経由
846,雨の日は自転車通学ができず、バスに集中して乗り切れないことがあります。天候による需要増を見込んだ臨時便や混雑情報が必要です。 郊外団地の通勤通学者・保護者からは、同じ立場の利用者からも、地区ごとの距離や交通手段の違いが大きいため、利用実績だけでなく困っている人の声も判断材料にしてほしいです。,通勤通学者・保護者,郊外団地,10代,学校アンケート
847,予約型交通は柔軟ですが、通勤では毎回予約する手間が負担です。定期利用者向けに曜日固定の予約やキャンセル通知を整えてほしいです。 農村集落の通勤通学者・保護者からは、別の地区の回答でも、急な予定変更に対応できるかが重要なため、変更後の問い合わせ先と代替手段を分かりやすく示してほしいです。,通勤通学者・保護者,農村集落,50代,Webアンケート
848,帰宅時間が残業で変わるため、最終便が早いと利用を諦めます。毎日でなくても、平日の夜に選択肢が残る運行にしてほしいです。 工業団地周辺の通勤通学者・保護者からは、説明会後の意見としても、家族に頼れない場合の選択肢が必要なため、関係する部署や地域団体と連携して改善してほしいです。,通勤通学者・保護者,工業団地周辺,30代,Webアンケート
849,高校への直通便がなく、乗り換えでかなり遠回りになります。生徒数の多い方面だけでも登下校時間に合わせた短絡ルートを検討してください。 中山間地域の通勤通学者・保護者からは、家族や支援者の視点でも、窓口、紙、Webのどれでも確認できることが大切なため、具体的な運用条件まで示してほしいです。,通勤通学者・保護者,中山間地域,10代,学校アンケート
850,時刻表が複数の会社に分かれていて、初めて使う人には分かりません。市のサイトで目的地別に検索できる統一案内がほしいです。 市内全域の通勤通学者・保護者からは、日常的に利用する人からも、実際の生活動線に合う運用でないと使い続けにくいため、地域別の影響を確認してから判断してほしいです。,通勤通学者・保護者,市内全域,40代,Webアンケート
851,子どもだけで乗る場合、予約型交通の乗車場所や運転手への伝え方が心配です。保護者へ事前に分かる確認通知を出してほしいです。 郊外住宅地の通勤通学者・保護者からは、初めて制度を調べた人からも、利用する時間帯や曜日で困り方が変わるため、試行期間を設けて利用者の声を再確認してほしいです。,通勤通学者・保護者,郊外住宅地,30代,PTA経由
852,駅までの短い移動でも、朝は道路が混んでバスの時間が読めません。遅延を前提にした接続案内やリアルタイム表示を整備してください。 駅周辺の通勤通学者・保護者からは、平日昼間に動きづらい人からも、情報の届き方に個人差があるため、対象者に届く案内方法も合わせて検討してほしいです。,通勤通学者・保護者,駅周辺,50代,Webアンケート
853,商店街の利用者は高齢の方が多く、バスが減ると来店そのものが減ります。買い物時間帯に合わせた循環便を維持してほしいです。 商店街の地域事業者・自治会からは、地域活動に関わる人からも、費用負担と手続きの分かりやすさが利用を左右するため、必要な人が使えなくならないよう段階的に見直してほしいです。,地域事業者・自治会,商店街,60代,事業者ヒアリング
854,イベント開催日は通常の時刻表では来場者をさばけません。臨時便の予約方法や運行情報を、主催者と早めに共有できる仕組みが必要です。 中心市街地の地域事業者・自治会からは、同じ立場の利用者からも、地区ごとの距離や交通手段の違いが大きいため、利用実績だけでなく困っている人の声も判断材料にしてほしいです。,地域事業者・自治会,中心市街地,50代,自治会会議
855,自治会で高齢者の外出支援をしていますが、運行変更の説明が遅いと住民に伝えきれません。地域単位の説明資料を早めに出してください。 農村集落の地域事業者・自治会からは、別の地区の回答でも、急な予定変更に対応できるかが重要なため、変更後の問い合わせ先と代替手段を分かりやすく示してほしいです。,地域事業者・自治会,農村集落,60代,自治会会議
856,デマンド交通を導入するなら、地域の集会所を予約相談の窓口にできます。ただし担当者だけに負担が集中しない運用設計が必要です。 山あい地区の地域事業者・自治会からは、説明会後の意見としても、家族に頼れない場合の選択肢が必要なため、関係する部署や地域団体と連携して改善してほしいです。,地域事業者・自治会,山あい地区,60代,地域説明会
857,観光客が駅から店舗まで来る手段が少なく、週末だけでも接続が良くなれば回遊が増えます。観光施設との乗り継ぎを意識してほしいです。 観光地区の地域事業者・自治会からは、家族や支援者の視点でも、窓口、紙、Webのどれでも確認できることが大切なため、具体的な運用条件まで示してほしいです。,地域事業者・自治会,観光地区,40代,事業者ヒアリング
858,朝夕だけでなく、昼の買い物時間帯に空白があると地域の店は利用されません。生活と商業の両方を支えるダイヤにしてほしいです。 旧市街の地域事業者・自治会からは、日常的に利用する人からも、実際の生活動線に合う運用でないと使い続けにくいため、地域別の影響を確認してから判断してほしいです。,地域事業者・自治会,旧市街,50代,事業者ヒアリング
859,地域内の停留所名が古い通称のままで、初めて来る人には場所が分かりません。地図、施設名、写真を組み合わせた案内に改善してください。 商店街の地域事業者・自治会からは、初めて制度を調べた人からも、利用する時間帯や曜日で困り方が変わるため、試行期間を設けて利用者の声を再確認してほしいです。,地域事業者・自治会,商店街,40代,Webアンケート
860,自治会で移動困難者を把握しても、個別送迎だけでは限界があります。公共交通と地域ボランティアが役割分担できる制度にしてほしいです。 郊外団地の地域事業者・自治会からは、平日昼間に動きづらい人からも、情報の届き方に個人差があるため、対象者に届く案内方法も合わせて検討してほしいです。,地域事業者・自治会,郊外団地,70代,自治会会議
861,予約制にする場合、当日朝まで受け付けないと急な通院や買い物に対応できません。空き状況を地域でも確認できる方法があると助かります。 中山間地域の地域事業者・自治会からは、地域活動に関わる人からも、費用負担と手続きの分かりやすさが利用を左右するため、必要な人が使えなくならないよう段階的に見直してほしいです。,地域事業者・自治会,中山間地域,50代,地域説明会
862,工業団地の勤務交代時間と路線バスの時刻が合わず、従業員募集にも影響しています。企業側のシフト情報も聞いてダイヤを組んでください。 工業団地周辺の地域事業者・自治会からは、同じ立場の利用者からも、地区ごとの距離や交通手段の違いが大きいため、利用実績だけでなく困っている人の声も判断材料にしてほしいです。,地域事業者・自治会,工業団地周辺,50代,事業者ヒアリング
863,地域の会合に来る人が、帰りの便を心配して参加を控えることがあります。夜間は多くなくてよいので、主要行事に合わせた便が必要です。 農村集落の地域事業者・自治会からは、別の地区の回答でも、急な予定変更に対応できるかが重要なため、変更後の問い合わせ先と代替手段を分かりやすく示してほしいです。,地域事業者・自治会,農村集落,60代,自治会会議
864,複数路線の乗り継ぎ拠点を作るなら、待合スペースや案内板も一体で整備してほしいです。単に乗り換え時間を短くするだけでは不十分です。 中心市街地の地域事業者・自治会からは、説明会後の意見としても、家族に頼れない場合の選択肢が必要なため、関係する部署や地域団体と連携して改善してほしいです。,地域事業者・自治会,中心市街地,50代,地域説明会
865,駅前の病院へ行く便が昼前に集中しており、診察が長引くと帰りの足がなくなります。午後にも高齢者が安心して使える便を残してほしいです。 郊外住宅地の高齢者・免許返納者からは、同じ立場の利用者からも、地区ごとの距離や交通手段の違いが大きいため、利用実績だけでなく困っている人の声も判断材料にしてほしいです。,高齢者・免許返納者,郊外住宅地,70代,紙アンケート
866,免許を返してから買い物が一番困っています。週に数回でもスーパーと薬局を回る小型バスがあれば、家族に頼らず暮らせます。 中山間地域の高齢者・免許返納者からは、別の地区の回答でも、急な予定変更に対応できるかが重要なため、変更後の問い合わせ先と代替手段を分かりやすく示してほしいです。,高齢者・免許返納者,中山間地域,80代,民生委員聞き取り
867,予約制の乗合交通は便利そうですが、電話が混んでいると不安です。前日までに予約でき、変更も簡単に伝えられる仕組みにしてほしいです。 農村集落の高齢者・免許返納者からは、説明会後の意見としても、家族に頼れない場合の選択肢が必要なため、関係する部署や地域団体と連携して改善してほしいです。,高齢者・免許返納者,農村集落,70代,電話相談
868,バス停まで歩く距離が長く、雨の日や冬場は転倒が心配です。集落内にもう少し細かく停車場所を設けるか、玄関先に近い乗降を検討してほしいです。 山あい地区の高齢者・免許返納者からは、家族や支援者の視点でも、窓口、紙、Webのどれでも確認できることが大切なため、具体的な運用条件まで示してほしいです。,高齢者・免許返納者,山あい地区,80代,地域説明会
869,時刻表が変わっても掲示だけでは気づきません。自治会の回覧や広報紙で、乗り継ぎ例まで具体的に知らせてもらえると使いやすいです。 旧市街の高齢者・免許返納者からは、日常的に利用する人からも、実際の生活動線に合う運用でないと使い続けにくいため、地域別の影響を確認してから判断してほしいです。,高齢者・免許返納者,旧市街,70代,紙アンケート
870,病院からコミュニティバスへ乗り継ぐ時間が短く、会計で少し遅れると一時間待ちになります。利用者の動きに合わせた余裕が必要です。 中心市街地の高齢者・免許返納者からは、初めて制度を調べた人からも、利用する時間帯や曜日で困り方が変わるため、試行期間を設けて利用者の声を再確認してほしいです。,高齢者・免許返納者,中心市街地,80代,窓口投稿
871,家族が働いている時間帯に移動できないと、結局タクシー代が重くなります。少人数でも利用できる昼間の便を削りすぎないでください。 郊外団地の高齢者・免許返納者からは、平日昼間に動きづらい人からも、情報の届き方に個人差があるため、対象者に届く案内方法も合わせて検討してほしいです。,高齢者・免許返納者,郊外団地,70代,紙アンケート
872,スマートフォンで予約と言われても操作に自信がありません。電話、紙の申込、家族による代理予約など複数の方法を用意してほしいです。 沿岸部の高齢者・免許返納者からは、地域活動に関わる人からも、費用負担と手続きの分かりやすさが利用を左右するため、必要な人が使えなくならないよう段階的に見直してほしいです。,高齢者・免許返納者,沿岸部,80代,地域説明会
873,朝の便は学生で混み、杖を持って立つのが怖い時があります。高齢者の通院時間と通学時間が重なりすぎない調整をお願いしたいです。 駅周辺の高齢者・免許返納者からは、同じ立場の利用者からも、地区ごとの距離や交通手段の違いが大きいため、利用実績だけでなく困っている人の声も判断材料にしてほしいです。,高齢者・免許返納者,駅周辺,70代,電話相談
874,バスが遅れているのか、もう通過したのか分からないことがあります。停留所や電話で現在の運行状況を確認できると安心して待てます。 農村集落の高齢者・免許返納者からは、別の地区の回答でも、急な予定変更に対応できるかが重要なため、変更後の問い合わせ先と代替手段を分かりやすく示してほしいです。,高齢者・免許返納者,農村集落,70代,紙アンケート
875,免許返納後の割引制度はありがたいですが、どの路線で使えるのか分かりにくいです。制度と使い方を一枚で見られる案内がほしいです。 中心市街地の高齢者・免許返納者からは、説明会後の意見としても、家族に頼れない場合の選択肢が必要なため、関係する部署や地域団体と連携して改善してほしいです。,高齢者・免許返納者,中心市街地,80代,窓口投稿
876,買い物帰りは荷物が多く、乗り継ぎで長く歩くのが負担です。商業施設と自宅方面を結ぶ便は、短い距離でも直行に近い形が助かります。 郊外住宅地の高齢者・免許返納者からは、家族や支援者の視点でも、窓口、紙、Webのどれでも確認できることが大切なため、具体的な運用条件まで示してほしいです。,高齢者・免許返納者,郊外住宅地,70代,民生委員聞き取り
877,朝のバスが一本遅れると始業に間に合いません。通勤時間帯だけでも本数を確保し、鉄道との接続を時刻表上で分かりやすくしてほしいです。 駅周辺の通勤通学者・保護者からは、日常的に利用する人からも、実際の生活動線に合う運用でないと使い続けにくいため、地域別の影響を確認してから判断してほしいです。,通勤通学者・保護者,駅周辺,40代,Webアンケート
878,子どもの部活後に帰れる便が少なく、迎えに行けない日は不安です。夕方以降の通学利用を想定した運行を見直してほしいです。 郊外住宅地の通勤通学者・保護者からは、初めて制度を調べた人からも、利用する時間帯や曜日で困り方が変わるため、試行期間を設けて利用者の声を再確認してほしいです。,通勤通学者・保護者,郊外住宅地,40代,PTA経由
879,保育園の送迎と出勤を両立するには、バス停の位置と時刻が合いません。子育て世帯の移動経路も調査してルートを考えてほしいです。 新興住宅地の通勤通学者・保護者からは、平日昼間に動きづらい人からも、情報の届き方に個人差があるため、対象者に届く案内方法も合わせて検討してほしいです。,通勤通学者・保護者,新興住宅地,30代,Webアンケート
880,乗り継ぎ前提でもよいですが、待ち時間が二十分を超えると車を選びます。主要停留所では接続便をそろえ、遅延時の扱いも決めてください。 中心市街地の通勤通学者・保護者からは、地域活動に関わる人からも、費用負担と手続きの分かりやすさが利用を左右するため、必要な人が使えなくならないよう段階的に見直してほしいです。,通勤通学者・保護者,中心市街地,30代,Webアンケート
881,アプリで時刻検索できると助かりますが、学校から配られる紙の案内も必要です。家庭によって情報の受け取り方が違うことを考えてほしいです。 学区全域の通勤通学者・保護者からは、同じ立場の利用者からも、地区ごとの距離や交通手段の違いが大きいため、利用実績だけでなく困っている人の声も判断材料にしてほしいです。,通勤通学者・保護者,学区全域,40代,PTA経由
882,雨の日は自転車通学ができず、バスに集中して乗り切れないことがあります。天候による需要増を見込んだ臨時便や混雑情報が必要です。 郊外団地の通勤通学者・保護者からは、別の地区の回答でも、急な予定変更に対応できるかが重要なため、変更後の問い合わせ先と代替手段を分かりやすく示してほしいです。,通勤通学者・保護者,郊外団地,10代,学校アンケート
883,予約型交通は柔軟ですが、通勤では毎回予約する手間が負担です。定期利用者向けに曜日固定の予約やキャンセル通知を整えてほしいです。 農村集落の通勤通学者・保護者からは、説明会後の意見としても、家族に頼れない場合の選択肢が必要なため、関係する部署や地域団体と連携して改善してほしいです。,通勤通学者・保護者,農村集落,50代,Webアンケート
884,帰宅時間が残業で変わるため、最終便が早いと利用を諦めます。毎日でなくても、平日の夜に選択肢が残る運行にしてほしいです。 工業団地周辺の通勤通学者・保護者からは、家族や支援者の視点でも、窓口、紙、Webのどれでも確認できることが大切なため、具体的な運用条件まで示してほしいです。,通勤通学者・保護者,工業団地周辺,30代,Webアンケート
885,高校への直通便がなく、乗り換えでかなり遠回りになります。生徒数の多い方面だけでも登下校時間に合わせた短絡ルートを検討してください。 中山間地域の通勤通学者・保護者からは、日常的に利用する人からも、実際の生活動線に合う運用でないと使い続けにくいため、地域別の影響を確認してから判断してほしいです。,通勤通学者・保護者,中山間地域,10代,学校アンケート
886,時刻表が複数の会社に分かれていて、初めて使う人には分かりません。市のサイトで目的地別に検索できる統一案内がほしいです。 市内全域の通勤通学者・保護者からは、初めて制度を調べた人からも、利用する時間帯や曜日で困り方が変わるため、試行期間を設けて利用者の声を再確認してほしいです。,通勤通学者・保護者,市内全域,40代,Webアンケート
887,子どもだけで乗る場合、予約型交通の乗車場所や運転手への伝え方が心配です。保護者へ事前に分かる確認通知を出してほしいです。 郊外住宅地の通勤通学者・保護者からは、平日昼間に動きづらい人からも、情報の届き方に個人差があるため、対象者に届く案内方法も合わせて検討してほしいです。,通勤通学者・保護者,郊外住宅地,30代,PTA経由
888,駅までの短い移動でも、朝は道路が混んでバスの時間が読めません。遅延を前提にした接続案内やリアルタイム表示を整備してください。 駅周辺の通勤通学者・保護者からは、地域活動に関わる人からも、費用負担と手続きの分かりやすさが利用を左右するため、必要な人が使えなくならないよう段階的に見直してほしいです。,通勤通学者・保護者,駅周辺,50代,Webアンケート
889,商店街の利用者は高齢の方が多く、バスが減ると来店そのものが減ります。買い物時間帯に合わせた循環便を維持してほしいです。 商店街の地域事業者・自治会からは、同じ立場の利用者からも、地区ごとの距離や交通手段の違いが大きいため、利用実績だけでなく困っている人の声も判断材料にしてほしいです。,地域事業者・自治会,商店街,60代,事業者ヒアリング
890,イベント開催日は通常の時刻表では来場者をさばけません。臨時便の予約方法や運行情報を、主催者と早めに共有できる仕組みが必要です。 中心市街地の地域事業者・自治会からは、別の地区の回答でも、急な予定変更に対応できるかが重要なため、変更後の問い合わせ先と代替手段を分かりやすく示してほしいです。,地域事業者・自治会,中心市街地,50代,自治会会議
891,自治会で高齢者の外出支援をしていますが、運行変更の説明が遅いと住民に伝えきれません。地域単位の説明資料を早めに出してください。 農村集落の地域事業者・自治会からは、説明会後の意見としても、家族に頼れない場合の選択肢が必要なため、関係する部署や地域団体と連携して改善してほしいです。,地域事業者・自治会,農村集落,60代,自治会会議
892,デマンド交通を導入するなら、地域の集会所を予約相談の窓口にできます。ただし担当者だけに負担が集中しない運用設計が必要です。 山あい地区の地域事業者・自治会からは、家族や支援者の視点でも、窓口、紙、Webのどれでも確認できることが大切なため、具体的な運用条件まで示してほしいです。,地域事業者・自治会,山あい地区,60代,地域説明会
893,観光客が駅から店舗まで来る手段が少なく、週末だけでも接続が良くなれば回遊が増えます。観光施設との乗り継ぎを意識してほしいです。 観光地区の地域事業者・自治会からは、日常的に利用する人からも、実際の生活動線に合う運用でないと使い続けにくいため、地域別の影響を確認してから判断してほしいです。,地域事業者・自治会,観光地区,40代,事業者ヒアリング
894,朝夕だけでなく、昼の買い物時間帯に空白があると地域の店は利用されません。生活と商業の両方を支えるダイヤにしてほしいです。 旧市街の地域事業者・自治会からは、初めて制度を調べた人からも、利用する時間帯や曜日で困り方が変わるため、試行期間を設けて利用者の声を再確認してほしいです。,地域事業者・自治会,旧市街,50代,事業者ヒアリング
895,地域内の停留所名が古い通称のままで、初めて来る人には場所が分かりません。地図、施設名、写真を組み合わせた案内に改善してください。 商店街の地域事業者・自治会からは、平日昼間に動きづらい人からも、情報の届き方に個人差があるため、対象者に届く案内方法も合わせて検討してほしいです。,地域事業者・自治会,商店街,40代,Webアンケート
896,自治会で移動困難者を把握しても、個別送迎だけでは限界があります。公共交通と地域ボランティアが役割分担できる制度にしてほしいです。 郊外団地の地域事業者・自治会からは、地域活動に関わる人からも、費用負担と手続きの分かりやすさが利用を左右するため、必要な人が使えなくならないよう段階的に見直してほしいです。,地域事業者・自治会,郊外団地,70代,自治会会議
897,予約制にする場合、当日朝まで受け付けないと急な通院や買い物に対応できません。空き状況を地域でも確認できる方法があると助かります。 中山間地域の地域事業者・自治会からは、同じ立場の利用者からも、地区ごとの距離や交通手段の違いが大きいため、利用実績だけでなく困っている人の声も判断材料にしてほしいです。,地域事業者・自治会,中山間地域,50代,地域説明会
898,工業団地の勤務交代時間と路線バスの時刻が合わず、従業員募集にも影響しています。企業側のシフト情報も聞いてダイヤを組んでください。 工業団地周辺の地域事業者・自治会からは、別の地区の回答でも、急な予定変更に対応できるかが重要なため、変更後の問い合わせ先と代替手段を分かりやすく示してほしいです。,地域事業者・自治会,工業団地周辺,50代,事業者ヒアリング
899,地域の会合に来る人が、帰りの便を心配して参加を控えることがあります。夜間は多くなくてよいので、主要行事に合わせた便が必要です。 農村集落の地域事業者・自治会からは、説明会後の意見としても、家族に頼れない場合の選択肢が必要なため、関係する部署や地域団体と連携して改善してほしいです。,地域事業者・自治会,農村集落,60代,自治会会議
900,複数路線の乗り継ぎ拠点を作るなら、待合スペースや案内板も一体で整備してほしいです。単に乗り換え時間を短くするだけでは不十分です。 中心市街地の地域事業者・自治会からは、家族や支援者の視点でも、窓口、紙、Webのどれでも確認できることが大切なため、具体的な運用条件まで示してほしいです。,地域事業者・自治会,中心市街地,50代,地域説明会
901,駅前の病院へ行く便が昼前に集中しており、診察が長引くと帰りの足がなくなります。午後にも高齢者が安心して使える便を残してほしいです。 郊外住宅地の高齢者・免許返納者からは、別の地区の回答でも、急な予定変更に対応できるかが重要なため、変更後の問い合わせ先と代替手段を分かりやすく示してほしいです。,高齢者・免許返納者,郊外住宅地,70代,紙アンケート
902,免許を返してから買い物が一番困っています。週に数回でもスーパーと薬局を回る小型バスがあれば、家族に頼らず暮らせます。 中山間地域の高齢者・免許返納者からは、説明会後の意見としても、家族に頼れない場合の選択肢が必要なため、関係する部署や地域団体と連携して改善してほしいです。,高齢者・免許返納者,中山間地域,80代,民生委員聞き取り
903,予約制の乗合交通は便利そうですが、電話が混んでいると不安です。前日までに予約でき、変更も簡単に伝えられる仕組みにしてほしいです。 農村集落の高齢者・免許返納者からは、家族や支援者の視点でも、窓口、紙、Webのどれでも確認できることが大切なため、具体的な運用条件まで示してほしいです。,高齢者・免許返納者,農村集落,70代,電話相談
904,バス停まで歩く距離が長く、雨の日や冬場は転倒が心配です。集落内にもう少し細かく停車場所を設けるか、玄関先に近い乗降を検討してほしいです。 山あい地区の高齢者・免許返納者からは、日常的に利用する人からも、実際の生活動線に合う運用でないと使い続けにくいため、地域別の影響を確認してから判断してほしいです。,高齢者・免許返納者,山あい地区,80代,地域説明会
905,時刻表が変わっても掲示だけでは気づきません。自治会の回覧や広報紙で、乗り継ぎ例まで具体的に知らせてもらえると使いやすいです。 旧市街の高齢者・免許返納者からは、初めて制度を調べた人からも、利用する時間帯や曜日で困り方が変わるため、試行期間を設けて利用者の声を再確認してほしいです。,高齢者・免許返納者,旧市街,70代,紙アンケート
906,病院からコミュニティバスへ乗り継ぐ時間が短く、会計で少し遅れると一時間待ちになります。利用者の動きに合わせた余裕が必要です。 中心市街地の高齢者・免許返納者からは、平日昼間に動きづらい人からも、情報の届き方に個人差があるため、対象者に届く案内方法も合わせて検討してほしいです。,高齢者・免許返納者,中心市街地,80代,窓口投稿
907,家族が働いている時間帯に移動できないと、結局タクシー代が重くなります。少人数でも利用できる昼間の便を削りすぎないでください。 郊外団地の高齢者・免許返納者からは、地域活動に関わる人からも、費用負担と手続きの分かりやすさが利用を左右するため、必要な人が使えなくならないよう段階的に見直してほしいです。,高齢者・免許返納者,郊外団地,70代,紙アンケート
908,スマートフォンで予約と言われても操作に自信がありません。電話、紙の申込、家族による代理予約など複数の方法を用意してほしいです。 沿岸部の高齢者・免許返納者からは、同じ立場の利用者からも、地区ごとの距離や交通手段の違いが大きいため、利用実績だけでなく困っている人の声も判断材料にしてほしいです。,高齢者・免許返納者,沿岸部,80代,地域説明会
909,朝の便は学生で混み、杖を持って立つのが怖い時があります。高齢者の通院時間と通学時間が重なりすぎない調整をお願いしたいです。 駅周辺の高齢者・免許返納者からは、別の地区の回答でも、急な予定変更に対応できるかが重要なため、変更後の問い合わせ先と代替手段を分かりやすく示してほしいです。,高齢者・免許返納者,駅周辺,70代,電話相談
910,バスが遅れているのか、もう通過したのか分からないことがあります。停留所や電話で現在の運行状況を確認できると安心して待てます。 農村集落の高齢者・免許返納者からは、説明会後の意見としても、家族に頼れない場合の選択肢が必要なため、関係する部署や地域団体と連携して改善してほしいです。,高齢者・免許返納者,農村集落,70代,紙アンケート
911,免許返納後の割引制度はありがたいですが、どの路線で使えるのか分かりにくいです。制度と使い方を一枚で見られる案内がほしいです。 中心市街地の高齢者・免許返納者からは、家族や支援者の視点でも、窓口、紙、Webのどれでも確認できることが大切なため、具体的な運用条件まで示してほしいです。,高齢者・免許返納者,中心市街地,80代,窓口投稿
912,買い物帰りは荷物が多く、乗り継ぎで長く歩くのが負担です。商業施設と自宅方面を結ぶ便は、短い距離でも直行に近い形が助かります。 郊外住宅地の高齢者・免許返納者からは、日常的に利用する人からも、実際の生活動線に合う運用でないと使い続けにくいため、地域別の影響を確認してから判断してほしいです。,高齢者・免許返納者,郊外住宅地,70代,民生委員聞き取り
913,朝のバスが一本遅れると始業に間に合いません。通勤時間帯だけでも本数を確保し、鉄道との接続を時刻表上で分かりやすくしてほしいです。 駅周辺の通勤通学者・保護者からは、初めて制度を調べた人からも、利用する時間帯や曜日で困り方が変わるため、試行期間を設けて利用者の声を再確認してほしいです。,通勤通学者・保護者,駅周辺,40代,Webアンケート
914,子どもの部活後に帰れる便が少なく、迎えに行けない日は不安です。夕方以降の通学利用を想定した運行を見直してほしいです。 郊外住宅地の通勤通学者・保護者からは、平日昼間に動きづらい人からも、情報の届き方に個人差があるため、対象者に届く案内方法も合わせて検討してほしいです。,通勤通学者・保護者,郊外住宅地,40代,PTA経由
915,保育園の送迎と出勤を両立するには、バス停の位置と時刻が合いません。子育て世帯の移動経路も調査してルートを考えてほしいです。 新興住宅地の通勤通学者・保護者からは、地域活動に関わる人からも、費用負担と手続きの分かりやすさが利用を左右するため、必要な人が使えなくならないよう段階的に見直してほしいです。,通勤通学者・保護者,新興住宅地,30代,Webアンケート
916,乗り継ぎ前提でもよいですが、待ち時間が二十分を超えると車を選びます。主要停留所では接続便をそろえ、遅延時の扱いも決めてください。 中心市街地の通勤通学者・保護者からは、同じ立場の利用者からも、地区ごとの距離や交通手段の違いが大きいため、利用実績だけでなく困っている人の声も判断材料にしてほしいです。,通勤通学者・保護者,中心市街地,30代,Webアンケート
917,アプリで時刻検索できると助かりますが、学校から配られる紙の案内も必要です。家庭によって情報の受け取り方が違うことを考えてほしいです。 学区全域の通勤通学者・保護者からは、別の地区の回答でも、急な予定変更に対応できるかが重要なため、変更後の問い合わせ先と代替手段を分かりやすく示してほしいです。,通勤通学者・保護者,学区全域,40代,PTA経由
918,雨の日は自転車通学ができず、バスに集中して乗り切れないことがあります。天候による需要増を見込んだ臨時便や混雑情報が必要です。 郊外団地の通勤通学者・保護者からは、説明会後の意見としても、家族に頼れない場合の選択肢が必要なため、関係する部署や地域団体と連携して改善してほしいです。,通勤通学者・保護者,郊外団地,10代,学校アンケート
919,予約型交通は柔軟ですが、通勤では毎回予約する手間が負担です。定期利用者向けに曜日固定の予約やキャンセル通知を整えてほしいです。 農村集落の通勤通学者・保護者からは、家族や支援者の視点でも、窓口、紙、Webのどれでも確認できることが大切なため、具体的な運用条件まで示してほしいです。,通勤通学者・保護者,農村集落,50代,Webアンケート
920,帰宅時間が残業で変わるため、最終便が早いと利用を諦めます。毎日でなくても、平日の夜に選択肢が残る運行にしてほしいです。 工業団地周辺の通勤通学者・保護者からは、日常的に利用する人からも、実際の生活動線に合う運用でないと使い続けにくいため、地域別の影響を確認してから判断してほしいです。,通勤通学者・保護者,工業団地周辺,30代,Webアンケート
921,高校への直通便がなく、乗り換えでかなり遠回りになります。生徒数の多い方面だけでも登下校時間に合わせた短絡ルートを検討してください。 中山間地域の通勤通学者・保護者からは、初めて制度を調べた人からも、利用する時間帯や曜日で困り方が変わるため、試行期間を設けて利用者の声を再確認してほしいです。,通勤通学者・保護者,中山間地域,10代,学校アンケート
922,時刻表が複数の会社に分かれていて、初めて使う人には分かりません。市のサイトで目的地別に検索できる統一案内がほしいです。 市内全域の通勤通学者・保護者からは、平日昼間に動きづらい人からも、情報の届き方に個人差があるため、対象者に届く案内方法も合わせて検討してほしいです。,通勤通学者・保護者,市内全域,40代,Webアンケート
923,子どもだけで乗る場合、予約型交通の乗車場所や運転手への伝え方が心配です。保護者へ事前に分かる確認通知を出してほしいです。 郊外住宅地の通勤通学者・保護者からは、地域活動に関わる人からも、費用負担と手続きの分かりやすさが利用を左右するため、必要な人が使えなくならないよう段階的に見直してほしいです。,通勤通学者・保護者,郊外住宅地,30代,PTA経由
924,駅までの短い移動でも、朝は道路が混んでバスの時間が読めません。遅延を前提にした接続案内やリアルタイム表示を整備してください。 駅周辺の通勤通学者・保護者からは、同じ立場の利用者からも、地区ごとの距離や交通手段の違いが大きいため、利用実績だけでなく困っている人の声も判断材料にしてほしいです。,通勤通学者・保護者,駅周辺,50代,Webアンケート
925,商店街の利用者は高齢の方が多く、バスが減ると来店そのものが減ります。買い物時間帯に合わせた循環便を維持してほしいです。 商店街の地域事業者・自治会からは、別の地区の回答でも、急な予定変更に対応できるかが重要なため、変更後の問い合わせ先と代替手段を分かりやすく示してほしいです。,地域事業者・自治会,商店街,60代,事業者ヒアリング
926,イベント開催日は通常の時刻表では来場者をさばけません。臨時便の予約方法や運行情報を、主催者と早めに共有できる仕組みが必要です。 中心市街地の地域事業者・自治会からは、説明会後の意見としても、家族に頼れない場合の選択肢が必要なため、関係する部署や地域団体と連携して改善してほしいです。,地域事業者・自治会,中心市街地,50代,自治会会議
927,自治会で高齢者の外出支援をしていますが、運行変更の説明が遅いと住民に伝えきれません。地域単位の説明資料を早めに出してください。 農村集落の地域事業者・自治会からは、家族や支援者の視点でも、窓口、紙、Webのどれでも確認できることが大切なため、具体的な運用条件まで示してほしいです。,地域事業者・自治会,農村集落,60代,自治会会議
928,デマンド交通を導入するなら、地域の集会所を予約相談の窓口にできます。ただし担当者だけに負担が集中しない運用設計が必要です。 山あい地区の地域事業者・自治会からは、日常的に利用する人からも、実際の生活動線に合う運用でないと使い続けにくいため、地域別の影響を確認してから判断してほしいです。,地域事業者・自治会,山あい地区,60代,地域説明会
929,観光客が駅から店舗まで来る手段が少なく、週末だけでも接続が良くなれば回遊が増えます。観光施設との乗り継ぎを意識してほしいです。 観光地区の地域事業者・自治会からは、初めて制度を調べた人からも、利用する時間帯や曜日で困り方が変わるため、試行期間を設けて利用者の声を再確認してほしいです。,地域事業者・自治会,観光地区,40代,事業者ヒアリング
930,朝夕だけでなく、昼の買い物時間帯に空白があると地域の店は利用されません。生活と商業の両方を支えるダイヤにしてほしいです。 旧市街の地域事業者・自治会からは、平日昼間に動きづらい人からも、情報の届き方に個人差があるため、対象者に届く案内方法も合わせて検討してほしいです。,地域事業者・自治会,旧市街,50代,事業者ヒアリング
931,地域内の停留所名が古い通称のままで、初めて来る人には場所が分かりません。地図、施設名、写真を組み合わせた案内に改善してください。 商店街の地域事業者・自治会からは、地域活動に関わる人からも、費用負担と手続きの分かりやすさが利用を左右するため、必要な人が使えなくならないよう段階的に見直してほしいです。,地域事業者・自治会,商店街,40代,Webアンケート
932,自治会で移動困難者を把握しても、個別送迎だけでは限界があります。公共交通と地域ボランティアが役割分担できる制度にしてほしいです。 郊外団地の地域事業者・自治会からは、同じ立場の利用者からも、地区ごとの距離や交通手段の違いが大きいため、利用実績だけでなく困っている人の声も判断材料にしてほしいです。,地域事業者・自治会,郊外団地,70代,自治会会議
933,予約制にする場合、当日朝まで受け付けないと急な通院や買い物に対応できません。空き状況を地域でも確認できる方法があると助かります。 中山間地域の地域事業者・自治会からは、別の地区の回答でも、急な予定変更に対応できるかが重要なため、変更後の問い合わせ先と代替手段を分かりやすく示してほしいです。,地域事業者・自治会,中山間地域,50代,地域説明会
934,工業団地の勤務交代時間と路線バスの時刻が合わず、従業員募集にも影響しています。企業側のシフト情報も聞いてダイヤを組んでください。 工業団地周辺の地域事業者・自治会からは、説明会後の意見としても、家族に頼れない場合の選択肢が必要なため、関係する部署や地域団体と連携して改善してほしいです。,地域事業者・自治会,工業団地周辺,50代,事業者ヒアリング
935,地域の会合に来る人が、帰りの便を心配して参加を控えることがあります。夜間は多くなくてよいので、主要行事に合わせた便が必要です。 農村集落の地域事業者・自治会からは、家族や支援者の視点でも、窓口、紙、Webのどれでも確認できることが大切なため、具体的な運用条件まで示してほしいです。,地域事業者・自治会,農村集落,60代,自治会会議
936,複数路線の乗り継ぎ拠点を作るなら、待合スペースや案内板も一体で整備してほしいです。単に乗り換え時間を短くするだけでは不十分です。 中心市街地の地域事業者・自治会からは、日常的に利用する人からも、実際の生活動線に合う運用でないと使い続けにくいため、地域別の影響を確認してから判断してほしいです。,地域事業者・自治会,中心市街地,50代,地域説明会
937,駅前の病院へ行く便が昼前に集中しており、診察が長引くと帰りの足がなくなります。午後にも高齢者が安心して使える便を残してほしいです。 郊外住宅地の高齢者・免許返納者からは、説明会後の意見としても、家族に頼れない場合の選択肢が必要なため、関係する部署や地域団体と連携して改善してほしいです。,高齢者・免許返納者,郊外住宅地,70代,紙アンケート
938,免許を返してから買い物が一番困っています。週に数回でもスーパーと薬局を回る小型バスがあれば、家族に頼らず暮らせます。 中山間地域の高齢者・免許返納者からは、家族や支援者の視点でも、窓口、紙、Webのどれでも確認できることが大切なため、具体的な運用条件まで示してほしいです。,高齢者・免許返納者,中山間地域,80代,民生委員聞き取り
939,予約制の乗合交通は便利そうですが、電話が混んでいると不安です。前日までに予約でき、変更も簡単に伝えられる仕組みにしてほしいです。 農村集落の高齢者・免許返納者からは、日常的に利用する人からも、実際の生活動線に合う運用でないと使い続けにくいため、地域別の影響を確認してから判断してほしいです。,高齢者・免許返納者,農村集落,70代,電話相談
940,バス停まで歩く距離が長く、雨の日や冬場は転倒が心配です。集落内にもう少し細かく停車場所を設けるか、玄関先に近い乗降を検討してほしいです。 山あい地区の高齢者・免許返納者からは、初めて制度を調べた人からも、利用する時間帯や曜日で困り方が変わるため、試行期間を設けて利用者の声を再確認してほしいです。,高齢者・免許返納者,山あい地区,80代,地域説明会
941,時刻表が変わっても掲示だけでは気づきません。自治会の回覧や広報紙で、乗り継ぎ例まで具体的に知らせてもらえると使いやすいです。 旧市街の高齢者・免許返納者からは、平日昼間に動きづらい人からも、情報の届き方に個人差があるため、対象者に届く案内方法も合わせて検討してほしいです。,高齢者・免許返納者,旧市街,70代,紙アンケート
942,病院からコミュニティバスへ乗り継ぐ時間が短く、会計で少し遅れると一時間待ちになります。利用者の動きに合わせた余裕が必要です。 中心市街地の高齢者・免許返納者からは、地域活動に関わる人からも、費用負担と手続きの分かりやすさが利用を左右するため、必要な人が使えなくならないよう段階的に見直してほしいです。,高齢者・免許返納者,中心市街地,80代,窓口投稿
943,家族が働いている時間帯に移動できないと、結局タクシー代が重くなります。少人数でも利用できる昼間の便を削りすぎないでください。 郊外団地の高齢者・免許返納者からは、同じ立場の利用者からも、地区ごとの距離や交通手段の違いが大きいため、利用実績だけでなく困っている人の声も判断材料にしてほしいです。,高齢者・免許返納者,郊外団地,70代,紙アンケート
944,スマートフォンで予約と言われても操作に自信がありません。電話、紙の申込、家族による代理予約など複数の方法を用意してほしいです。 沿岸部の高齢者・免許返納者からは、別の地区の回答でも、急な予定変更に対応できるかが重要なため、変更後の問い合わせ先と代替手段を分かりやすく示してほしいです。,高齢者・免許返納者,沿岸部,80代,地域説明会
945,朝の便は学生で混み、杖を持って立つのが怖い時があります。高齢者の通院時間と通学時間が重なりすぎない調整をお願いしたいです。 駅周辺の高齢者・免許返納者からは、説明会後の意見としても、家族に頼れない場合の選択肢が必要なため、関係する部署や地域団体と連携して改善してほしいです。,高齢者・免許返納者,駅周辺,70代,電話相談
946,バスが遅れているのか、もう通過したのか分からないことがあります。停留所や電話で現在の運行状況を確認できると安心して待てます。 農村集落の高齢者・免許返納者からは、家族や支援者の視点でも、窓口、紙、Webのどれでも確認できることが大切なため、具体的な運用条件まで示してほしいです。,高齢者・免許返納者,農村集落,70代,紙アンケート
947,免許返納後の割引制度はありがたいですが、どの路線で使えるのか分かりにくいです。制度と使い方を一枚で見られる案内がほしいです。 中心市街地の高齢者・免許返納者からは、日常的に利用する人からも、実際の生活動線に合う運用でないと使い続けにくいため、地域別の影響を確認してから判断してほしいです。,高齢者・免許返納者,中心市街地,80代,窓口投稿
948,買い物帰りは荷物が多く、乗り継ぎで長く歩くのが負担です。商業施設と自宅方面を結ぶ便は、短い距離でも直行に近い形が助かります。 郊外住宅地の高齢者・免許返納者からは、初めて制度を調べた人からも、利用する時間帯や曜日で困り方が変わるため、試行期間を設けて利用者の声を再確認してほしいです。,高齢者・免許返納者,郊外住宅地,70代,民生委員聞き取り
949,朝のバスが一本遅れると始業に間に合いません。通勤時間帯だけでも本数を確保し、鉄道との接続を時刻表上で分かりやすくしてほしいです。 駅周辺の通勤通学者・保護者からは、平日昼間に動きづらい人からも、情報の届き方に個人差があるため、対象者に届く案内方法も合わせて検討してほしいです。,通勤通学者・保護者,駅周辺,40代,Webアンケート
950,子どもの部活後に帰れる便が少なく、迎えに行けない日は不安です。夕方以降の通学利用を想定した運行を見直してほしいです。 郊外住宅地の通勤通学者・保護者からは、地域活動に関わる人からも、費用負担と手続きの分かりやすさが利用を左右するため、必要な人が使えなくならないよう段階的に見直してほしいです。,通勤通学者・保護者,郊外住宅地,40代,PTA経由
951,保育園の送迎と出勤を両立するには、バス停の位置と時刻が合いません。子育て世帯の移動経路も調査してルートを考えてほしいです。 新興住宅地の通勤通学者・保護者からは、同じ立場の利用者からも、地区ごとの距離や交通手段の違いが大きいため、利用実績だけでなく困っている人の声も判断材料にしてほしいです。,通勤通学者・保護者,新興住宅地,30代,Webアンケート
952,乗り継ぎ前提でもよいですが、待ち時間が二十分を超えると車を選びます。主要停留所では接続便をそろえ、遅延時の扱いも決めてください。 中心市街地の通勤通学者・保護者からは、別の地区の回答でも、急な予定変更に対応できるかが重要なため、変更後の問い合わせ先と代替手段を分かりやすく示してほしいです。,通勤通学者・保護者,中心市街地,30代,Webアンケート
953,アプリで時刻検索できると助かりますが、学校から配られる紙の案内も必要です。家庭によって情報の受け取り方が違うことを考えてほしいです。 学区全域の通勤通学者・保護者からは、説明会後の意見としても、家族に頼れない場合の選択肢が必要なため、関係する部署や地域団体と連携して改善してほしいです。,通勤通学者・保護者,学区全域,40代,PTA経由
954,雨の日は自転車通学ができず、バスに集中して乗り切れないことがあります。天候による需要増を見込んだ臨時便や混雑情報が必要です。 郊外団地の通勤通学者・保護者からは、家族や支援者の視点でも、窓口、紙、Webのどれでも確認できることが大切なため、具体的な運用条件まで示してほしいです。,通勤通学者・保護者,郊外団地,10代,学校アンケート
955,予約型交通は柔軟ですが、通勤では毎回予約する手間が負担です。定期利用者向けに曜日固定の予約やキャンセル通知を整えてほしいです。 農村集落の通勤通学者・保護者からは、日常的に利用する人からも、実際の生活動線に合う運用でないと使い続けにくいため、地域別の影響を確認してから判断してほしいです。,通勤通学者・保護者,農村集落,50代,Webアンケート
956,帰宅時間が残業で変わるため、最終便が早いと利用を諦めます。毎日でなくても、平日の夜に選択肢が残る運行にしてほしいです。 工業団地周辺の通勤通学者・保護者からは、初めて制度を調べた人からも、利用する時間帯や曜日で困り方が変わるため、試行期間を設けて利用者の声を再確認してほしいです。,通勤通学者・保護者,工業団地周辺,30代,Webアンケート
957,高校への直通便がなく、乗り換えでかなり遠回りになります。生徒数の多い方面だけでも登下校時間に合わせた短絡ルートを検討してください。 中山間地域の通勤通学者・保護者からは、平日昼間に動きづらい人からも、情報の届き方に個人差があるため、対象者に届く案内方法も合わせて検討してほしいです。,通勤通学者・保護者,中山間地域,10代,学校アンケート
958,時刻表が複数の会社に分かれていて、初めて使う人には分かりません。市のサイトで目的地別に検索できる統一案内がほしいです。 市内全域の通勤通学者・保護者からは、地域活動に関わる人からも、費用負担と手続きの分かりやすさが利用を左右するため、必要な人が使えなくならないよう段階的に見直してほしいです。,通勤通学者・保護者,市内全域,40代,Webアンケート
959,子どもだけで乗る場合、予約型交通の乗車場所や運転手への伝え方が心配です。保護者へ事前に分かる確認通知を出してほしいです。 郊外住宅地の通勤通学者・保護者からは、同じ立場の利用者からも、地区ごとの距離や交通手段の違いが大きいため、利用実績だけでなく困っている人の声も判断材料にしてほしいです。,通勤通学者・保護者,郊外住宅地,30代,PTA経由
960,駅までの短い移動でも、朝は道路が混んでバスの時間が読めません。遅延を前提にした接続案内やリアルタイム表示を整備してください。 駅周辺の通勤通学者・保護者からは、別の地区の回答でも、急な予定変更に対応できるかが重要なため、変更後の問い合わせ先と代替手段を分かりやすく示してほしいです。,通勤通学者・保護者,駅周辺,50代,Webアンケート
961,商店街の利用者は高齢の方が多く、バスが減ると来店そのものが減ります。買い物時間帯に合わせた循環便を維持してほしいです。 商店街の地域事業者・自治会からは、説明会後の意見としても、家族に頼れない場合の選択肢が必要なため、関係する部署や地域団体と連携して改善してほしいです。,地域事業者・自治会,商店街,60代,事業者ヒアリング
962,イベント開催日は通常の時刻表では来場者をさばけません。臨時便の予約方法や運行情報を、主催者と早めに共有できる仕組みが必要です。 中心市街地の地域事業者・自治会からは、家族や支援者の視点でも、窓口、紙、Webのどれでも確認できることが大切なため、具体的な運用条件まで示してほしいです。,地域事業者・自治会,中心市街地,50代,自治会会議
963,自治会で高齢者の外出支援をしていますが、運行変更の説明が遅いと住民に伝えきれません。地域単位の説明資料を早めに出してください。 農村集落の地域事業者・自治会からは、日常的に利用する人からも、実際の生活動線に合う運用でないと使い続けにくいため、地域別の影響を確認してから判断してほしいです。,地域事業者・自治会,農村集落,60代,自治会会議
964,デマンド交通を導入するなら、地域の集会所を予約相談の窓口にできます。ただし担当者だけに負担が集中しない運用設計が必要です。 山あい地区の地域事業者・自治会からは、初めて制度を調べた人からも、利用する時間帯や曜日で困り方が変わるため、試行期間を設けて利用者の声を再確認してほしいです。,地域事業者・自治会,山あい地区,60代,地域説明会
965,観光客が駅から店舗まで来る手段が少なく、週末だけでも接続が良くなれば回遊が増えます。観光施設との乗り継ぎを意識してほしいです。 観光地区の地域事業者・自治会からは、平日昼間に動きづらい人からも、情報の届き方に個人差があるため、対象者に届く案内方法も合わせて検討してほしいです。,地域事業者・自治会,観光地区,40代,事業者ヒアリング
966,朝夕だけでなく、昼の買い物時間帯に空白があると地域の店は利用されません。生活と商業の両方を支えるダイヤにしてほしいです。 旧市街の地域事業者・自治会からは、地域活動に関わる人からも、費用負担と手続きの分かりやすさが利用を左右するため、必要な人が使えなくならないよう段階的に見直してほしいです。,地域事業者・自治会,旧市街,50代,事業者ヒアリング
967,地域内の停留所名が古い通称のままで、初めて来る人には場所が分かりません。地図、施設名、写真を組み合わせた案内に改善してください。 商店街の地域事業者・自治会からは、同じ立場の利用者からも、地区ごとの距離や交通手段の違いが大きいため、利用実績だけでなく困っている人の声も判断材料にしてほしいです。,地域事業者・自治会,商店街,40代,Webアンケート
968,自治会で移動困難者を把握しても、個別送迎だけでは限界があります。公共交通と地域ボランティアが役割分担できる制度にしてほしいです。 郊外団地の地域事業者・自治会からは、別の地区の回答でも、急な予定変更に対応できるかが重要なため、変更後の問い合わせ先と代替手段を分かりやすく示してほしいです。,地域事業者・自治会,郊外団地,70代,自治会会議
969,予約制にする場合、当日朝まで受け付けないと急な通院や買い物に対応できません。空き状況を地域でも確認できる方法があると助かります。 中山間地域の地域事業者・自治会からは、説明会後の意見としても、家族に頼れない場合の選択肢が必要なため、関係する部署や地域団体と連携して改善してほしいです。,地域事業者・自治会,中山間地域,50代,地域説明会
970,工業団地の勤務交代時間と路線バスの時刻が合わず、従業員募集にも影響しています。企業側のシフト情報も聞いてダイヤを組んでください。 工業団地周辺の地域事業者・自治会からは、家族や支援者の視点でも、窓口、紙、Webのどれでも確認できることが大切なため、具体的な運用条件まで示してほしいです。,地域事業者・自治会,工業団地周辺,50代,事業者ヒアリング
971,地域の会合に来る人が、帰りの便を心配して参加を控えることがあります。夜間は多くなくてよいので、主要行事に合わせた便が必要です。 農村集落の地域事業者・自治会からは、日常的に利用する人からも、実際の生活動線に合う運用でないと使い続けにくいため、地域別の影響を確認してから判断してほしいです。,地域事業者・自治会,農村集落,60代,自治会会議
972,複数路線の乗り継ぎ拠点を作るなら、待合スペースや案内板も一体で整備してほしいです。単に乗り換え時間を短くするだけでは不十分です。 中心市街地の地域事業者・自治会からは、初めて制度を調べた人からも、利用する時間帯や曜日で困り方が変わるため、試行期間を設けて利用者の声を再確認してほしいです。,地域事業者・自治会,中心市街地,50代,地域説明会
973,駅前の病院へ行く便が昼前に集中しており、診察が長引くと帰りの足がなくなります。午後にも高齢者が安心して使える便を残してほしいです。 郊外住宅地の高齢者・免許返納者からは、家族や支援者の視点でも、窓口、紙、Webのどれでも確認できることが大切なため、具体的な運用条件まで示してほしいです。,高齢者・免許返納者,郊外住宅地,70代,紙アンケート
974,免許を返してから買い物が一番困っています。週に数回でもスーパーと薬局を回る小型バスがあれば、家族に頼らず暮らせます。 中山間地域の高齢者・免許返納者からは、日常的に利用する人からも、実際の生活動線に合う運用でないと使い続けにくいため、地域別の影響を確認してから判断してほしいです。,高齢者・免許返納者,中山間地域,80代,民生委員聞き取り
975,予約制の乗合交通は便利そうですが、電話が混んでいると不安です。前日までに予約でき、変更も簡単に伝えられる仕組みにしてほしいです。 農村集落の高齢者・免許返納者からは、初めて制度を調べた人からも、利用する時間帯や曜日で困り方が変わるため、試行期間を設けて利用者の声を再確認してほしいです。,高齢者・免許返納者,農村集落,70代,電話相談
976,バス停まで歩く距離が長く、雨の日や冬場は転倒が心配です。集落内にもう少し細かく停車場所を設けるか、玄関先に近い乗降を検討してほしいです。 山あい地区の高齢者・免許返納者からは、平日昼間に動きづらい人からも、情報の届き方に個人差があるため、対象者に届く案内方法も合わせて検討してほしいです。,高齢者・免許返納者,山あい地区,80代,地域説明会
977,時刻表が変わっても掲示だけでは気づきません。自治会の回覧や広報紙で、乗り継ぎ例まで具体的に知らせてもらえると使いやすいです。 旧市街の高齢者・免許返納者からは、地域活動に関わる人からも、費用負担と手続きの分かりやすさが利用を左右するため、必要な人が使えなくならないよう段階的に見直してほしいです。,高齢者・免許返納者,旧市街,70代,紙アンケート
978,病院からコミュニティバスへ乗り継ぐ時間が短く、会計で少し遅れると一時間待ちになります。利用者の動きに合わせた余裕が必要です。 中心市街地の高齢者・免許返納者からは、同じ立場の利用者からも、地区ごとの距離や交通手段の違いが大きいため、利用実績だけでなく困っている人の声も判断材料にしてほしいです。,高齢者・免許返納者,中心市街地,80代,窓口投稿
979,家族が働いている時間帯に移動できないと、結局タクシー代が重くなります。少人数でも利用できる昼間の便を削りすぎないでください。 郊外団地の高齢者・免許返納者からは、別の地区の回答でも、急な予定変更に対応できるかが重要なため、変更後の問い合わせ先と代替手段を分かりやすく示してほしいです。,高齢者・免許返納者,郊外団地,70代,紙アンケート
980,スマートフォンで予約と言われても操作に自信がありません。電話、紙の申込、家族による代理予約など複数の方法を用意してほしいです。 沿岸部の高齢者・免許返納者からは、説明会後の意見としても、家族に頼れない場合の選択肢が必要なため、関係する部署や地域団体と連携して改善してほしいです。,高齢者・免許返納者,沿岸部,80代,地域説明会
981,朝の便は学生で混み、杖を持って立つのが怖い時があります。高齢者の通院時間と通学時間が重なりすぎない調整をお願いしたいです。 駅周辺の高齢者・免許返納者からは、家族や支援者の視点でも、窓口、紙、Webのどれでも確認できることが大切なため、具体的な運用条件まで示してほしいです。,高齢者・免許返納者,駅周辺,70代,電話相談
982,バスが遅れているのか、もう通過したのか分からないことがあります。停留所や電話で現在の運行状況を確認できると安心して待てます。 農村集落の高齢者・免許返納者からは、日常的に利用する人からも、実際の生活動線に合う運用でないと使い続けにくいため、地域別の影響を確認してから判断してほしいです。,高齢者・免許返納者,農村集落,70代,紙アンケート
983,免許返納後の割引制度はありがたいですが、どの路線で使えるのか分かりにくいです。制度と使い方を一枚で見られる案内がほしいです。 中心市街地の高齢者・免許返納者からは、初めて制度を調べた人からも、利用する時間帯や曜日で困り方が変わるため、試行期間を設けて利用者の声を再確認してほしいです。,高齢者・免許返納者,中心市街地,80代,窓口投稿
984,買い物帰りは荷物が多く、乗り継ぎで長く歩くのが負担です。商業施設と自宅方面を結ぶ便は、短い距離でも直行に近い形が助かります。 郊外住宅地の高齢者・免許返納者からは、平日昼間に動きづらい人からも、情報の届き方に個人差があるため、対象者に届く案内方法も合わせて検討してほしいです。,高齢者・免許返納者,郊外住宅地,70代,民生委員聞き取り
985,朝のバスが一本遅れると始業に間に合いません。通勤時間帯だけでも本数を確保し、鉄道との接続を時刻表上で分かりやすくしてほしいです。 駅周辺の通勤通学者・保護者からは、地域活動に関わる人からも、費用負担と手続きの分かりやすさが利用を左右するため、必要な人が使えなくならないよう段階的に見直してほしいです。,通勤通学者・保護者,駅周辺,40代,Webアンケート
986,子どもの部活後に帰れる便が少なく、迎えに行けない日は不安です。夕方以降の通学利用を想定した運行を見直してほしいです。 郊外住宅地の通勤通学者・保護者からは、同じ立場の利用者からも、地区ごとの距離や交通手段の違いが大きいため、利用実績だけでなく困っている人の声も判断材料にしてほしいです。,通勤通学者・保護者,郊外住宅地,40代,PTA経由
987,保育園の送迎と出勤を両立するには、バス停の位置と時刻が合いません。子育て世帯の移動経路も調査してルートを考えてほしいです。 新興住宅地の通勤通学者・保護者からは、別の地区の回答でも、急な予定変更に対応できるかが重要なため、変更後の問い合わせ先と代替手段を分かりやすく示してほしいです。,通勤通学者・保護者,新興住宅地,30代,Webアンケート
988,乗り継ぎ前提でもよいですが、待ち時間が二十分を超えると車を選びます。主要停留所では接続便をそろえ、遅延時の扱いも決めてください。 中心市街地の通勤通学者・保護者からは、説明会後の意見としても、家族に頼れない場合の選択肢が必要なため、関係する部署や地域団体と連携して改善してほしいです。,通勤通学者・保護者,中心市街地,30代,Webアンケート
989,アプリで時刻検索できると助かりますが、学校から配られる紙の案内も必要です。家庭によって情報の受け取り方が違うことを考えてほしいです。 学区全域の通勤通学者・保護者からは、家族や支援者の視点でも、窓口、紙、Webのどれでも確認できることが大切なため、具体的な運用条件まで示してほしいです。,通勤通学者・保護者,学区全域,40代,PTA経由
990,雨の日は自転車通学ができず、バスに集中して乗り切れないことがあります。天候による需要増を見込んだ臨時便や混雑情報が必要です。 郊外団地の通勤通学者・保護者からは、日常的に利用する人からも、実際の生活動線に合う運用でないと使い続けにくいため、地域別の影響を確認してから判断してほしいです。,通勤通学者・保護者,郊外団地,10代,学校アンケート
991,予約型交通は柔軟ですが、通勤では毎回予約する手間が負担です。定期利用者向けに曜日固定の予約やキャンセル通知を整えてほしいです。 農村集落の通勤通学者・保護者からは、初めて制度を調べた人からも、利用する時間帯や曜日で困り方が変わるため、試行期間を設けて利用者の声を再確認してほしいです。,通勤通学者・保護者,農村集落,50代,Webアンケート
992,帰宅時間が残業で変わるため、最終便が早いと利用を諦めます。毎日でなくても、平日の夜に選択肢が残る運行にしてほしいです。 工業団地周辺の通勤通学者・保護者からは、平日昼間に動きづらい人からも、情報の届き方に個人差があるため、対象者に届く案内方法も合わせて検討してほしいです。,通勤通学者・保護者,工業団地周辺,30代,Webアンケート
993,高校への直通便がなく、乗り換えでかなり遠回りになります。生徒数の多い方面だけでも登下校時間に合わせた短絡ルートを検討してください。 中山間地域の通勤通学者・保護者からは、地域活動に関わる人からも、費用負担と手続きの分かりやすさが利用を左右するため、必要な人が使えなくならないよう段階的に見直してほしいです。,通勤通学者・保護者,中山間地域,10代,学校アンケート
994,時刻表が複数の会社に分かれていて、初めて使う人には分かりません。市のサイトで目的地別に検索できる統一案内がほしいです。 市内全域の通勤通学者・保護者からは、同じ立場の利用者からも、地区ごとの距離や交通手段の違いが大きいため、利用実績だけでなく困っている人の声も判断材料にしてほしいです。,通勤通学者・保護者,市内全域,40代,Webアンケート
995,子どもだけで乗る場合、予約型交通の乗車場所や運転手への伝え方が心配です。保護者へ事前に分かる確認通知を出してほしいです。 郊外住宅地の通勤通学者・保護者からは、別の地区の回答でも、急な予定変更に対応できるかが重要なため、変更後の問い合わせ先と代替手段を分かりやすく示してほしいです。,通勤通学者・保護者,郊外住宅地,30代,PTA経由
996,駅までの短い移動でも、朝は道路が混んでバスの時間が読めません。遅延を前提にした接続案内やリアルタイム表示を整備してください。 駅周辺の通勤通学者・保護者からは、説明会後の意見としても、家族に頼れない場合の選択肢が必要なため、関係する部署や地域団体と連携して改善してほしいです。,通勤通学者・保護者,駅周辺,50代,Webアンケート
997,商店街の利用者は高齢の方が多く、バスが減ると来店そのものが減ります。買い物時間帯に合わせた循環便を維持してほしいです。 商店街の地域事業者・自治会からは、家族や支援者の視点でも、窓口、紙、Webのどれでも確認できることが大切なため、具体的な運用条件まで示してほしいです。,地域事業者・自治会,商店街,60代,事業者ヒアリング
998,イベント開催日は通常の時刻表では来場者をさばけません。臨時便の予約方法や運行情報を、主催者と早めに共有できる仕組みが必要です。 中心市街地の地域事業者・自治会からは、日常的に利用する人からも、実際の生活動線に合う運用でないと使い続けにくいため、地域別の影響を確認してから判断してほしいです。,地域事業者・自治会,中心市街地,50代,自治会会議
999,自治会で高齢者の外出支援をしていますが、運行変更の説明が遅いと住民に伝えきれません。地域単位の説明資料を早めに出してください。 農村集落の地域事業者・自治会からは、初めて制度を調べた人からも、利用する時間帯や曜日で困り方が変わるため、試行期間を設けて利用者の声を再確認してほしいです。,地域事業者・自治会,農村集落,60代,自治会会議
1000,デマンド交通を導入するなら、地域の集会所を予約相談の窓口にできます。ただし担当者だけに負担が集中しない運用設計が必要です。 山あい地区の地域事業者・自治会からは、平日昼間に動きづらい人からも、情報の届き方に個人差があるため、対象者に届く案内方法も合わせて検討してほしいです。,地域事業者・自治会,山あい地区,60代,地域説明会
